Key,Item Type,Publication Year,Author,Title,Data Source (Parameterization),Model Objective (optional),Sensitivity Analysis,Publication Title,ISBN,ISSN,DOI,Url,Abstract Note,Who?,Date,Date Added,Date Modified,Access Date,Pages,Num Pages,Issue,Volume,Journal Abbreviation,Short Title,Series,Series Number,Series Text,Series Title,Publisher,Place,Language,Rights,Type,Archive,Archive Location,Library Catalog,Call Number,Extra,Notes,File Attachments,Link Attachments,Manual Tags,Automatic Tags,Editor,Series Editor,Translator,Contributor,Attorney Agent,Book Author
9D8JUUVQ,journalArticle,2024,E. Alvarez; J. G. Brida; N. Garrido,Crowding Types and Price Dynamics in Tourism Destinations Choice,Theoretical (literature),"Exploratory, Decision Support / Policy Evaluation","NA, Exploratory / Scenario-based",IEEE Transactions on Computational Social Systems,,2329-924X     VO  - 11,10.1109/TCSS.2022.3230201,,"This article analyzes how the preferences of tourists for types of resorts, crowding types of tourists, and the pricing strategies of the resorts interact to determine the occupancy rate, price, and distribution of welfare in the market of resorts. The model captures the process of acquisition of information of the consumers for making the choice of resorts and a dynamic strategy adopted by the resorts to manage their revenue. After describing the difficulties to introduce an analytical description of the model, an agent-based model (ABM) is presented to explore the properties of the market. The study shows that crowding types of tourists in destinations together with a very simple revenue management heuristic can produce counterintuitive results affecting the distribution of surplus in the markets. When all the managers in a market overreact by raising prices as consequence of a high occupancy rate, they appropriate a larger portion of the surplus of the market. When managers are risk-averse and rapidly reduce prices when occupancy is low, they deliver more welfare to tourists.",Thiago,2024,2026-03-17 21:30:23,2026-03-17 21:30:23,,197-206,,1,11,IEEE Transactions on Computational Social Systems,,,,,,,,,,,,rayyan-448617803,,,,,,,Costs; price dynamics; complex systems; Analytical models; Adaptation models; Complex systems; Games; Behavioral sciences; Agent-based models (ABMs); crowding types; Pricing; tourism destinations,,,,,,,
GG8VFJQX,journalArticle,2025,L. M. Pantoja-Rojas; M. A. Alzate-Monroy; V. H. Medina-Garcãa; L. G. Moreno-Sandoval,Cognitive Agent-Based Modeling to Optimize Complex Project Management Under Uncertainty,Theoretical (literature),Exploratory,"Global (Variance-based), Global (Screening)",IEEE Access,,2169-3536     VO  - 13,10.1109/ACCESS.2025.3588816,,"This paper presents an agent-based simulation model with cognitive elements, developed to explore strategies for managing complex projects under uncertainty. The model was implemented using NetLogo, which provided a matrix-structured environment where agents—identified as assigners and workers—interact based on factors such as expertise level, intensity of collaboration, frequency of task rotation, and workload balance. The system was simulated over 100 time steps, allowing the identification of behavioral patterns related to organizational learning and performance under varied experimental conditions. Methodologically, the model integrates mechanisms for distributing tasks, rules for agent assignment, adjustable collaboration ranges, and decision-making based on utility functions. Cognitive aspects are addressed through decentralized decision processes and adaptive behaviors that evolve during the simulation. A total of eight configurations were analyzed, varying turnover rates, collaboration distances, and the initial competencies of the agents to assess how these variables influence the accumulation of experience and project effectiveness. The results indicate that when agents build up experience over time, project outcomes improve, following a growth curve with diminishing marginal returns. Conversely, high turnover interferes with knowledge retention and weakens learning processes. Additionally, too much collaboration can overwhelm highly connected agents, thereby decreasing the system’s overall efficiency. Statistical validation was carried out through ANOVA and Spearman’s correlation tests, confirming the consistency and relevance of the observed effects. Overall, the study underscores the importance of organizational continuity and the thoughtful design of collaboration parameters to achieve efficient performance in complex project settings. The proposed model serves as a useful framework for examining how task distribution, talent retention, and interaction patterns can be optimized, and it opens the door to future developments involving more advanced cognitive modeling techniques.",Thiago,2025,2026-03-17 21:30:23,2026-03-17 21:30:23,,127263-127279,,,13,IEEE Access,,,,,,,,,,,,rayyan-448617858,,,,,C:\Users\Thiago\Zotero\storage\8V9GC9YF\L. M. Pantoja-Rojas et al. - 2025 - Cognitive Agent-Based Modeling to Optimize Complex Project Management Under Uncertainty.pdf,,Simulation; Uncertainty; Agent-based modeling; Decision making; Costs; adaptation; Adaptation models; Collaboration; Project management; Complexity theory; Adaptive systems; Complex systems; knowledge management; personnel management; project analysis,,,,,,,
9CLYR4IQ,journalArticle,2025,"S-Alotibi, Y.S.",A socio-technical agent-based simulation model for predicting smart agriculture adoption dynamics,"Theoretical (literature), Empirical (macro)","Predictive, Decision Support / Policy Evaluation","Exploratory / Scenario-based, Regression / Statistical Inference",Scientific Reports,,,10.1038/s41598-025-27523-7,https://www.scopus.com/inward/record.uri?eid=2-s2.0-105024365660&doi=10.1038%2Fs41598-025-27523-7&partnerID=40&md5=a8bffe4241207ec605d554203b9140a5,"Traditional technology adoption models in agriculture fail to adequately capture the complex interplay of socio-technical factors that drive farmer decision-making, resulting in limited predictive accuracy and insufficient understanding of diffusion dynamics. Existing approaches predominantly rely on static econometric frameworks or simplified diffusion models that overlook the dynamic social interactions, trust networks, and heterogeneous decision-making processes that characterize real-world agricultural technology adoption. This gap hinders effective policy design and technology deployment strategies. To address these limitations, this paper presents AdoptAgriSim, a Socio-Technical Agent-Based Simulation Model for Predicting Smart Agriculture Adoption Dynamics, which integrates economic, social, and technological dimensions into a unified framework. The model employs multi-agent reinforcement learning and socio-economic network modelling to capture how individual farmers, peer networks, and market forces interact during the diffusion of technology. AdoptAgriSim incorporates a multi-objective decision mechanism that balances rational economic reasoning with social learning shaped by trust-based network structures. Using three real-world datasets from Iowa (USA), Europe, and India, the model achieves 94.2% prediction accuracy for five-year adoption intervals, outperforming existing diffusion and econometric models. It effectively reproduces emergent adoption behaviours such as technology clustering, peer-driven influence cascades, and region-specific diffusion trajectories. Significant contributions include1: a socio-technical model integrating multi-dimensional decision factors2; a reinforcement-based optimiser that accounts for both economic and non-economic objectives3; dynamic network evolution mechanisms reflecting real-world social interactions; and4 extensive validation across diverse agricultural contexts. Results show that social factors contribute 34% more to adoption variance than previously estimated, underscoring the centrality of peer influence and trust networks in accelerating the diffusion of technology. The proposed framework offers valuable insights for policymakers and technology designers, highlighting that strengthening social connectivity and targeted network interventions can substantially accelerate sustainable agricultural transformation. © The Author(s) 2025.",Thiago,2025,2026-03-17 21:30:23,2026-03-17 21:30:23,,,,1,15,,,,,,,,,,,,,rayyan-448617909,,,,,,,Agent-based modeling; Agricultural innovation; Multi-agent reinforcement learning; Precision farming; Simulation modeling; Smart agriculture; Social networks; Socio-technical systems; Technology adoption,,,,,,,
NWY6NVW2,journalArticle,2025,"Kolic, B.; Cebrían, M.; Ucar, I.; Lillo, R.E.",Incentivized network dynamics in digital job recruitment,Hybrid,"Exploratory, Theoretical / Illustrative",Exploratory / Scenario-based,Journal of Complex Networks,,,10.1093/comnet/cnaf047,https://www.scopus.com/inward/record.uri?eid=2-s2.0-105022513451&doi=10.1093%2Fcomnet%2Fcnaf047&partnerID=40&md5=e68f71ffb6280dc4927ffa99b1d1d48e,"Recruiting passive candidates, i.e. individuals not actively seeking jobs but open to compelling opportunities, remains one of the hardest challenges in digital recruitment. Motivated by a real collaboration with an industry partner, we introduce the Independent Halting Cascade (IHC) model: a simple but rich agent-based framework that couples network diffusion with the possibility of halting through job applications. Agents can either recommend vacancies to peers or apply themselves, and incentives increase the likelihood of recommendation, mobilizing otherwise passive candidates. The IHC bridges research on social network diffusion, coordinated task completion, and labor economics by modeling heterogeneous skills, job specificities, and network structures, including homophily. We derive analytical boundaries that characterize diffusion and failure regimes, and we show through simulations that the IHC reproduces the empirical chain-length distributions of Travers and Milgram and Dodds with only coarse calibration. Across synthetic (ER, BA, homophilic) and real networks (SMS, e-mail, Twitter), the IHC achieves comparable or higher success rates than direct-recommendation baselines, while requiring fewer applicants. Our findings suggest that the IHC captures core mechanisms of coordinated task completion, offering both a theoretical contribution and a practical foundation for recruitment systems designed to reach and engage passive candidates. © 2025 The Author(s). Published by Oxford University Press. All rights reserved.",Thiago,2025,2026-03-17 21:30:23,2026-03-17 21:30:23,,,,6,13,,,,,,,,,,,,,rayyan-448617911,,,,,C:\Users\Thiago\Zotero\storage\K3TMVVWJ\Kolic et al. - 2025 - Incentivized network dynamics in digital job recruitment.pdf,,agent-based modeling; coordinated task completion; digital hiring; economic incentives; independent halting cascade (IHC) model; information propagation; job recruitment; network diffusion; passive candidates; social networks,,,,,,,
KJMJV45A,journalArticle,2025,"de Keyser, E.; Farahbakhsh, S.; Mathijs, E.; Vranken, L.",Farmers’ decision-making dynamics in bio-based fertilizer adoption: an agent-based model,Empirical (micro),Exploratory,Exploratory / Scenario-based,Agricultural and Food Economics,,,10.1186/s40100-025-00374-6,https://www.scopus.com/inward/record.uri?eid=2-s2.0-105008688394&doi=10.1186%2Fs40100-025-00374-6&partnerID=40&md5=f9c9c0eae7932f4eab3159d4358cb618,"Bio-based fertilizer production can provide a technological solution to recover nutrients from organic waste streams while simultaneously offering an alternative to mineral fertilizers. Several researchers have investigated farmer preferences regarding bio-based fertilizers, but how bio-based fertilizer adoption might evolve with changing social and economic contexts remains uncertain. This study takes on an agent-based approach coupled with a linear programming framework to account for rational and behavioral factors. To explore the impact of parameters such as social networks and increases in energy prices on the adoption of bio-based fertilizers, we consider the decision-making process of farmers and the specifications of two main business models: stewardship based on farmers groupings and functionality-based existing intermunicipal companies. Results show both business models can be viable and their resulting bio-based fertilizers can be preferred by farmers; however, their attractiveness is conditioned to different parameter configurations. For example, when energy prices increase, farmers may prefer a functionality business model led by an intermunicipal company rather than leading the production themselves. Regarding the farmers’ decision-making dynamics, results provide insights into the distribution of decision strategies, showing that farmers end up either repeating their previous decisions or economically optimizing their fertilizer use. Overall, based on the results, we argue that there is a promising case for anaerobically digesting and composting crop residues in cooperation with waste treatment companies. The study strengthens the idea that bio-based fertilizers can play a role in conventional Flemish horticulture. The findings will be of interest to policymakers, informing them about the relevant parameters to be considered in the design of policies targeting nutrient circularity or identifying alternatives to mineral fertilizers and manure. © The Author(s) 2025.",Thiago,2025,2026-03-17 21:30:23,2026-03-17 21:30:23,,,,1,13,,,,,,,,,,,,,rayyan-448617927,,,,,C:\Users\Thiago\Zotero\storage\A5GI4GHR\de Keyser et al. - 2025 - Farmers’ decision-making dynamics in bio-based fertilizer adoption an agent-based model.pdf,,Agent-based model; Anaerobic digestion; Bio-based fertilizers; Business models; Composting,,,,,,,
F9LTUUF9,journalArticle,2025,"Best, K.; Gilligan, J.; Mallick, B.",Economic inequality is a crucial determinant of observed patterns of environmental migration,"Empirical (micro), Hybrid","Exploratory, Explanatory","Global (Variance-based), Exploratory / Scenario-based",Communications Earth and Environment,,,10.1038/s43247-025-02177-5,https://www.scopus.com/inward/record.uri?eid=2-s2.0-105000057701&doi=10.1038%2Fs43247-025-02177-5&partnerID=40&md5=27c388e752a9bf16e3496b6fd468e8ac,"Environmental migration occurs across spatial and temporal scales and is influenced by the dynamics of individual and collective human behavior, as well as environmental stresses. Agent-based modeling (ABM) has demonstrated potential for studying such complex processes, especially where individual decision-making is important. We developed an ABM to simulate environmental shocks, labor markets, and household livelihoods and used it to study environmental migration in rural Bangladesh. Using a pattern-oriented modeling approach, we found that an economic model of migration decisions can robustly reproduce observed patterns so long as economic inequality is properly represented. The results were sensitive to both the functional form and the parameters characterizing the distribution of land-ownership within a community. We conclude that community-level inequality has significant implications for environmental migration dynamics and should be considered in future policy interventions and research efforts. © The Author(s) 2025.",Thiago,2025,2026-03-17 21:30:23,2026-03-17 21:30:23,,,,1,6,,,,,,,,,,,,,rayyan-448617928,,,,,C:\Users\Thiago\Zotero\storage\YRDVU2HM\Best et al. - 2025 - Economic inequality is a crucial determinant of observed patterns of environmental migration.pdf,,,,,,,,,
CP9QKN4J,journalArticle,2025,"Hou, W.; Peng, D.; Chu, J.; Jiang, Y.; Chen, Y.; Chen, F.",Building an Agent-Based Simulation Framework of Smartphone Reuse and Recycling: Integrating Privacy Concern and Behavioral Norms,Hybrid,Decision Support / Policy Evaluation,Exploratory / Scenario-based,Sustainability (Switzerland),,,10.3390/su17156885,https://www.scopus.com/inward/record.uri?eid=2-s2.0-105013106686&doi=10.3390%2Fsu17156885&partnerID=40&md5=2f049807924c1491ee2655d6fcc28877,"The rapid proliferation of electronic waste, driven by the short lifecycle of smartphones and planned obsolescence strategies, presents escalating global environmental challenges. To address these issues from a systems perspective, this study develops an agent-based modeling (ABM) framework that simulates consumer decisions and stakeholder interactions within the smartphone reuse and recycling ecosystem. The model incorporates key behavioral drivers—privacy concerns, moral norms, and financial incentives—to examine how social and economic factors shape consumer behavior. Four primary agent types—consumers, manufacturers, recyclers, and second-hand retailers—are modeled to capture complex feedback and market dynamics. Calibrated using empirical data from Jiangsu Province, China, the simulation reveals a dominant consumer tendency to store obsolete smartphones rather than engage in reuse or formal recycling. However, the introduction of government subsidies significantly shifts behavior, doubling participation in second-hand markets and markedly improving recycling rates. These results highlight the value of integrating behavioral insights into environmental modeling to inform circular economy strategies. By offering a flexible and behaviorally grounded simulation tool, this study supports the design of more effective policies for promoting responsible smartphone disposal and lifecycle extension. © 2025 by the authors.",Thiago,2025,2026-03-17 21:30:23,2026-03-17 21:30:23,,,,15,17,,,,,,,,,,,,,rayyan-448617976,,,,,C:\Users\Thiago\Zotero\storage\GPTFPCU3\Hou et al. - 2025 - Building an Agent-Based Simulation Framework of Smartphone Reuse and Recycling Integrating Privacy.pdf,,agent-based modeling; circular economy; consumer behavior; privacy concern; smartphone recycling,,,,,,,
LRUM2PCN,journalArticle,2025,"Fani, V.; Acerbi, F.; de Oliveira Quadras, D.L.; Bandinelli, R.",Advancing pharmaceutical waste management: An agent-based approach to enhance consumer participation in circular economy,Empirical (micro),Decision Support / Policy Evaluation,Exploratory / Scenario-based,Waste Management,,,10.1016/j.wasman.2025.114980,https://www.scopus.com/inward/record.uri?eid=2-s2.0-105009218446&doi=10.1016%2Fj.wasman.2025.114980&partnerID=40&md5=76ffbea81c3872fad50ed6ded655458b,"The circular economy has emerged as a sustainable alternative to the traditional linear model. However, its application within the pharmaceutical sector remains underexplored, despite the significant environmental and social impact associated with the improper disposal of medications. This study addresses critical gaps in the literature by examining consumer behavior and return management dynamics, often overlooked in existing research. We propose an Agent-Based Modeling (ABM) approach to simulate the purchasing, usage, and disposal behaviors of consumers, aiming to evaluate the effectiveness of various strategies designed to enhance medication return systems. These strategies include consumer education on environmental risks and social benefits, pharmacist training, and expanding collection infrastructure. The model is informed by empirical data collected in a specific geographical context (Florence, Italy), reflecting the behavioral and infrastructural characteristics of the local population. The novelty of this work lies in the integration of behavioral, spatial, and strategic dimensions within a single ABM framework, applied for the first time in the pharmaceutical domain. Although implemented in a localized setting, the model's structure and parameters are designed to be adaptable to other regions or countries, allowing for tailored applications based on local conditions. From a practical perspective, the model serves as a decision-support tool for policymakers and local authorities, facilitating the comparison of strategies according to behavioral profiles and infrastructure constraints. By identifying context-specific levers for intervention, this study contributes to the development of more effective and targeted initiatives for pharmaceutical waste management that support broader circular economy objectives and public health protection. © 2025 The Authors",Thiago,2025,2026-03-17 21:30:23,2026-03-17 21:30:23,,,,,205,,,,,,,,,,,,,rayyan-448617978,,,,,C:\Users\Thiago\Zotero\storage\C6VXXJGK\Fani et al. - 2025 - Advancing pharmaceutical waste management An agent-based approach to enhance consumer participation.pdf,,Simulation; Agent-based modelling; Sustainability; Circular economy; Healthcare; Return management,,,,,,,
XQB8WN6N,journalArticle,2025,"Pishahang, M.; Ruiz-Tagle, A.; Ramos, M.A.; López Droguett, E.L.; Mosleh, A.",A Bayesian agent-based model and software for wildfire safe evacuation planning and management,,,,"Proceedings of the Institution of Mechanical Engineers, Part O: Journal of Risk and Reliability",,,10.1177/1748006X241259215,https://www.scopus.com/inward/record.uri?eid=2-s2.0-85200007448&doi=10.1177%2F1748006X241259215&partnerID=40&md5=632a2263210977bf73c72ab751c13e6d,"Efficient evacuation of wildfire-threatened communities is a pressing challenge. A reliable evacuation planning and execution requires a comprehensive understanding of the diverse and interdependent physical, social, and behavioral components, and advanced, yet easy to use decision support system. This paper proposes the Wildfire Safe Egress (WiSE) framework, which integrates the fire dynamics, human behavior, and traffic model to predict the chance of safe egress by any given community during a wildfire evacuation. WISE framework presents a unified dependency diagram and workflow offering consistent granularity between sub-models and creates comparable evacuation scenarios. A human behavior model is proposed to predict the community decision making and action based on their socio-demographic vulnerability profile. An agent-based stochastic approach generates evacuation departure times. The travel times are calculated through a congestion-informed traffic simulation. Finally, a Bayesian Network is used to combine the sub-models and to predict community safety (probability of successful evacuation) via probabilistic inference based on the integrated model. A proof-of-concept software implementation of the WiSE framework is also presented. To demonstrate the model and platform capabilities the evacuation of the entire city of Paradise during the California Camp Fire 2018 is simulated. The simulation results are qualitatively validated by the firefighters who served in this disaster. A sensitivity analysis of the parameters is performed to compare several evacuation scenarios and provide insights for future wildfire evacuation plannings. © IMechE 2024.",Thiago,2025,2026-03-17 21:30:23,2026-03-17 21:30:23,,515-534,,3,239,,,,,,,,,,,,,rayyan-448617999,,,,,,,Bayesian network; evacuation; Wildfire; wildfire egress; wildland urban interface (WUI),,,,,,,
YA6NAIIL,journalArticle,2025,"Kim, Y.",The Influence of Conformity and Global Learning on Social Systems of Cooperation: Agent-Based Models of the Spatial Prisoner’s Dilemma Game,Theoretical (literature),"Exploratory, Theoretical / Illustrative","Regression / Statistical Inference, Exploratory / Scenario-based",Systems,,,10.3390/systems13040288,https://www.scopus.com/inward/record.uri?eid=2-s2.0-105003576262&doi=10.3390%2Fsystems13040288&partnerID=40&md5=d46c45c48206545aba5f9355dbf549be,"Individuals can learn about others from sources far from them, and conformity can operate not only on a local scale but also on a global scale. This study aimed to investigate the influence of conformity and global learning on social systems of cooperation using agent-based models of the spatial prisoner’s dilemma game. Three agent-based models incorporating differing types of global conformity were built and analyzed. The results suggested that global learning was generally unfavorable for cooperation. However, in some cases, it enabled resistance to the dominance of defection. Moreover, referring to more diverse sources was less harmful to cooperation than referring to a larger number of similar sources. Evolutionary dynamics were generated according to how competing forces of cooperative and defective agents were balanced. Random drifts toward either the cooperation- or defection-dominant state occurred under some parameter conditions. Whether the drifts were equally or unequally probable toward either state differed according to the parameter conditions. This study highlights the importance of individuals’ psychological biases in the evolution of cooperation. It also shows that differing practices of those biases can generate different dynamics, resulting in the system having different states. © 2025 by the author.",Thiago,2025,2026-03-17 21:30:23,2026-03-17 21:30:23,,,,4,13,,,,,,,,,,,,,rayyan-448618011,,,,,C:\Users\Thiago\Zotero\storage\5C2885GB\Kim - 2025 - The Influence of Conformity and Global Learning on Social Systems of Cooperation Agent-Based Models.pdf,,agent-based model; evolutionary game; conformity; global learning; social system,,,,,,,
99YSUQFW,journalArticle,2025,"Ligmann-Zielinska, A.; Vojnovic, I.; LeDoux, T.F.",Grocery shopping behavior in Detroit neighborhoods experiencing disinvestment and decline: An empirically grounded agent-based model of data-scarce communities,Empirical (micro),Exploratory,"Global (Variance-based), Exploratory / Scenario-based",Journal of Transport and Land Use,,,10.5198/jtlu.2025.2381,https://www.scopus.com/inward/record.uri?eid=2-s2.0-105014190856&doi=10.5198%2Fjtlu.2025.2381&partnerID=40&md5=983e71e38f8ba7617ca3f2f432bdb112,"This paper presents a data-driven agent-based model that simulates the weekly grocery shopping behavior of disadvantaged consumers in highly segregated lower eastside neighborhoods of Detroit, Michigan. We focus on neighborhoods experiencing severe disinvestment to analyze the shopping behavior of residents after all major regional and national supermarket chains abandoned the city. The presented model is unique in that it utilizes detailed shopping behavior data collected to examine travel in marginalized communities, specifically among residents in severe poverty who are often overlooked in the travel behavior literature. The research shows that in extreme socio-economic decline, sociodemographic variables (such as class) can become more relevant than the built environment (land-use mix, density, and street connectivity) in determining access and influencing mobility. After identifying unique groups of household agents, we design rules that utilize probability distributions generated from survey responses. The decision-making of agents that emulate households is habitual rather than utility driven. Modeled behavior is designed based on stated preferences, which may contradict premises such as the “shortest distance to the nearest shop” approach, a common assumption in the literature. We also report on three what-if scenarios to evaluate how major population changes would affect the results. © 2025 Arika Ligmann-Zielinska, Igor Vojnovic & Timothy F. LeDoux.",Thiago,2025,2026-03-17 21:30:23,2026-03-17 21:30:23,,559-592,,1,18,,,,,,,,,,,,,rayyan-448618027,,,,,C:\Users\Thiago\Zotero\storage\FQSF6AF3\Ligmann-Zielinska et al. - 2025 - Grocery shopping behavior in Detroit neighborhoods experiencing disinvestment and decline An empiri.pdf,,agent-based modeling; food travel; urban systems,,,,,,,
Q7IJR66D,journalArticle,2025,"Bertolotti, F.; Kadera, N.; Pasquino, L.; Mari, L.",An epidemiological extension of the El Farol Bar problem,Theoretical (literature),Theoretical / Illustrative,Exploratory / Scenario-based,Frontiers in Big Data,,,10.3389/fdata.2025.1519369,https://www.scopus.com/inward/record.uri?eid=2-s2.0-86000602523&doi=10.3389%2Ffdata.2025.1519369&partnerID=40&md5=ea95bc7b2cabbc2e688bb510ad732f55,"This paper presents an epidemiological extension of the El Farol Bar problem, where both a social and an epidemiological dimension are present. In the model, individual agents making binary decisions—to visit a bar or stay home—amidst a non-fatal epidemic. The extension of the classic social dilemma is implemented as an agent-based model, and it is later explored by sampling the parameter space and observing the resulting behavior. The results of this analysis suggest that the infection could be contained by increasing the information available in the underlying social system and adjusting its structure. © © 2025 Bertolotti, Kadera, Pasquino and Mari.",Thiago,2025,2026-03-17 21:30:23,2026-03-17 21:30:23,,,,,8,,,,,,,,,,,,,rayyan-448618030,,,,,C:\Users\Thiago\Zotero\storage\NFEPFUC7\Bertolotti et al. - 2025 - An epidemiological extension of the El Farol Bar problem.pdf,,agent-based modeling; simulation; computational social science; El Farol Bar problem; epidemiological modeling; social dilemma,,,,,,,
YLHTYU45,journalArticle,2025,"Yin, J.; Chen, H.; Liang, J.",Methodological Approaches to Studying Group Behavior: From Human Interaction to Agent-Based Models,NA,NA,NA,Journal of Pacific Rim Psychology,,,10.1177/18344909251393753,https://www.scopus.com/inward/record.uri?eid=2-s2.0-105022002151&doi=10.1177%2F18344909251393753&partnerID=40&md5=cde74d561a213c6a61839a00ed0e0ca8,"Understanding group behavior demands a careful balance between ecological validity and experimental control, yet progress has often been constrained by methodological limitations. Despite these challenges, researchers have developed rigorous paradigms beyond traditional economic games—for example, collective foraging—particularly by leveraging new technologies such as virtual reality and large language models. To make sense of these advancements, this article proposes a conceptual and methodological framework for studying group behavior across three complementary approaches: (1) human–human interaction with controlled agents, (2) human–agent interaction with algorithm-driven behavior, and (3) agent–agent interaction through simulation. Leveraging advances in digital platforms, computational modeling, and large language model–driven agents, these approaches enable experimental probing of how local interactions give rise to group-level patterns. Each approach presents distinct trade-offs in realism, control, and scalability, and their integration allows for triangulation of findings and deeper theoretical insight. We advocate for integrating these approaches, where humans and intelligent agents interact within controlled yet realistic scenarios, designing algorithmic agents with more humanlike parameters, and combining them with advanced data collection techniques. This framework supports a richer understanding of human group behavior in an increasingly hybrid human–machine social landscape. © The Author(s) 2025. This article is distributed under the terms of the Creative Commons Attribution-NonCommercial 4.0 License (https://creativecommons.org/licenses/by-nc/4.0/) which permits non-commercial use, reproduction and distribution of the work without further permission provided the original work is attributed as specified on the SAGE and Open Access page (https://us.sagepub.com/en-us/nam/open-access-at-sage).",Thiago,2025,2026-03-17 21:30:23,2026-03-17 21:30:23,,,,,19,,,,,,,,,,,,,rayyan-448618050,,,,,C:\Users\Thiago\Zotero\storage\I6CKGXC3\Yin et al. - 2025 - Methodological Approaches to Studying Group Behavior From Human Interaction to Agent-Based Models.pdf,,agent–agent interaction; group behavior; human–agent interaction; human–human interaction,,,,,,,
H82CMBGW,journalArticle,2025,"Rusconi, M.; Secchi, D.; Seri, R.",The analogical roots of agent-based modeling in economics and social sciences: the case of innovation dynamics,,,,Journal of Economic Methodology,,,10.1080/1350178X.2025.2547639,https://www.scopus.com/inward/record.uri?eid=2-s2.0-105014887383&doi=10.1080%2F1350178X.2025.2547639&partnerID=40&md5=c94a02cea0a85cbfe284467ad6522606,"Agent-based modeling (ABM) is a simulation technique which has been increasingly integrated into the economic discipline in order to understand complex systems. However, most of everyday research activities rely on the researchers' consensus concerning practical choices about modeling strategies, computational boundaries under scrutiny and the extent of empirical validation. Particularly lacking are reflections on the semantic construction of conceptual models. The paper reviews existing theoretical frameworks leading to the understanding of ABM as a technique where the cognitive processing instantiated by the instrument is distributed across different modeling layers, including conceptual, algorithmic and computational. These layers can be interpreted as an interlinked set of analogies. Then, the paper introduces a framework for assessing ABM conceptual adequacy and tests it on two families of models in the economics of innovation field. © 2025 Informa UK Limited, trading as Taylor & Francis Group.",Thiago,2025,2026-03-17 21:30:23,2026-03-17 21:30:23,,170-193,,3,32,,,,,,,,,,,,,rayyan-448618065,,,,,,,agent-based modeling; analogy; economic methodology; Epistemology; models in economics,,,,,,,
GU2TEEI6,journalArticle,2025,"Palma-Borda, J.; Guzmán, E.; Belmonte, M.-V.","A Digital Shadow for Modeling, Studying and Preventing Urban Crime",Hybrid,"Decision Support / Policy Evaluation, Predictive","Regression / Statistical Inference, Exploratory / Scenario-based",IEEE Access,,,10.1109/ACCESS.2025.3580949,https://www.scopus.com/inward/record.uri?eid=2-s2.0-105008770430&doi=10.1109%2FACCESS.2025.3580949&partnerID=40&md5=3540234e1d7d222010e121ded8874044,"Crime is one of the greatest threats to urban security worldwide. A significant portion of the global population lives in countries where criminal activity poses serious challenges to public safety. In cities, most crimes tend to occur within dense urban environments, where social, economic, and spatial factors contribute to higher vulnerability. This paper presents the development and validation of a digital shadow platform for macro-modeling and simulating urban crime. This digital shadow has been constructed using data-driven agent-based modeling and simulation techniques, which are suitable for capturing dynamic interactions among individuals and with their environment. Our approach transforms and integrates well-known criminological theories and the expert knowledge of law enforcement agencies (LEA), policy makers, and other stakeholders under a theoretical model, which is in turn combined with real crime, spatial (cartographic) and socio-economic data into an urban model characterizing the daily behavior of citizens. The digital shadow has also been instantiated for the city of Málaga, for which we had over 300,000 reports available. This instance has been calibrated with those complaints and other geographic and socio-economic information of the city. To the best of our knowledge, our digital shadow is the first for large urban areas that has been calibrated with a large dataset of real crime reports and with an accurate representation of the urban environment. The performance indicators of the model after being calibrated, in terms of the metrics widely used in predictive policing, suggest that our simulated crime generation matches the general pattern of crime in the city according to historical data. Our digital shadow platform could be an interesting tool for modeling and predicting criminal behavior in an urban environment on a daily basis and, thus, a useful tool for policy makers, criminologists, sociologists, LEAs, etc. to study and prevent urban crime. © 2013 IEEE.",Thiago,2025,2026-03-17 21:30:23,2026-03-17 21:30:23,,110547-110568,,,13,,,,,,,,,,,,,rayyan-448618077,,,,,"C:\Users\Thiago\Zotero\storage\23VW334E\Palma-Borda et al. - 2025 - A Digital Shadow for Modeling, Studying and Preventing Urban Crime.pdf",,agent-based modeling and simulation; Digital shadow; predictive policing; urban crime modeling,,,,,,,
N46ZM8A3,journalArticle,2025,"Wang, R.; Lu, T.; Zhang, P.; Gu, N.",Data-Driven Agent-Based Model for Public Opinion Propagation Simulation in Cyberbullying,Empirical (micro),"Predictive, Decision Support / Policy Evaluation","Local (OAT/OFAT), Exploratory / Scenario-based",Big Data Mining and Analytics,,,10.26599/BDMA.2024.9020042,https://www.scopus.com/inward/record.uri?eid=2-s2.0-105005408606&doi=10.26599%2FBDMA.2024.9020042&partnerID=40&md5=28916a2902b3beb9bf2f6a752ba1b0c3,"The flourishing development of social media platforms based on cultivating user relationships to spread and share information has provided a breeding ground for cyberbullying. How to infer the evolution of public opinion propagation in an online bullying environment is of great significance to the governance of cyberbullying. In this paper, we propose a data-driven agent-based Model for Public Opinion Propagation Simulation (MPOPS) in cyberbullying. First, we design a Public Opinion Propagation Environment for Opinion Fusion and Polarization (OFP-POPE) in a cyber-physical-social space. Second, we conduct agent-based fine-grained modeling based on the OFP-POPE. Third, we define and quantify user interaction behaviors and improve the Susceptible-Exposed-Infected Removed (SEIR) model by taking these interaction behaviors as the factors influencing public opinion propagation. Finally, we take the “2022 Tangshan restaurant attack” incident as an empirical study case and conduct simulation experiments on the MPOPS driven by real-world data. The experimental results show that the MPOPS is superior to other baseline models, and can simulate the evolutionary trend of public opinion propagation in actual cyberbullying scenarios. In addition, the ablation experiment and parameter sensitivity analysis provide a reference for future cyberbullying intervention efforts. © 2018 Tsinghua University Press.",Thiago,2025,2026-03-17 21:30:23,2026-03-17 21:30:23,,794-819,,4,8,,,,,,,,,,,,,rayyan-448618080,,,,,C:\Users\Thiago\Zotero\storage\9KFUGCKJ\Wang et al. - 2025 - Data-Driven Agent-Based Model for Public Opinion Propagation Simulation in Cyberbullying.pdf,,agent-based modeling; opinion dynamics; cyberbullying; public opinion; social media platform,,,,,,,
36M4WVAI,journalArticle,2025,"Koval, P.; Polbin, A.V.; Sinelnikov-Murylev, S.G.",Estimation of household heterogeneous propensity to consume in the Russian Federation based on latent class model,,,,Post-Communist Economies,,,10.1080/14631377.2025.2497566,https://www.scopus.com/inward/record.uri?eid=2-s2.0-105004438717&doi=10.1080%2F14631377.2025.2497566&partnerID=40&md5=4b2c9bf4d2f6ce939fac55620ea98f90,"This paper estimates heterogeneous parameters of the household consumer choice in the Russian Federation based on the latent class model, assuming that households have adaptive expectations. The main parameters to be estimated are: the marginal propensity to consume and the parameter of adaptive expectations. To obtain these parameters, the latent class model is estimated based on panel data on household consumption and income. The average value of parameter estimation with regard to marginal propensity to consume is 0.57 with a standard deviation of 0.17; the average value of the adaptive expectations parameter is 0.52 with a standard deviation of 0.11. The paper also analyses the consumer choice parameters under different social characteristics of households and different subjects of the Russian Federation. The obtained estimates of the sensitivity of consumption against changes in income can be applied to assess the macroeconomic effects of economic policy, as well as to build and calibrate agent-based macroeconomic models, including heterogeneous preferences of households. This paper constructed a simplified agent-based model to compare fiscal multipliers of social transfers to households. © 2025 Informa UK Limited, trading as Taylor & Francis Group.",Thiago,2025,2026-03-17 21:30:23,2026-03-17 21:30:23,,840-868,,7,37,,,,,,,,,,,,,rayyan-448618083,,,,,,,heterogeneity; adaptive expectations; latent class model; Marginal propensity to consume,,,,,,,
Y42B8PDM,journalArticle,2024,"Jezzini, Y.; Assaad, R.H.; Boufadel, M.; Nassif, H.",Assessing the Costs and Benefits of Green Infrastructure Plans Using Agent-Based Modeling and Scenario Analysis: Evaluating Social and Economic Values,,,,Journal of Urban Planning and Development,,,10.1061/JUPDDM.UPENG-4664,https://www.scopus.com/inward/record.uri?eid=2-s2.0-85203834056&doi=10.1061%2FJUPDDM.UPENG-4664&partnerID=40&md5=f050bb279ce61042572f111d0427b7b6,"While green infrastructures (GIs) are used to address urban flooding and stormwater runoff and enhance sustainability, their implementation faces challenges such as limited funding and competing priorities. Existing studies generally focused on specific/individual GI practices, potentially overlooking the broader benefits or values of comprehensive GI plans that generally are interconnected networks of multiple GI practices. Thus, this paper developed an agent-based model to offer municipalities, planners, and decision makers a structured and systematic modeling approach to: (1) simulate the dynamic nature of GI implementation plans across spatial and temporal dimensions; (2) capture the interplay among regulations that govern GI plans; and (3) conduct scenario and sensitivity analyses to gain deeper insights into the various characteristics of GI plans under different scenarios. The proposed model considered different economic values of GI plans, including stormwater management, carbon sequestration, pollutant removal, energy cost savings, and increased property value, as well as the social values, such as the positive impact on nearby residents/communities. In addition, the developed model considered the following six GI practices: green roofs, rain gardens, community gardens, bioswales, permeable playgrounds, and permeable pavements. These GI practices were modeled across five submodels: school greening, private property greening, park greening, right-of-way property greening, and public housing properties greening. Scenario analysis was conducted to investigate the effect of financial limitations (i.e., funding priorities) on the model's behavior under two scenarios. Finally, the developed model was statistically validated. The results showed that increasing the number of GIs does not guarantee an increase in their economic value, but rather the implementation of GIs should be well planned according to a priority plan. The findings also provided valuable insights into the importance of considering physical and institutional limitations. This paper contributes a practical workflow for evaluating the costs and benefits of GI programs. © 2024 American Society of Civil Engineers.",Thiago,2024,2026-03-17 21:30:23,2026-03-17 21:30:23,,,,4,150,,,,,,,,,,,,,rayyan-448618098,,,,,,,Agent-based modeling; Economic benefits; Green infrastructure; Social benefits; Urban ecosystems,,,,,,,
E3V48YJ3,journalArticle,2024,"Tanaka, T.; Koga, A.; Yokomatsu, M.",Agent-based intra-regional relocation model considering spatial local amenity for urban planning-based flood risk management: Assessing the impact of urban development on flood exposure,Empirical (micro),Decision Support / Policy Evaluation,Exploratory / Scenario-based,Journal of Flood Risk Management,,,10.1111/jfr3.13035,https://www.scopus.com/inward/record.uri?eid=2-s2.0-85202154469&doi=10.1111%2Fjfr3.13035&partnerID=40&md5=1d35a81a1bb6b88c7f0643703b26e551,"Integrated flood risk management based on urban policies remains challenging compared with infrastructure due to the unclear risk-reduction effects over time. To consider heterogeneity in social responses to urban planning measures, a previous study developed an agent-based household relocation model under flood risk (AHR-FLOOD) by combining flood-inundation and agent-based relocation models. However, accurate modelling of relocation incentives remains challenging. This study aimed to improve AHR-FLOOD by introducing spatial amenities based on transportation convenience and reflecting their impact on the decision-making processes of agents to analyze the development of different flood risk areas. AHR-FLOOD considering access to public transportation reproduced the spatial characteristics of the actual population and housing prices. The development of low-risk areas reduced flood exposure and resulting flood damage. However, this effect was less clear for low-income individuals, but the development of low-amenity areas had the potential to induce low-income population to move to safe areas. Chain migration was observed as a long-term effect of the spatial amenity policy. This study presents insights into the effect of transportation policies on flood safety for long-term spatial distance management in an agent-based approach with the rigorous modelling and validation of local amenity impact on household relocation choices. © 2024 The Author(s). Journal of Flood Risk Management published by Chartered Institution of Water and Environmental Management and John Wiley & Sons Ltd.",Thiago,2024,2026-03-17 21:30:23,2026-03-17 21:30:23,,,,4,17,,,,,,,,,,,,,rayyan-448618100,,,,,C:\Users\Thiago\Zotero\storage\XAT4H275\Tanaka et al. - 2024 - Agent-based intra-regional relocation model considering spatial local amenity for urban planning-bas.pdf,,agent-based model; flood risk management; household relocation; spatial distance management,,,,,,,
6NJ5C97T,journalArticle,2024,"Sridhar, A.; Honkapuro, S.; Ruiz, F.; Stoklasa, J.; Annala, S.; Wolff, A.",Residential consumer enrollment in demand response: An agent based approach,Hybrid,"Decision Support / Policy Evaluation, Predictive",Local (OAT/OFAT),Applied Energy,,,10.1016/j.apenergy.2024.123988,https://www.scopus.com/inward/record.uri?eid=2-s2.0-85199885049&doi=10.1016%2Fj.apenergy.2024.123988&partnerID=40&md5=828be6de39fda5fa123fb36c79095787,"Residential consumers play an important role in the sustainable transition of the energy system by leveraging their household loads for demand response (DR). This paper aims to analyze the enrollment rates of residential consumers within DR through an agent-based model (ABM). Both economic and noneconomic (social/behavioral) parameters that influence the consumer enrollment in DR are considered. An energy management model, a home energy management system (HEMS), is used to identify the potential economic savings of consumers enrolling in DR. Consumers are randomly assigned to different neighborhoods and have different social relationships (e.g., friends, neighbors), which, in turn, influences their decision-making in the ABM. The results of this paper highlight the indirect relationship of expected annual savings and direct relationship of the share of consumers having electric vehicles (EV), photovoltaics (PV), and battery energy storage systems (BESSs) on the DR enrollment rates. Based on the enrollment rates, the maximum energy savings were obtained in April and the minimum during the last quarter of the year. Monte Carlo analysis is employed to handle the randomness associated with different variable selections, which provides a ±10% variation of consumer enrollment rate in DR. The results of this study have practical implications for energy flexibility in the residential sector. © 2024 The Author(s)",Thiago,2024,2026-03-17 21:30:23,2026-03-17 21:30:23,,,,,374,,,,,,,,,,,,,rayyan-448618113,,,,,C:\Users\Thiago\Zotero\storage\FJ3JMCC7\Sridhar et al. - 2024 - Residential consumer enrollment in demand response An agent based approach.pdf,,Agent-based simulation; Demand response; Home energy management system; Mixed integer linear programming; Monte Carlo analysis,,,,,,,
ZSM5LEGS,journalArticle,2024,"Fontaine, L.; Legros, R.; Frayret, J.-M.",Sustainability and Environmental Performance in Selective Collection of Residual Materials: Impact of Modulating Citizen Participation Through Policy and Incentive Implementation,Hybrid,Decision Support / Policy Evaluation,Exploratory / Scenario-based,Resources,,,10.3390/resources13110151,https://www.scopus.com/inward/record.uri?eid=2-s2.0-85210152390&doi=10.3390%2Fresources13110151&partnerID=40&md5=b70e2b9c25b84bc5f6d0e10d69c368f9,"The effective management of urban waste represents a growing challenge in the face of demographic evolution and increased consumption. This study explores the impacts of municipal strategic decisions on household waste management behaviours and sustainability performance outcomes through agent-based modelling. Using data from Gatineau and Beaconsfield in Quebec, Canada, the model is calibrated and validated to represent diverse urban contexts. Our analysis demonstrates that reducing collection frequency leads to notable increases in participation rates, reaching 78.2 ± 5.1% for collections every two weeks and 96.5 ± 8.3% for collections every five weeks. While this reduction improves bin filling levels, it concurrently decreases the recovery of recyclable materials by 2.8% and 19.5%, significantly undermining the environmental benefits of the recycling program. These findings highlight a complex interplay between collection frequency, citizen participation behaviour, waste stream characteristics, and overall environmental performance. While reducing collection frequency initially appears beneficial, it leads to operational challenges and increased CO<inf>2</inf> emissions due to reduced material recovery. The research emphasises the need for tailored holistic waste management strategies that optimise performance outcomes while minimising environmental impacts. By understanding these dynamics, municipalities can develop more effective waste management policies that promote sustainability. © 2024 by the authors.",Thiago,2024,2026-03-17 21:30:23,2026-03-17 21:30:23,,,,11,13,,,,,,,,,,,,,rayyan-448618116,,,,,C:\Users\Thiago\Zotero\storage\ATH7HN2A\Fontaine et al. - 2024 - Sustainability and Environmental Performance in Selective Collection of Residual Materials Impact o.pdf,,agent-based simulation models; household behaviours; municipal solid waste; municipal strategic decision; sustainability performance; sustainable urban waste management,,,,,,,
H4ZMYAYU,journalArticle,2024,"Bayram, A.; Marvuglia, A.; Gutiérrez, T.; Soyeurt, H.",Balancing Environmental Sustainability and Economic Viability in Luxembourgish Farms: An Agent-Based Model with Multi-Objective Optimization,"Empirical (micro), ""Expert-based (qualitative, interview, participatory)""",Decision Support / Policy Evaluation,Exploratory / Scenario-based,Sustainability (Switzerland),,,10.3390/su16198536,https://www.scopus.com/inward/record.uri?eid=2-s2.0-85206565725&doi=10.3390%2Fsu16198536&partnerID=40&md5=32e713627b14618c052317cc0c265598,"To curb the impacts arising from the agricultural sector, the actions undertaken by policymakers, and ultimately by the farmers, are of paramount importance. However, finding the best strategy to reduce impacts, and especially assessing the effects of the interactions and mutual influence among farmers, is very difficult. To this aim, this paper shows an application of an agent-based model (ABM) coupled with life cycle assessment (LCA), which also includes multi-objective optimization of farming activities (including both crop cultivation and livestock breeding) from an economic and environmental perspective. The environmental impacts are assessed using the impact assessment scores calculated with the Environmental Footprint 3.0 life cycle impact assessment method and the study is conducted “from cradle to farm gate”. The model is applied to all the farms in Luxembourg, whose network is built utilizing neighborhood interactions, through which a parameter known as farmer’s green consciousness is updated at each time step. The optimization module is instantiated at the end of each time step, and decision variables (the number of livestock units and land allocation) are assigned based on profitability and specified environmental impact categories. If only profit optimization is considered (i.e., when farmers’ green consciousness is de-activated), the results show a 9% reduction in the aggregated environmental impacts (obtained as the Environmental Footprint single score) and a 5.5% increase in overall profitability. At the farm level, simulations display a clear trade-off between environmental sustainability and financial stability, with a 25% reduction in overall emissions possible if farming activities are carried out using the single score impact in the objective function, though this results in an 8% reduction in profitability over 10 years. © 2024 by the authors.",Thiago,2024,2026-03-17 21:30:23,2026-03-17 21:30:23,,,,19,16,,,,,,,,,,,,,rayyan-448618122,,,,,C:\Users\Thiago\Zotero\storage\KM67Q9MI\Bayram et al. - 2024 - Balancing Environmental Sustainability and Economic Viability in Luxembourgish Farms An Agent-Based.pdf,,multi-objective optimization; agricultural modeling; common agricultural policy; dairy farm management; life cycle assessment; mathematical programming,,,,,,,
3XE78YXP,journalArticle,2024,"Mosavi, A.; Shourian, M.; Salehi, M.J.; Lotfi, S.",A WEAP-assisted agent-based modeling approach for watershed planning in a coupled human and nature system,Hybrid,Decision Support / Policy Evaluation,Exploratory / Scenario-based,Water Supply,,,10.2166/ws.2024.177,https://www.scopus.com/inward/record.uri?eid=2-s2.0-85203076107&doi=10.2166%2Fws.2024.177&partnerID=40&md5=d8972695d71974dc9d3ea3a88448e09c,"Coupled human and nature systems exhibit dynamic water demands due to diverse consumer socio-economic characteristics, resulting in inherent complexities. Modeling such systems effectively entails adopting an agent-based methodology. To enhance comprehension of water resource management in the Zarrineh-Roud Basin, northwest of Iran, a comprehensive hydrological-behavioral model has been utilized. This model consists of two primary components: An agent-based model (ABM) for simulating farmers’ decision-making processes and a water evaluation and planning (WEAP) model for simulating catchment area, cultivated area, and agricultural water consumption. Validation outcomes of the simulation model demonstrate precise estimation, particularly in the runoff estimation of the Nezam Abad hydrometric station, with statistically favorable correlation coefficient (R2) and Nash–Sutcliffe index (NS) values of 0.78 and 0.75, respectively. Analysis of different management scenarios indicates that with ample government funds, simultaneous implementation of ‘Education and increasing environmental awareness’ and ‘Alternative employment’ policies can significantly improve water resources conditions and income. In scenarios with limited financial resources, a combined implementation of ‘Water pricing,’ ‘Alternative employment,’ and ‘Education and raising environmental awareness’ emerges as the most effective strategy for managing water resources, albeit with a slight reduction in farmers’ income. © 2024 The Authors.",Thiago,2024,2026-03-17 21:30:23,2026-03-17 21:30:23,,2817-2829,,8,24,,,,,,,,,,,,,rayyan-448618136,,,,,C:\Users\Thiago\Zotero\storage\KQSZZLB9\Mosavi et al. - 2024 - A WEAP-assisted agent-based modeling approach for watershed planning in a coupled human and nature s.pdf,,awareness-raising; environmental education; governmental policies; socio-economic strategies; sustainable water resources management,,,,,,,
R3TZNED6,journalArticle,2024,"Czupryna, M.; Schaff, F.",A Matter of Values: On the Link between Economic Performance and Schwartz Human Values,Empirical (micro),Explanatory,Regression / Statistical Inference,Jahrbucher fur Nationalokonomie und Statistik,,,10.1515/jbnst-2023-0065,https://www.scopus.com/inward/record.uri?eid=2-s2.0-85199572709&doi=10.1515%2Fjbnst-2023-0065&partnerID=40&md5=39b6146a8c8272671c31ccad43e4ee76,"The goal of the paper is to propose an abstract but formalised model of how Schwartz higher order values may influence individual decisions on sharing an individual effort among alternative economic activities. Subsequently, individual decisions are aggregated into the total (collective) economic output, taking into account interactions between the agents. In particular, we explore the relationship between individual higher order values: Self-Enhancement, Self-Transcendence, Openness to Change and Conservation-measured according to Schwartz's universal human values theory-and individual and collective economic performance, by means of a theoretical agent based model. Furthermore, based on empirical observations, Openness to Change (measured by the population average in the case of collective output) is positively associated with individual and collective output. These relations are negative for Conservation. Self-Enhancement is positively associated with individual output but negatively with collective output. In case of Self-Transcendence, this effect is opposite. The model provides the potential explanations, in terms of individual and population differences in propensity for management, willingness to change and skills (measured by an educational level) for the empirically observed relations between Schwartz higher order values and individual and collective output. We directly calibrate the micro-level of the model using data from the ninth round of the European Social Survey (ESS9) and present the results of numerical simulations. © 2024 the author(s), published by De Gruyter, Berlin/Boston.",Thiago,2024,2026-03-17 21:30:23,2026-03-17 21:30:23,,293-329,,4,244,,,,,,,,,,,,,rayyan-448618138,,,,,C:\Users\Thiago\Zotero\storage\M65CK3RS\Czupryna e Schaff - 2024 - A Matter of Values On the Link between Economic Performance and Schwartz Human Values.pdf,,agent-based modelling; economic output; Schwartz values,,,,,,,
Y6MCRM7J,journalArticle,2024,"Bourceret, A.; Accatino, F.; Robert, C.",A modeling framework of a territorial socio-ecosystem to study the trajectories of change in agricultural phytosanitary practices,"Empirical (macro), Hybrid",Exploratory,"Exploratory / Scenario-based, Local (OAT/OFAT)",Ecological Modelling,,,10.1016/j.ecolmodel.2024.110727,https://www.scopus.com/inward/record.uri?eid=2-s2.0-85196793085&doi=10.1016%2Fj.ecolmodel.2024.110727&partnerID=40&md5=b81f79ef68444e732768c68296a13885,"Despite the growing societal demands to reduce pesticide use, public policies struggle to reverse the current upward trend. Agroecology emerges as a promising solution, as it promotes ecological regulation and sustainable practices. The systemic nature of the agro-ecological transition requires the development of an interdisciplinary approach. In this respect, models integrating ecological, economic, and social aspects are valuable for understanding the dynamics of agroecosystems. The objective of this article is to investigate the trajectories of change in the pesticide practices of agricultural territories taking into account ecological and economic dynamics. We built a socio-ecological modeling framework of a socio-ecosystem at the territorial scale. This generic agent-based model is developed to simulate both farmers’ decision-making (based on its own profit and that of others, and its willingness to change) and disease dynamics (based on the inoculum, the probability of infection, the probability of disease escape, and the previous disease). We first used the model to simulate the impact of different economic or ecological territorial characteristics on the trajectories of agricultural practices in the territory. Second, we aimed to analyze the final states of the territories (at equilibrium) based on scenarios of variations in the economic (the cost of pesticides), ecological (the dispersal capacity of the disease), and agronomic (the ability to escape the disease of no-input farming) parameters. The final states of the territories were analyzed using four categories of indicators (farming practices, the profits, the number of infected fields and the use of fungicides). The study revealed strong threshold effects, non-linear effects and linear effects, on the number of farmers performing the different practices in the territory. These effects are highlighted respectively for the scenarios of increased cost of pesticides, increased disease escape of no-input farming and increased the disease dispersal. Our results highlighted the need to take into account combinations of levers and to study trajectories of change in order to promote sustainable agriculture. Finally, we discussed the possibility of using such models to guide public policies in favor of agroecology. © 2024 The Author(s)",Thiago,2024,2026-03-17 21:30:23,2026-03-17 21:30:23,,,,,494,,,,,,,,,,,,,rayyan-448618140,,,,,C:\Users\Thiago\Zotero\storage\UXVVG6GB\Bourceret et al. - 2024 - A modeling framework of a territorial socio-ecosystem to study the trajectories of change in agricul.pdf,,Agent-based model; Agroecological transition; Ecological-economic model; Farmer's behavior; Pesticides; Socioecosystem,,,,,,,
EF4SY4FZ,journalArticle,2024,"Madsen, J.K.; Powers, B.; Bailey, R.; Carrella, E.; Payette, N.; Pilditch, T.",Modelling Adaptive and Anticipatory Human Decision-Making in Complex Human-Environment Systems,Empirical (micro),Explanatory,Regression / Statistical Inference,JASSS,,,10.18564/jasss.5214,https://www.scopus.com/inward/record.uri?eid=2-s2.0-85184389348&doi=10.18564%2Fjasss.5214&partnerID=40&md5=69e43d5e2f7f06220c9ffcd3a60efa43,"To effectively manage complex human-environment fisheries systems, it is necessary to understand the psychology of fisher agents. While bio-economic models typically provide simple, abstract approaches for human behaviour (e.g., fully informed profit maximisers), fisher agents are of course neither simple nor perfect. Imperfections of learning, memory, and information availability, combined with the diversity of value preferences within populations, can lead to substantial deviations and unanticipated effects of interventions. This paper presents a computational model of fisher agents’ decision-making that draws on theoretical and empirical psychological insights to enrich this critical component. The model includes mechanisms for information integration (learning), social comparisons, and thresholds for economic satisfaction. In offering this enriched ac-count, the model captures how fishers may adapt behaviourally given changes in policy, economic conditions, or social pressures. Furthermore, the model can be parameterised to capture the effects of different socio-cultural contexts can be simulated. The model of fisher agents has been implemented as part of POSEIDON (an agent-based fisheries management model), showing that fishers imbued with the model learn and adapt when responding dynamically to changing conditions. The model is thus demonstrated in a fisheries environ-ment, but we discuss how its architecture could be implemented for simulation in other human-environment systems, such as designing policies to combat the human-environment problems. © 2024, University of Surrey. All rights reserved.",Thiago,2024,2026-03-17 21:30:23,2026-03-17 21:30:23,,,,1,27,,,,,,,,,,,,,rayyan-448618188,,,,,C:\Users\Thiago\Zotero\storage\I2TD69U8\Madsen et al. - 2024 - Modelling Adaptive and Anticipatory Human Decision-Making in Complex Human-Environment Systems.pdf,,Fisheries; Agent-Based Models; Behaviour; Belief Revision; Complex Systems; Decision-Making,,,,,,,
8M7EB79Q,journalArticle,2024,"Labelle, A.; Frayret, J.-M.",Word-of-mouth in agent-based simulation model of reverse logistics,Hybrid,Decision Support / Policy Evaluation,Exploratory / Scenario-based,Frontiers in Sustainability,,,10.3389/frsus.2024.1264461,https://www.scopus.com/inward/record.uri?eid=2-s2.0-85198910281&doi=10.3389%2Ffrsus.2024.1264461&partnerID=40&md5=39ff454801d444222d15c3b3f870ce2b,"Agent-based modeling and simulation is a method well suited for studying individual behavior and interactions among members of a population connected by social networks. Although the development of such simulation models can be relatively complex, it is even more challenging to develop models that are empirically valid. In the case of reverse logistics, the sophisticated and difficult-to-predict behavior of consumers must be modeled. In this paper, an agent-based simulation model of consumer behavior and interactions was configured to conduct a case study of the voluntary deposit collection program for wine bottles in the Val-Saint-François region of Quebec. As this collection program was officially launched in 2019, two empirical samples were obtained to test the validity of the model and study how social interactions such as word of mouth contributes to the success of the collection program. The first sample represents the amount of glass collected during the last 26 weeks of 2019, while the second sample covers the first 13 weeks of 2020. Having observed an increase in collection rates between 2019 and 2020, word of mouth was introduced into the model to explain this phenomenon. Statistical tests show that the model is indeed valid with the inclusion of diffusion of awareness, as the simulation results are significantly consistent with the empirical data. The validation of the model demonstrates the viability of using multiple heterogeneous data-sources to configure a simulation model based on the Theory of Planned Behavior without using Structural Equation Modeling. © © 2024 Labelle and Frayret.",Thiago,2024,2026-03-17 21:30:23,2026-03-17 21:30:23,,,,,5,,,,,,,,,,,,,rayyan-448618206,,,,,C:\Users\Thiago\Zotero\storage\2MWAB6F4\Labelle e Frayret - 2024 - Word-of-mouth in agent-based simulation model of reverse logistics.pdf,,circular economy; recycling; Theory of Planned Behavior; agent-based modeling and simulation; wine bottles; word-of-mouth,,,,,,,
9BWVAZ3A,journalArticle,2024,"Dignum, E.; Boterman, W.; Flache, A.; Lees, M.H.",A data-driven agent-based model of primary school segregation in Amsterdam,,,,Journal of Mathematical Sociology,,,10.1080/0022250X.2024.2340136,https://www.scopus.com/inward/record.uri?eid=2-s2.0-85192380777&doi=10.1080%2F0022250X.2024.2340136&partnerID=40&md5=25dd562c28ae192e0453c4575598ea02,"Theoretical agent-based models of residential and school choice have shown that substantial segregation can emerge as an (unintended) consequence of interactions between individual households and feedback mechanisms, despite households being relatively tolerant. However, for school choice, existing models have mostly been highly stylized, leaving open whether they are relevant for understanding school segregation in concrete empirical settings. To bridge this gap, this study develops an empirically calibrated agent-based model focusing on primary school choice in Amsterdam. Consistent with existing models, results show that substantial school segregation emerges when schools are chosen based on a trade-off between composition and distance, and also when households are relatively tolerant. Additionally, findings of (hypothetical) policy simulations suggest that it is important to understand which preferences for school composition and distance households have and how these interact. We find that the effects of policies aiming to reduce school segregation through geographical restricting mechanisms are highly dependent on those interacting preferences. Also, we assessed the contribution of residential segregation to school segregation. Our findings may have implications for methodologies aiming to estimate school choice preferences, such as discrete choice models, as these methodologies do not explicitly control for implications of these interactions and feedback mechanisms, which might lead to incorrect inference. © 2024 Taylor & Francis Group, LLC.",Thiago,2024,2026-03-17 21:30:23,2026-03-17 21:30:23,,362-392,,3,48,,,,,,,,,,,,,rayyan-448618216,,,,,,,Agent-based modeling; complex systems; complexity; empirical calibration; school choice; school segregation,,,,,,,
QU4DGTLM,journalArticle,2023,"Romero, D.; Escudero, P.",Adaptive Learning in Agent-Based Models: An Approach for Analyzing Human Behavior in Pandemic Crowding,Hybrid,Decision Support / Policy Evaluation,Regression / Statistical Inference,Applied System Innovation,,,10.3390/asi6060113,https://www.scopus.com/inward/record.uri?eid=2-s2.0-85180260637&doi=10.3390%2Fasi6060113&partnerID=40&md5=1412cd60422d94eed5b2a779947d9629,"This study assesses the impact of incorporating an adaptive learning mechanism into an agent-based model simulating behavior on a university campus during a pandemic outbreak, with the particular case of the COVID-19 pandemic. Our model not only captures individual behavior, but also serves as a powerful tool for assessing the efficacy of geolocalized policies in addressing campus overcrowding and infections. The main objective is to demonstrate RL’s effectiveness in representing agent behavior and optimizing control policies through adaptive decision-making in response to evolving pandemic dynamics. By implementing RL, we identify different temporal patterns of overcrowding violations, shedding light on the complexity of human behavior within semi-enclosed environments. While we successfully reduce campus overcrowding, the study recognizes its limited impact on altering the pandemic’s course, underlining the importance of comprehensive epidemic control strategies. Our research contributes to the understanding of adaptive learning in complex systems and provides insights for shaping future public health policies in similar community settings. It emphasizes the significance of considering individual decision-making influenced by adaptive learning, implementing targeted interventions, and the role of geospatial elements in pandemic control. Future research directions include exploring various parameter settings and updating representations of the disease’s natural history to enhance the applicability of these findings. This study offers valuable insights into managing pandemics in community settings and highlights the need for multifaceted control strategies. © 2023 by the authors.",Thiago,2023,2026-03-17 21:30:23,2026-03-17 21:30:23,,,,6,6,,,,,,,,,,,,,rayyan-448618251,,,,,C:\Users\Thiago\Zotero\storage\M3XRRHQX\Romero e Escudero - 2023 - Adaptive Learning in Agent-Based Models An Approach for Analyzing Human Behavior in Pandemic Crowdi.pdf,,reinforcement learning; COVID-19; agent-based modeling and simulation; social simulation,,,,,,,
7923IZVC,journalArticle,2023,"Taberna, A.; Filatova, T.; Hochrainer-Stigler, S.; Nikolić, I.; Noll, B.",Economic implications of autonomous adaptation of firms and households in a resource-rich coastal city,Empirical (micro),"Exploratory, Decision Support / Policy Evaluation",Exploratory / Scenario-based,Scientific Reports,,,10.1038/s41598-023-46318-2,https://www.scopus.com/inward/record.uri?eid=2-s2.0-85177438108&doi=10.1038%2Fs41598-023-46318-2&partnerID=40&md5=d64249de0bbc4e8f7a1b29a2cda8d782,"Climate change intensifies the likelihood of extreme flood events worldwide, amplifying the potential for compound flooding. This evolving scenario represents an escalating risk, emphasizing the urgent need for comprehensive climate change adaptation strategies across society. Vital to effective response are models that evaluate damages, costs, and benefits of adaptation strategies, encompassing non-linearities and feedback between anthropogenic and natural systems. While flood risk modeling has progressed, limitations endure, including inadequate stakeholder representation and indirect risks such as business interruption and diminished tax revenues. To address these gaps, we propose an innovative version of the Climate-economy Regional Agent-Based model that integrates a dynamic, rapidly expanding agglomeration economy populated by interacting households and firms with extreme flood events. Through this approach, feedback loops and cascading effects generated by flood shocks are delineated within a socio-economic system of boundedly-rational agents. By leveraging extensive behavioral data, our model incorporates a risk layering strategy encompassing bottom-up and top-down adaptation, spanning individual risk reduction to insurance. Calibrated to resemble a research-rich coastal megacity in China, our model demonstrates how synergistic adaptation actions at all levels effectively combat the mounting climate threat. Crucially, the integration of localized risk management with top-down approaches offers explicit avenues to address both direct and indirect risks, providing significant insights for constructing climate-resilient societies. © 2023, The Author(s).",Thiago,2023,2026-03-17 21:30:23,2026-03-17 21:30:23,,,,1,13,,,,,,,,,,,,,rayyan-448618253,,,,,C:\Users\Thiago\Zotero\storage\HKPNY3FA\Taberna et al. - 2023 - Economic implications of autonomous adaptation of firms and households in a resource-rich coastal ci.pdf,,,,,,,,,
TPQLM46G,journalArticle,2023,"Moosavi, S.F.; Salehnia, N.; Seifi, A.; Asgharpourmasouleh, A.; Salehnia, N.",Designing and calibrating an agent-based platform to evaluate the effect of climate variables on residential water demand,,,,Water and Environment Journal,,,10.1111/wej.12864,https://www.scopus.com/inward/record.uri?eid=2-s2.0-85152788729&doi=10.1111%2Fwej.12864&partnerID=40&md5=b9ec7a47974d8f1af4f4e6bfc53657c7,"Many Iranian metropolises, including Shiraz, are situated in arid and semi-arid regions, lacking sufficient renewable water resources. In recent years, climate changes, including drought and rising temperatures, have led to changes in water supply and demand. Given the necessity and importance of urban water supply, this study investigates the impact of different climate scenarios on residential water demand. Many studies, in their models, do not consider the social interactions between household water consumers and the change in their consumption behaviour, which serves as a fundamental drawback. Thus, the present research attempts to propose an agent-based framework by modelling social interactions via the diffusion process to investigate water consumption behaviour efficiently. The model is calibrated and applied to Shiraz City in Iran, according to the data from 2006 to 2019, and it is used to simulate each scenario for the following years until 2032. The findings show that temperature has a positive and significant effect on residential water consumption; yet, rainfall negatively affects water consumption. The simulation results of these scenarios for temperature increase or decrease and rainfall changes are estimated. In addition, the developed agent-based platform can be easily calibrated and adjusted based on the data of any other city to simulate water demand estimation under different climatic and even economic scenarios. Urban water managers can benefit from such estimates to plan future infrastructure development and proactive management of seasonal water resources under the growing pressure of potential climate change because construing the sensitivity of seasonal water consumption to climate conditions is essential to respond to variations in demand. © 2023 CIWEM.",Thiago,2023,2026-03-17 21:30:24,2026-03-17 21:30:24,,604-615,,3,37,,,,,,,,,,,,,rayyan-448618290,,,,,,,agent-based model; diffusion process; domestic water demand; precipitation; temperature,,,,,,,
7YM4CUC7,journalArticle,2023,"Baldi, L.; Arfini, F.; Calzolai, S.; Donati, M.",An Impact Assessment of GHG Taxation on Emilia-Romagna Dairy Farms through an Agent-Based Model Based on PMP,Empirical (micro),Decision Support / Policy Evaluation,Exploratory / Scenario-based,Land,,,10.3390/land12071409,https://www.scopus.com/inward/record.uri?eid=2-s2.0-85166195559&doi=10.3390%2Fland12071409&partnerID=40&md5=caf3a94d0b88f53ce1a4314e311ea443,"The aim of this work is to assess the structural, production, environmental, and economic impact of an increasing tax on climate change gas emissions related to milk production under the current CAP payment system. The analysis is performed using an Agent-Based Model (ABM) based on Positive Mathematical Programming (PMP). The integration between ABM and PMP makes it possible to simulate farmers’ strategies considering the interaction between them, the territorial specificity, and the heterogeneity of farms in the presence of little information on production costs. It also makes it possible to add a social and cultural perspective to the economic factors. The model is calibrated using FADN data for the Emilia-Romagna region (Italy) from the year 2020. The results show that farmers belonging to different age groups make decisions based on economic profitability, but also on their social and cultural background. To maximise their utility functions, farmers can opt for more efficient agricultural management practices that may result in the exchange of production factors, especially land. The overall impact penalises less efficient farms and agricultural production with higher negative externalities. © 2023 by the authors.",Thiago,2023,2026-03-17 21:30:24,2026-03-17 21:30:24,,,,7,12,,,,,,,,,,,,,rayyan-448618292,,,,,C:\Users\Thiago\Zotero\storage\73DK36UQ\Baldi et al. - 2023 - An Impact Assessment of GHG Taxation on Emilia-Romagna Dairy Farms through an Agent-Based Model Base.pdf,,agent-based model; CAP reform; CO2 taxation; PMP,,,,,,,
WQB8I4YJ,journalArticle,2023,"Lai, Z.; Li, S.; Lin, J.; Li, H.","Fine-scale simulation of spatial population distribution by coupling GA–ABM and big data: A case study of Dongguan, China",,,,Transactions in GIS,,,10.1111/tgis.13068,https://www.scopus.com/inward/record.uri?eid=2-s2.0-85159896761&doi=10.1111%2Ftgis.13068&partnerID=40&md5=5406625c8df8b458ef17966ab774e6f5,"Capturing spatial population distribution can offer useful information for urban planning to promote reasonable population distribution and allocate urban resource. Agent-based model (ABM) based on the modeling idea of “bottom-up” can offer the ability to simulate the complex individual behaviors that generate spatial population distribution. Previous ABMs were unable to be extended for simulation of spatial population distribution at a fine scale due to the shortage of fine characterization of the urban environment and the calibration of agents' behavior. This study filled these gaps by proposing a genetic algorithm-ABM (GA–ABM) for fine-scale simulation of spatial population distribution in a manufacturing metropolis. In this model, the employment and residential choice behaviors of agents were defined by the labor economic theory and discrete selection model. Multisource geospatial big data such as enterprise points-of-interest big data and building footprints data were used to finely characterize the labor market and urban environment to reflect the impact of agents' employment choices on their residential decision. Furthermore, the grid-scale population investigation big data were combined with the GA to calibrate the agents' residential decision behaviors. The proposed model was used in Dongguan, the typical manufacturing metropolis in China. As a comparison, the expert-experience-based method-ABM (EEBM–ABM) was also conducted by using the same data set. Through the comparison of the results produced by these two models, it was demonstrated that the model coefficient calibrated by GA could effectively reflect the agents' residential decisions. The calibrated GA–ABM is more capable than EEBM–ABM in simulating spatial population distribution in a manufacturing metropolis. Hence, the proposed model can be used to simulate spatial population distribution in a manufacturing metropolis which helps the urban planner to conduct scientific urban planning. © 2023 John Wiley & Sons Ltd.",Thiago,2023,2026-03-17 21:30:24,2026-03-17 21:30:24,,1263-1286,,4,27,,,,,,,,,,,,,rayyan-448618301,,,,,,,,,,,,,,
FVYVNNEZ,journalArticle,2023,"Danaye, N.; Kian, R.; Colmekcioglu, N.",An Agent-Based Modeling Approach for Understanding Drivers of Consumer Decisions on Foreign versus Domestic Products: Case Study of a Local Refrigerator Market,,,,International Journal of Information Technology and Decision Making,,,10.1142/S021962202250064X,https://www.scopus.com/inward/record.uri?eid=2-s2.0-85139847653&doi=10.1142%2FS021962202250064X&partnerID=40&md5=3de5404001eaf056e4daf26f3b1b056b,"Despite extensive studies on consumer behavior and decision making, the social influence of consumers on each other has not been widely investigated. To incorporate such interactions, in this study, we propose and apply an agent-based simulation model where consumers are defined as agents. The purchase behavior of each agent is characterized as a function based on the concept of the black-box model for consumer behavior. In particular, we investigate the effect of consumers' social network and its interaction with the marketing mix parameters (4Ps). A case study of household appliances in a local market is used to demonstrate how the dynamics of preferences between domestic and foreign brands occurs. The simulation model is used to examine the effect of eight scenarios related to these interactions. The obtained results are compared and the most important factors are determined as product features and price. © 2023 World Scientific Publishing Company.",Thiago,2023,2026-03-17 21:30:24,2026-03-17 21:30:24,,1107-1134,,3,22,,,,,,,,,,,,,rayyan-448618308,,,,,,,social influence; consumer behavior; Agent-based-modeling; Black Box model; consumer purchasing decisions; perception on foreign versus domestic products,,,,,,,
EDJI2JTY,journalArticle,2023,"Epstein, J.M.",Inverse Generative Social Science: Backward to the Future,NA,NA,NA,JASSS,,,10.18564/jasss.5083,https://www.scopus.com/inward/record.uri?eid=2-s2.0-85153856854&doi=10.18564%2Fjasss.5083&partnerID=40&md5=465eb42b45a6942ba83cc10aecb7c515,"The agent-based model is the principal scientific instrument of generative social science. Typically, we design completed agents—fully endowed with rules and parameters—to grow macroscopic target patterns from the bottom up. Inverse generative science (iGSS) stands this approach on its head: Rather than handcrafting completed agents to growa target—the forward problem—we start with the macro-target and evolve microagents that generate it, stipulating only primitive agent-rule constituents and permissible combinators. Rather than specific agents as designed inputs, we are interested in agents—indeed, families of agents—as evolved outputs. This is the backward problem and tools from Evolutionary Computing can help us solve it. In this overarching essay of the current JASSS Special Section, Part 1 discusses the motivation for iGSS. Part 2 discusses its goals, as distinct from other approaches. Part 3 discusses how to do it concretely, previewing the five iGSS applications that follow. Part 4 discusses several foundational issues for agent-based modeling and economics. Part 5 proposes a central future application of iGSS: to evolve explicit formal alternatives to the Rational Actor, with Agent_Zero as one possible point of evolutionary departure. Conclusions and future research directions are offered in Part 6. Looking ‘backward to the future,’ I also include, as Appendices, a pair of 1992 memoranda to the then President of the Santa Fe Institute on the forward (growing artificial societies from the bottom up) and backward (iGSS) problems. © 2023, JASSS. All rights reserved.",Thiago,2023,2026-03-17 21:30:24,2026-03-17 21:30:24,,,,2,26,,,,,,,,,,,,,rayyan-448618321,,,,,C:\Users\Thiago\Zotero\storage\55YZQ4TU\Epstein - 2023 - Inverse Generative Social Science Backward to the Future.pdf,,Agent-Based Modeling; Inverse Generative Social Science; Artificial Intelligence; Evolutionary Computing; Generative Social Science; Rational Choice Theory,,,,,,,
QPIHSYTG,journalArticle,2023,"Mohammed, A.M.S.; Ukai, T.",Agent-based modelling for spatiotemporal patterns of urban land expansion around university campuses,Hybrid,"Predictive, Decision Support / Policy Evaluation","Local (OAT/OFAT), Regression / Statistical Inference",Modeling Earth Systems and Environment,,,10.1007/s40808-022-01551-y,https://www.scopus.com/inward/record.uri?eid=2-s2.0-85139488899&doi=10.1007%2Fs40808-022-01551-y&partnerID=40&md5=66ab8e4c330c654f24225879a71c420a,"University campuses are known to be accompanied by physical and economic spatiotemporal patterns that contribute to the urban land expansion process of their respective cities. Therefore, this paper assesses the impact brought by Kyushu University’s Ito campus on the urban land expansion process of Fukuoka City since its establishment. First, ArcGIS software was used to develop urbanity raster maps by aggregating space syntax, spacematrix, and mixed-use index maps. Then, Netlogo software was used to create the simulation model using urbanity maps. Furthermore, agents for simulating the urban land expansion process were created based on developers’ behavior retrieved from the literature and real-world observed data. Proposed model has been verified by conducting a sensitivity analysis and checking R-squared value of simulated maps. Then, the model has been used to simulate expected urban land expansion before and after Ito campus establishment. Comparing resulted maps has shown that Ito campus is anticipated to have accelerated the urban land expansion process in the area by 3.3 times on average. Thus, university campuses can be considered as accelerators for the urban land expansion process of their respective cities. The significance of this paper lies in proposing a model that can be used, by urban planners and decision-makers, to anticipate urban land expansion to come up with evidence-based research-informed land management plans. © 2022, The Author(s), under exclusive licence to Springer Nature Switzerland AG.",Thiago,2023,2026-03-17 21:30:24,2026-03-17 21:30:24,,1119-1133,,1,9,,,,,,,,,,,,,rayyan-448618329,,,,,,,Agent-based simulation; Campus design; Campus development; City urbanization; Urban resilience,,,,,,,
WJWGUFZR,journalArticle,2023,"de Ruig, L.T.; Haer, T.; de Moel, H.; Orton, P.; Botzen, W.J.W.; Aerts, J.C.J.H.","An agent-based model for evaluating reforms of the National Flood Insurance Program: A benchmarked model applied to Jamaica Bay, NYC",Empirical (micro),Decision Support / Policy Evaluation,Local (OAT/OFAT),Risk Analysis,,,10.1111/risa.13905,https://www.scopus.com/inward/record.uri?eid=2-s2.0-85128266521&doi=10.1111%2Frisa.13905&partnerID=40&md5=afa477c5b20d2c9a89f4a24508146a2c,"Coastal flood risk is expected to increase as a result of climate change effects, such as sea level rise, and socioeconomic growth. To support policymakers in making adaptation decisions, accurate flood risk assessments that account for the influence of complex adaptation processes on the developments of risks are essential. In this study, we integrate the dynamic adaptive behavior of homeowners within a flood risk modeling framework. Focusing on building-level adaptation and flood insurance, the agent-based model (DYNAMO) is benchmarked with empirical data for New York City, USA. The model simulates the National Flood Insurance Program (NFIP) and frequently proposed reforms to evaluate their effectiveness. The model is applied to a case study of Jamaica Bay, NY. Our results indicate that risk-based premiums can improve insurance penetration rates and the affordability of insurance compared to the baseline NFIP market structure. While a premium discount for disaster risk reduction incentivizes more homeowners to invest in dry-floodproofing measures, it does not significantly improve affordability. A low interest rate loan for financing risk-mitigation investments improves the uptake and affordability of dry-floodproofing measures. The benchmark and sensitivity analyses demonstrate how the behavioral component of our model matches empirical data and provides insights into the underlying theories and choices that autonomous agents make. © 2022 The Authors. Risk Analysis published by Wiley Periodicals LLC on behalf of Society for Risk Analysis.",Thiago,2023,2026-03-17 21:30:24,2026-03-17 21:30:24,,405-422,,2,43,,,,,,,,,,,,,rayyan-448618341,,,,,C:\Users\Thiago\Zotero\storage\QPK5MGVL\de Ruig et al. - 2023 - An agent-based model for evaluating reforms of the National Flood Insurance Program A benchmarked m.pdf,,agent-based model; affordability; disaster risk reduction; dynamic adaptive behavior; flood insurance,,,,,,,
Q7VAXDVL,journalArticle,2023,"Taberna, A.; Filatova, T.; Hadjimichael, A.; Noll, B.",Uncertainty in boundedly rational household adaptation to environmental shocks,Hybrid,"Exploratory, Decision Support / Policy Evaluation","Global (Variance-based), Exploratory / Scenario-based",Proceedings of the National Academy of Sciences of the United States of America,,,10.1073/pnas.2215675120,https://www.scopus.com/inward/record.uri?eid=2-s2.0-85175497363&doi=10.1073%2Fpnas.2215675120&partnerID=40&md5=88e953f87e7c12854c8f1ac53765587a,"Despite the growing calls to integrate realistic human behavior in sustainability science models, the representative rational agent prevails. This is especially problematic for climate change adaptation that relies on actions at various scales: from governments to individuals. Empirical evidence on individual adaptation to climate-induced hazards reveals diverse behavioral and social factors affecting economic considerations. Yet, implications of replacing the rational optimizer by realistic human behavior in nature society systems models are poorly understood. Using an innovative evolutionary economic agent-based model we explore different framings regarding household adaptation behavior to floods, leveraging on behavioral data from a household survey in Miami, USA. We find that a representative rational agent significantly overestimates household adaptation diffusion and underestimates damages compared to boundedly rational behavior revealed from our survey. This ""adaptation deficit"" exhibited by a population of empirically informed agents is explained primarily by diverse ""soft"" adaptation constraints awareness, social influences rather than heterogeneity in financial constraints. Besides initial inequality disproportionally impacting low/medium adaptive capacity households post-flood, our findings suggest that even under a nearly complete adaptation diffusion, adaptation benefits are uneven, with late or less-efficient actions locking households to a path of higher damages, further exacerbating inequalities. Our exploratory modeling reveals that behavioral assumptions shape the uncertainty of physical factors, like exposure and objective effectiveness of flood-proofing measures, traditionally considered crucial in risk assessments. This unique combination of methods facilitates the assessment of cumulative and distributional effects of boundedly rational behavior essential for designing tailored climate adaptation policies, and for equitable sustainability transitions in general. © 2023 National Academy of Sciences. All rights reserved.",Thiago,2023,2026-03-17 21:30:24,2026-03-17 21:30:24,,,,44,120,,,,,,,,,,,,,rayyan-448618346,,,,,C:\Users\Thiago\Zotero\storage\8BKXU8GQ\Taberna et al. - 2023 - Uncertainty in boundedly rational household adaptation to environmental shocks.pdf,,,,,,,,,
3X3SU7UV,journalArticle,2023,"Mood, M.M.; Mohaghar, A.; Nesari, Y.",Simulation of research and development collaborations as complex socio-technical systems using a hybrid of agent-based modelling and system dynamics,,,,"International Journal of Technology, Policy and Management",,,10.1504/IJTPM.2023.129470,https://www.scopus.com/inward/record.uri?eid=2-s2.0-85153867450&doi=10.1504%2FIJTPM.2023.129470&partnerID=40&md5=1a45109f27bf78c34ad6daf0251fce6c,"Today, organisations collaborate to use more resources and reduce the risk of technological activities. The result of these collaborations is complex systems with socio-technical characteristics that, despite the many benefits, bring new and different problems and challenges for them. The current research intends to study these collaborations not as a static phenomenon but as a dynamic and heterogeneous system with various socio-technical characteristics, contrary to the prevailing practice in research in this field. Therefore, system dynamics and agent-based modelling are used to model an R&D collaboration system. Validation tests and comparison of simulation results with the actual behaviour of the system show success in recognising and representing the system under study. Findings show that using a socio-technical perspective and its methods helps to capture and structure the complexity and problems of systems and the interrelationships of these problems in a holistic view. © © 2023 Inderscience Enterprises Ltd.",Thiago,2023,2026-03-17 21:30:24,2026-03-17 21:30:24,,81-101,,1,23,,,,,,,,,,,,,rayyan-448618359,,,,,,,cooperation; simulation; agent-based modelling; innovation; system dynamics; AnyLogic software; applications; modelling methods; research and development collaborations; socio-technical approach; startups,,,,,,,
TGBBW47P,journalArticle,2023,"Chattoe-Brown, E.",Is agent-based modelling the future of prediction?,Theoretical (literature),Theoretical / Illustrative,NA,International Journal of Social Research Methodology,,,10.1080/13645579.2022.2137923,https://www.scopus.com/inward/record.uri?eid=2-s2.0-85141148150&doi=10.1080%2F13645579.2022.2137923&partnerID=40&md5=6ea4d2de754811d4688e5cfc25c7739f,"This article argues that Agent-Based Modelling, owing to its capabilities and methodology, has a distinctive contribution to make to delivering coherent social science prediction. The argument has four parts. The first identifies key elements of social science prediction induced from real research across disciplines, thus avoiding a straw person approach to what prediction is. The second illustrates Agent-Based Modelling using an example, showing how it provides a framework for coherent prediction analysis. As well as introducing the method to general readers, argument by example minimises generic discussion of Agent-Based Modelling and encourages prediction relevance. The third deepens the analysis by combining concepts from the model example and prediction research to examine distinctive contributions Agent-Based Modelling offers regarding two important challenges: Predictive failure and prediction assessment. The fourth presents a novel approach–predicting models using models–illustrating again how Agent-Based Modelling adds value to social science prediction. © 2022 The Author(s). Published by Informa UK Limited, trading as Taylor & Francis Group.",Thiago,2023,2026-03-17 21:30:24,2026-03-17 21:30:24,,143-155,,2,26,,,,,,,,,,,,,rayyan-448618367,,,,,C:\Users\Thiago\Zotero\storage\KCJM3FCH\Chattoe-Brown - 2023 - Is agent-based modelling the future of prediction.pdf,,Agent-based modelling; methodology; prediction; validation; research design,,,,,,,
9HEDBI3Y,journalArticle,2023,"Evans, B.P.; Glavatskiy, K.; Harré, M.S.; Prokopenko, M.",The impact of social influence in Australian real estate: market forecasting with a spatial agent-based model,Empirical (micro),Predictive,"Global (Screening), Local (OAT/OFAT)",Journal of Economic Interaction and Coordination,,,10.1007/s11403-021-00324-7,https://www.scopus.com/inward/record.uri?eid=2-s2.0-85103297895&doi=10.1007%2Fs11403-021-00324-7&partnerID=40&md5=2a8a170dcce0849ea4cb0621b09712d4,"Housing markets are inherently spatial, yet many existing models fail to capture this spatial dimension. Here, we introduce a new graph-based approach for incorporating a spatial component in a large-scale urban housing agent-based model (ABM). The model explicitly captures several social and economic factors that influence the agents’ decision-making behaviour (such as fear of missing out, their trend-following aptitude, and the strength of their submarket outreach), and interprets these factors in spatial terms. The proposed model is calibrated and validated with the housing market data for the Greater Sydney region. The ABM simulation results not only include predictions for the overall market, but also produce area-specific forecasting at the level of local government areas within Sydney as arising from individual buy and sell decisions. In addition, the simulation results elucidate agent preferences in submarkets, highlighting differences in agent behaviour, for example, between first-time home buyers and investors, and between both local and overseas investors. © 2021, The Author(s), under exclusive licence to Springer-Verlag GmbH Germany, part of Springer Nature.",Thiago,2023,2026-03-17 21:30:24,2026-03-17 21:30:24,,5-57,,1,18,,,,,,,,,,,,,rayyan-448618374,,,,,C:\Users\Thiago\Zotero\storage\DVX6M3J3\Evans et al. - 2023 - The impact of social influence in Australian real estate market forecasting with a spatial agent-ba.pdf,,Agent-based modelling; Social influence; Decision-making; Housing markets; Spatial models; Trend following,,,,,,,
DELM5DY2,journalArticle,2022,"Masuda, S.; Bahr, K.; Tsuchiya, N.; Takemori, T.","Agent based simulation with data driven parameterization for evaluation of social acceptance of a geothermal development: a case study in Tsuchiyu, Fukushima, Japan",Empirical (micro),"Decision Support / Policy Evaluation, Descriptive / Phenomena-based","Local (OAT/OFAT), Exploratory / Scenario-based",Scientific Reports,,,10.1038/s41598-022-07272-7,https://www.scopus.com/inward/record.uri?eid=2-s2.0-85125576194&doi=10.1038%2Fs41598-022-07272-7&partnerID=40&md5=4b4867fa1916d1c996cc395c136b55da,"Development of geothermal power plants and local geothermal energy initiatives have lagged due to the social problems such as conflicts with stakeholders such as Onsen (Hot Spa) owners, despite the abundant geothermal resources. Study area was Tsuchiyu Onsen in Fukushima prefecture, Tohoku (Northeast) District, Japan, where the Great East Japan Earthquake and Fukushima Nuclear Accident occurred in 2011, and the reconstruction and local initiatives of geothermal energy were still unclear. Agent-based modeling is an effective methodology for modeling and analysis of opinion formation. Parameter estimation method was proposed to extract appropriate parameters from various factors through a Bayesian Network. The characteristics of stakeholders and communities that affected opinion formation in the survey area were successfully extracted. Here we show the sufficient methodology to quantify the characteristics of each person using survey data, and to extract the parameters of the agent by data-driven inverse analysis. By using this methodology, we could reproduce opinion diversity, which is a property of opinion formation in real communities. This result suggests that the model replicates the actual formation of opinion in Tsuchiyu, where the economy was boosted by the construction of a binary cycle power plant. © 2022, The Author(s).",Thiago,2022,2026-03-17 21:30:24,2026-03-17 21:30:24,,,,1,12,,,,,,,,,,,,,rayyan-448618389,,,,,C:\Users\Thiago\Zotero\storage\HIAEJ5GA\Masuda et al. - 2022 - Agent based simulation with data driven parameterization for evaluation of social acceptance of a ge.pdf,,,,,,,,,
HAWCFNBA,journalArticle,2022,"Tieleman, S.",Towards a Validation Methodology for Macroeconomic Agent-Based Models,NA,NA,NA,Computational Economics,,,10.1007/s10614-021-10191-w,https://www.scopus.com/inward/record.uri?eid=2-s2.0-85115015595&doi=10.1007%2Fs10614-021-10191-w&partnerID=40&md5=f8b90e6ac1c50e948abc62d59bc195c7,"Agent-based models provide a promising new tool in macroeconomic research. Questions have been raised, however, regarding the validity of such models. A methodology of macroeconomic agent-based model (MABM) validation, that provides a deeper understanding of validation practices, is required. This paper takes steps towards such a methodology by connecting three elements. First, is a foundation of model validation in general. Second is a classification of models dependent on how the model is validated. An important distinction in this classification is the difference between mechanism and target validation. Third, is a framework that revolves around the relationship between the structure of models of complex systems with emergent properties and validation in practice. Important in this framework is to consider MABMs as modelling multiple non-trivial levels. Connecting these three elements provides us with a methodology of the validation of MABMs and allows us to come to the following conclusions regarding MABM validation. First, in MABMs, mechanisms at a lower level are distinct from, but provide input to higher levels of mechanisms. Since mechanisms at different levels are validated in different ways we can come to a specific characterization of MABMs within the model classification framework. Second, because the mechanisms of MABMs are validated in a direct way at the level of the agent, MABMs can be seen as a move towards a more realist approach to modelling compared to DSGE. © 2021, The Author(s).",Thiago,2022,2026-03-17 21:30:24,2026-03-17 21:30:24,,1507-1527,,4,60,,,,,,,,,,,,,rayyan-448618390,,,,,C:\Users\Thiago\Zotero\storage\V2FNS7J8\Tieleman - 2022 - Towards a Validation Methodology for Macroeconomic Agent-Based Models.pdf,,Agent-based models; Macroeconomics; Complexity economics; Economics methodology; Model validation,,,,,,,
ADHPU95J,journalArticle,2022,"Bruno, B.; Faggini, M.",The cashless man: do preferences matter?,"Theoretical (literature), Empirical (macro)",Explanatory,Regression / Statistical Inference,Journal of Evolutionary Economics,,,10.1007/s00191-022-00775-6,https://www.scopus.com/inward/record.uri?eid=2-s2.0-85134301768&doi=10.1007%2Fs00191-022-00775-6&partnerID=40&md5=87c5ec7e49671efb7518c57e81cb019f,"This paper deals with the relationship between individual preferences and the use of cash. Building on insights from economic and psychological literature, we present an agent-based model simulating consumers’ behaviour when choosing which mean of payment to use, according the value of the transaction. Assuming heterogeneous preferences for mean of payment, results show that the number of cash transactions and their value strongly depend on both the consumption and the preference structure. Results are validated with EU countries’ data, considering different national policies adopted on the cash usage. © 2022, The Author(s).",Thiago,2022,2026-03-17 21:30:24,2026-03-17 21:30:24,,1525-1544,,5,32,,,,,,,,,,,,,rayyan-448618398,,,,,C:\Users\Thiago\Zotero\storage\U8LID5KB\Bruno e Faggini - 2022 - The cashless man do preferences matter.pdf,,Agent-based model; Cash; Countries’ validation,,,,,,,
9LH8NMBX,journalArticle,2022,"Malleson, N.; Birkin, M.; Birks, D.; Ge, J.; Heppenstall, A.; Manley, E.; McCulloch, J.; Ternes, P.",Agent-based modelling for Urban Analytics: State of the art and challenges,NA,NA,NA,AI Communications,,,10.3233/AIC-220114,https://www.scopus.com/inward/record.uri?eid=2-s2.0-85140832910&doi=10.3233%2FAIC-220114&partnerID=40&md5=b6a0f9b0941e86fc22583c6c84dd532f,"Agent-based modelling (ABM) is a facet of wider Multi-Agent Systems (MAS) research that explores the collective behaviour of individual agents', and the implications that their behaviour and interactions have for wider systemic behaviour. The method has been shown to hold considerable value in exploring and understanding human societies, but is still largely confined to use in academia. This is particularly evident in the field of Urban Analytics; one that is characterised by the use of new forms of data in combination with computational approaches to gain insight into urban processes. In Urban Analytics, ABM is gaining popularity as a valuable method for understanding the low-level interactions that ultimately drive cities, but as yet is rarely used by stakeholders (planners, governments, etc.) to address real policy problems. This paper presents the state-of-the-art in the application of ABM at the interface of MAS and Urban Analytics by a group of ABM researchers who are affiliated with the Urban Analytics programme of the Alan Turing Institute in London (UK). It addresses issues around modelling behaviour, the use of new forms of data, the calibration of models under high uncertainty, real-time modelling, the use of AI techniques, large-scale models, and the implications for modelling policy. The discussion also contextualises current research in wider debates around Data Science, Artificial Intelligence, and MAS more broadly. © 2022 - IOS Press. All rights reserved.",Thiago,2022,2026-03-17 21:30:24,2026-03-17 21:30:24,,393-406,,4,35,,,,,,,,,,,,,rayyan-448618408,,,,,C:\Users\Thiago\Zotero\storage\9ADXEY8C\Malleson et al. - 2022 - Agent-based modelling for Urban Analytics State of the art and challenges.pdf,,Agent-Based Modelling (ABM); Multi-Agent Systems (MAS) research; Urban Analytics,,,,,,,
92LZA7GG,journalArticle,2022,"Valinejad, J.; Mili, L.; Van Der Wal, C.N.",Multi-Agent Based Stochastic Dynamical Model to Measure Community Resilience,Hybrid,Decision Support / Policy Evaluation,"Exploratory / Scenario-based, Regression / Statistical Inference",Journal of Social Computing,,,10.23919/JSC.2022.0008,https://www.scopus.com/inward/record.uri?eid=2-s2.0-85144115541&doi=10.23919%2FJSC.2022.0008&partnerID=40&md5=55e5135ca2c49be9305c7d6397fbe516,"Emergency services and utilities need appropriate planning tools to analyze and improve infrastructure and community resilience to disasters. Recognized as a key metric of community resilience is the social well-being of a community during a disaster, which is made up of mental and physical social health. Other factors influencing community resilience directly or indirectly are emotional health, emergency services, and the availability of critical infrastructures services, such as food, agriculture, water, transportation, electric power, and communications system. It turns out that in computational social science literature dealing with community resilience, the role of these critical infrastructures along with some important social characteristics is not considered. To address these weaknesses, we develop a new multi-agent based stochastic dynamical model, standardized by overview, design concepts, details, and decision (ODD+D) protocol and derived from neuro-science, psychological and social sciences, to measure community resilience in terms of mental and physical well-being. Using this model, we analyze the micro-macro level dependence between the emergency services and power systems and social characteristics such as fear, risk perception, information-seeking behaviour, cooperation, flexibility, empathy, and experience, in an artificial society. Furthermore, we simulate this model in two case studies and show that a high level of flexibility, experience, and cooperation enhances community resilience. Implications for both theory and practice are discussed. © 2020 Tsinghua University Press.",Thiago,2022,2026-03-17 21:30:24,2026-03-17 21:30:24,,262-286,,3,3,,,,,,,,,,,,,rayyan-448618409,,,,,C:\Users\Thiago\Zotero\storage\PLC6TLEI\Valinejad et al. - 2022 - Multi-Agent Based Stochastic Dynamical Model to Measure Community Resilience.pdf,,power systems; and decision (ODD+D); artificial society; collective behavior; community resilience; critical infrastructures; cyber-physical-social system; design concepts; details; emergency services; overview,,,,,,,
MZM83VEI,journalArticle,2022,"Safarzyńska, K.; van den Bergh, J.C.J.M.",ABM-IAM: optimal climate policy under bounded rationality and multiple inequalities,Hybrid,Decision Support / Policy Evaluation,"Exploratory / Scenario-based, Local (OAT/OFAT)",Environmental Research Letters,,,10.1088/1748-9326/ac8b25,https://www.scopus.com/inward/record.uri?eid=2-s2.0-85137625138&doi=10.1088%2F1748-9326%2Fac8b25&partnerID=40&md5=d2d490db6d1488cbaeaced4e9705eeb4,"Despite considerable concern about potentially inequitable effects of climate policy, models fall short in assessing their implications for policy design. To address this issue, we develop an agent-based climate-economy model, agent-based modelling-Integrated Assessment Model, as a disaggregated, behavioural approach to integrated climate assessment. It describes networks of heterogeneous consumers, banks, power plants and firms, and is calibrated on patterns of growth and carbon dioxide emissions generated by the DICE model of Nordhaus. Whereas the latter assumes full employment and abstains from a financial sector and inequality considerations, our approach relaxes these restrictions to obtain a more reliable assessment of climate policy impacts. We show that inequalities in labour and capital income serve as essential but overlooked links between climate-change damages and optimal climate policy. Our result show that lower inequalities of labour income increase the social cost of carbon (SCC), while the impact of capital income inequalities on the SCC depends on the share of population receiving capital rents. © 2022 The Author(s). Published by IOP Publishing Ltd.",Thiago,2022,2026-03-17 21:30:24,2026-03-17 21:30:24,,,,9,17,,,,,,,,,,,,,rayyan-448618413,,,,,C:\Users\Thiago\Zotero\storage\8ZP9MC9L\Safarzyńska e van den Bergh - 2022 - ABM-IAM optimal climate policy under bounded rationality and multiple inequalities.pdf,,agent-based modelling; climate policy; social cost of carbon,,,,,,,
6VEUW99L,journalArticle,2022,"Walzberg, J.; Cooperman, A.; Watts, L.; Eberle, A.L.; Carpenter, A.; Heath, G.A.",Regional representation of wind stakeholders’ end-of-life behaviors and their impact on wind blade circularity,Hybrid,Decision Support / Policy Evaluation,"Global (Variance-based), Metamodeling / Surrogate",iScience,,,10.1016/j.isci.2022.104734,https://www.scopus.com/inward/record.uri?eid=2-s2.0-85134646390&doi=10.1016%2Fj.isci.2022.104734&partnerID=40&md5=d308b987e1724ab1a0fa7fafdc461d58,"The growing number of end-of-life (EOL) wind blades could further strain US landfills or be a valuable composite materials source, depending on stakeholders’ behaviors. Technical solutions based on circular economy (CE) principles have been proposed but are not guaranteed to solve the issue of EOL management. Transitioning to CE implies changing how business models, supply chains, and behaviors deal with products and waste. A spatially resolved agent-based modeling combined with a machine-learning metamodel shows that including behavioral factors is crucial to designing effective policies. Logistical barriers and transportation costs significantly affect the results: lowering blade shredding costs by a third before transportation makes EOL blades a source of valuable materials, decreasing the 2050 cumulative landfill rate below 50%. In another scenario, parameter settings simulating policy interventions aiming at boosting early adoption incites new social norms favorable to recycling, lowering the cumulative landfill rate below 10%. © 2022 The Author(s)",Thiago,2022,2026-03-17 21:30:24,2026-03-17 21:30:24,,,,8,25,,,,,,,,,,,,,rayyan-448618419,,,,,C:\Users\Thiago\Zotero\storage\3ENN5FXQ\Walzberg et al. - 2022 - Regional representation of wind stakeholders’ end-of-life behaviors and their impact on wind blade c.pdf,,Energy resources; Energy policy; Energy Modeling; Energy sustainability,,,,,,,
7VI64ESX,journalArticle,2022,"Lux, T.",Bayesian Estimation of Agent-Based Models via Adaptive Particle Markov Chain Monte Carlo,"Empirical (macro), ""Synthetic (machine learning, AI, other)""",Descriptive / Phenomena-based,Regression / Statistical Inference,Computational Economics,,,10.1007/s10614-021-10155-0,https://www.scopus.com/inward/record.uri?eid=2-s2.0-85110936373&doi=10.1007%2Fs10614-021-10155-0&partnerID=40&md5=0a9ade8cd797174f2f38b2712a854b0b,"Over the last decade, agent-based models in economics have reached a state of maturity that brought the tasks of statistical inference and goodness-of-fit of such models on the agenda of the research community. While most available papers have pursued a frequentist approach adopting either likelihood-based algorithms or simulated moment estimators, here we explore Bayesian estimation using a Markov chain Monte Carlo approach (MCMC). One major problem in the design of MCMC estimators is finding a parametrization that leads to a reasonable acceptance probability for new draws from the proposal density. With agent-based models the appropriate choice of the proposal density and its parameters becomes even more complex since such models often require a numerical approximation of the likelihood. This brings in additional factors affecting the acceptance rate as it will also depend on the approximation error of the likelihood. In this paper, we take advantage of a number of recent innovations in MCMC: We combine Particle Filter Markov Chain Monte Carlo as proposed by Andrieu et al. (J R Stat Soc B 72(Part 3):269–342, 2010) with adaptive choice of the proposal distribution and delayed rejection in order to identify an appropriate design of the MCMC estimator. We illustrate the methodology using two well-known behavioral asset pricing models. © 2021, The Author(s).",Thiago,2022,2026-03-17 21:30:24,2026-03-17 21:30:24,,451-477,,2,60,,,,,,,,,,,,,rayyan-448618427,,,,,C:\Users\Thiago\Zotero\storage\BZ47QKRM\Lux - 2022 - Bayesian Estimation of Agent-Based Models via Adaptive Particle Markov Chain Monte Carlo.pdf,,Agents-based models; Makov chain Monte Carlo; Particle filter,,,,,,,
CQ8UR4GQ,journalArticle,2022,"Nouri, A.; Saghafian, B.; Bazargan-Lari, M.R.; Delavar, M.; Hassanjabbar, A.",Impact of Penalty Policy on Farmers' Overexploitation Based on Agent-Based Modeling Framework,,,,Journal of Water Resources Planning and Management,,,10.1061/(ASCE)WR.1943-5452.0001543,https://www.scopus.com/inward/record.uri?eid=2-s2.0-85126978272&doi=10.1061%2F%28ASCE%29WR.1943-5452.0001543&partnerID=40&md5=135c82ab8bb9ca7433bbc53bdc3643b2,"One strategy to deal with unauthorized groundwater withdrawals by farmers is to impose penalties. Because farmers' over-exploitation is subject to social, economic, cultural, and agricultural characteristics of the region, feedback assessments of a penalty policy using socio-economic simulation is indispensable. This study presents an agent-based framework to study the interaction among agricultural, environmental, and regulator agents within an agricultural system. The behavior of the agricultural sector was simulated at two levels: agricultural sub-agents, and agricultural group-agents. For agricultural sub-agents, individual benefit was maximized under behavioral and physical constraints simulated by a fuzzy inference system (FIS) and mathematical programing. A coupled linear optimization and nondominated sorting genetic algorithm (NSGA-II) were adopted to identify the best solution, from the agricultural sector's viewpoint. The proposed framework was implemented in the Najaf Abad hydrological unit, situated in Isfahan province, central Iran, considering fixed and stepwise penalty approaches. Sensitivity analysis of the amount of base penalty in the fixed penalty scenario indicated that, under a $0.12 per cubic meter penalty, the annual over-exploitation declined from the current 79 million cubic meters (MCM) to zero. Furthermore, the results indicated that if the width of the step increased from 1 to 9 MCM/year, the over-exploitation increased by about 18 MCM/year. © 2022 American Society of Civil Engineers.",Thiago,2022,2026-03-17 21:30:24,2026-03-17 21:30:24,,,,5,148,,,,,,,,,,,,,rayyan-448618448,,,,,,,Agent-based model; Fuzzy inference system (FIS); Groundwater over-exploitation; Najaf Abad; Nondominated sorting genetic algorithm (NSGA-II); Penalty pattern,,,,,,,
AFZPZTRP,journalArticle,2022,"Liuzzi, D.; Vié, A.",Staring at the Abyss: a neurocognitive grounded agent-based model of collective-risk social dilemma under the threat of environmental disaster,Theoretical (literature),Theoretical / Illustrative,"Global (Variance-based), Regression / Statistical Inference",Journal of Economic Interaction and Coordination,,,10.1007/s11403-022-00347-8,https://www.scopus.com/inward/record.uri?eid=2-s2.0-85125385357&doi=10.1007%2Fs11403-022-00347-8&partnerID=40&md5=157e25b678426a1c7277ba14a70707fc,"Increasingly visible climate change consequences challenge carbon-based economies worldwide. While expert knowledge on climate change percolates through political initiatives and public awareness, its translation into large-scale policy actions appears limited. Climate change consequences unequally target regions, countries and social classes, a vital issue for social cooperation. When facing an imminent ecological collapse, in which conditions can self-interested agents gain environmental awareness and settle on a sustainable path of actions when their knowledge of the imminent collapse is bounded? This cooperation emerges from the interaction between individuals and the interaction of various cognitive processes within individuals. This article develops an agent-based model for this emergence of cooperation enriched with the Agent Zero neurocognitive grounded cognitive architecture. We investigate when agents endowed with deliberative, affective and social modules can settle on actions that safeguard their environment through numerical simulations. Our results show that cooperation on sustainable actions is the strongest when the system is at the edge of collapse. Policy measures that increase the environment’s resilience become internalized by the agents and undermine awareness of the ecological catastrophe. Depending on the cognitive channels activated, agent behaviors and reactions to specific interventions significantly vary. Our analysis suggests that taking different cognitive channels, deliberative, affective, social, and others into account, significantly impact results. The complexity of agent cognition deserves more attention to assess parameter sensitivity in social simulation models. © 2022, The Author(s).",Thiago,2022,2026-03-17 21:30:24,2026-03-17 21:30:24,,613-637,,2,17,,,,,,,,,,,,,rayyan-448618454,,,,,C:\Users\Thiago\Zotero\storage\I7C7RVNW\Liuzzi e Vié - 2022 - Staring at the Abyss a neurocognitive grounded agent-based model of collective-risk social dilemma.pdf,,Agent-based model; Climate change; Dispositional contagion; Regime shifts; Social dilemma,,,,,,,
WUXJJLI9,journalArticle,2022,"Dignum, E.; Athieniti, E.; Boterman, W.; Flache, A.; Lees, M.",Mechanisms for increased school segregation relative to residential segregation: a model-based analysis,Theoretical (literature),Exploratory,"Global (Variance-based), Local (OAT/OFAT)","Computers, Environment and Urban Systems",,,10.1016/j.compenvurbsys.2022.101772,https://www.scopus.com/inward/record.uri?eid=2-s2.0-85124151690&doi=10.1016%2Fj.compenvurbsys.2022.101772&partnerID=40&md5=a5aafe02dcfe185981be14848ec1926d,"Excess school segregation is a phenomena observed across many countries and one common explanation from the literature is the hypothesis that parents might want to live in a diverse neighbourhood, but when it comes to their children, they are less tolerant with respect to school compositions. This study uses an agent-based model where households face residential decisions depending on neighbourhood compositions and make school choices based on distance and school compositions. Results indicate that increased school segregation relative to residential segregation can be observed in large parts of the parameter space, even when the tolerance for households belonging to the other group is equal for neighbourhood and school compositions. Our results demonstrate that asymmetric preferences are not a requirement for excess school segregation and show that residential segregation combined with distance preferences play a key role in this increase. © 2022 The Authors",Thiago,2022,2026-03-17 21:30:24,2026-03-17 21:30:24,,,,,93,,,,,,,,,,,,,rayyan-448618455,,,,,C:\Users\Thiago\Zotero\storage\HGIYN5QD\Dignum et al. - 2022 - Mechanisms for increased school segregation relative to residential segregation a model-based analy.pdf,,Agent-based modelling; Complex systems; Complexity; Residential segregation; School choice; School segregation,,,,,,,
LXA3ENLC,journalArticle,2022,"Gürsoy, F.; Badur, B.",An Agent-Based Modeling Approach to Brain Drain,Hybrid,Decision Support / Policy Evaluation,"Local (OAT/OFAT), Metamodeling / Surrogate, Regression / Statistical Inference",IEEE Transactions on Computational Social Systems,,,10.1109/TCSS.2021.3066074,https://www.scopus.com/inward/record.uri?eid=2-s2.0-85103304708&doi=10.1109%2FTCSS.2021.3066074&partnerID=40&md5=f9b7765ff5a8f45fd8c1d1454ec729cd,"The phenomenon of brain drain, which is the emigration of highly skilled people, has many undesirable effects, particularly for developing countries. In this study, an agent-based model is developed to understand the dynamics of such emigration. We hypothesize that skilled people's emigration decisions are based on several factors including the overall economic and social difference between the home and host countries, people's ability and capacity to obtain good jobs and start a life abroad, and the barriers of moving abroad. Furthermore, the social network of individuals also plays a significant role. The model is validated using qualitative and quantitative pattern matching with real-world observations. Sensitivity and uncertainty analyses are performed in addition to several scenario analyses. Linear and random forest response surface models are created to provide quick predictions on the number of emigrants and to understand the effect sizes of individual parameters. Overall, this study provides an abstract model where brain drain dynamics can be explored. Findings from the simulation outputs show that the future socioeconomic state of the country is more important than the current state, lack of barriers results in a large number of emigrants, and network effects ensure compounding effects on emigration. Upon further development and customization, future versions can assist in the decision-making of social policymakers regarding brain drain. © 2014 IEEE.",Thiago,2022,2026-03-17 21:30:24,2026-03-17 21:30:24,,356-365,,2,9,,,,,,,,,,,,,rayyan-448618458,,,,,C:\Users\Thiago\Zotero\storage\AWM53DHS\Gürsoy e Badur - 2022 - An Agent-Based Modeling Approach to Brain Drain.pdf,,Agent-based model; migration; social simulation; brain drain; network effects; policy design,,,,,,,
QD8BPBR6,journalArticle,2022,"Salvo, D.; Lemoine, P.; Janda, K.M.; Ranjit, N.; Nielsen, A.; van den Berg, A.","Exploring the Impact of Policies to Improve Geographic and Economic Access to Vegetables among Low-Income, Predominantly Latino Urban Residents: An Agent-Based Model","Hybrid, Empirical (micro)",Decision Support / Policy Evaluation,Exploratory / Scenario-based,Nutrients,,,10.3390/nu14030646,https://www.scopus.com/inward/record.uri?eid=2-s2.0-85123894155&doi=10.3390%2Fnu14030646&partnerID=40&md5=262dc9605950148f2bda7562c4c547bf,"Modifying the food environment of cities is a promising strategy for improving dietary behaviors, but using traditional empirical methods to test the effectiveness of these strategies remains challenging. We developed an agent-based model to simulate the food environment of Austin, Texas, USA, and to test the impact of different food access policies on vegetable consumption among low-income, predominantly Latino residents. The model was developed and calibrated using empirical data from the FRESH-Austin Study, a natural experiment. We simulated five policy scenarios: (1) business as usual; (2)–(4) expanding geographic and/or economic healthy food access via the Fresh for Less program (i.e., through farm stands, mobile markets, and healthy corner stores); and (5) expanding economic access to vegetables in supermarkets and small grocers. The model predicted that increasing geographic and/or economic access to healthy corner stores will not meaningfully improve vegetable intake, whilst implementing high discounts (>85%) on the cost of vegetables, or jointly increasing geographic and economic access to mobile markets or farm stands, will increase vegetable intake among low-income groups. Implementing discounts at supermarkets and small grocers is also predicted to be an effective policy for increasing vegetable consumption. This work highlights the utility of agent-based modeling for informing food access policies. © 2022 by the authors. Licensee MDPI, Basel, Switzerland.",Thiago,2022,2026-03-17 21:30:24,2026-03-17 21:30:24,,,,3,14,,,,,,,,,,,,,rayyan-448618475,,,,,C:\Users\Thiago\Zotero\storage\KWI8MK98\Salvo et al. - 2022 - Exploring the Impact of Policies to Improve Geographic and Economic Access to Vegetables among Low-I.pdf,,Dietary behaviors; Food environment; Food policy; Low-income groups; Systems science,,,,,,,
8ZLR3WDT,journalArticle,2022,"Kilani, M.; Diop, N.; De Wolf, D.",A Multimodal Transport Model to Evaluate Transport Policies in the North of France,Empirical (micro),Decision Support / Policy Evaluation,Exploratory / Scenario-based,Sustainability (Switzerland),,,10.3390/su14031535,https://www.scopus.com/inward/record.uri?eid=2-s2.0-85123510410&doi=10.3390%2Fsu14031535&partnerID=40&md5=0f258294a2b9feaa7fb3df56e9a321f6,"We developed a passenger transport model for the North of France and used it to discuss the impacts of some policies focusing on the limitations of polluting gas emissions and congestion. The model is calibrated for the North of France and includes both urban and intercity trips. Four transport modes are considered: walking, biking, public transport and private cars. To some extent, the combination of these modes is possible. The model is calibrated to match mode shares and the dynamic of congestion along a full day. The simulations are conducted within the MATSim framework. We evaluate the impacts, on traffic flows and polluting gas emissions, of two pricing reforms: free public transport and road pricing in city center of Lille (the main metropolitan area in the study region). Free public transport yields a significant modal shift towards public transport, resulting in a reduction in the usage of private cars. The road pricing scheme we have considered results in similar impacts but with limited magnitude. Overall, a significant reduction in congestion and emissions of pollutant gases can be obtained by applying convenient pricing reforms. Since we use an agent-based model, we are able to identify the specific location of the main impacts on the network. © 2022 by the authors. Licensee MDPI, Basel, Switzerland.",Thiago,2022,2026-03-17 21:30:24,2026-03-17 21:30:24,,,,3,14,,,,,,,,,,,,,rayyan-448618476,,,,,C:\Users\Thiago\Zotero\storage\WKJES6N2\Kilani et al. - 2022 - A Multimodal Transport Model to Evaluate Transport Policies in the North of France.pdf,,Multimodal transport; Calibration of transport models; Cordon pricing; Emissions and congestion; Free public transport; Transport simulation (MATSim),,,,,,,
ZUBDUJYD,journalArticle,2022,"Marvuglia, A.; Bayram, A.; Baustert, P.; Gutiérrez, T.N.; Igos, E.",Agent-based modelling to simulate farmers’ sustainable decisions: Farmers’ interaction and resulting green consciousness evolution,"Hybrid, Empirical (micro)","Decision Support / Policy Evaluation, Exploratory",Exploratory / Scenario-based,Journal of Cleaner Production,,,10.1016/j.jclepro.2021.129847,https://www.scopus.com/inward/record.uri?eid=2-s2.0-85121116658&doi=10.1016%2Fj.jclepro.2021.129847&partnerID=40&md5=44b2be26f67b58c9b4c03e49f7347337,"Agent-based models (ABMs) have been adopted to simulate different kinds of complex systems, from biological systems to complex coupled human-natural systems (CHANS). In particular, when used to simulate man-managed systems, they allow considering human behavioural aspects within the modelling framework. On the other hand, environmental Life Cycle Assessment (LCA) has become an acknowledged tool in research, industry and policy to assess systems’ environmental sustainability. More recently, LCA is being applied to assess the potential environmental impacts of large scale policy actions (e.g., actions to combat climate change). This paper describes the application of a coupled ABM-LCA model to simulate cropping activities in the Grand Duchy of Luxembourg. The ABM considers farmers’ proneness to risk, which was assessed via a naïve Bayesian model trained with the results of a survey distributed to the farmers of the study region. The goal of the study is to assess the effects of the agents’ interactions, that can take place in a farmers’ social network, on the agricultural activities. Geographic Information System (GIS) information, national statistics and naïve Bayesian model are used to parameterize agents’ behaviour and interaction rules. We believe such assessment is necessary for the successful design of public adaptation strategies and subsidy schemes since governmental adaptation actions are needed to reduce emissions due to agricultural activities. Two scenarios (with different levels of farmers’ environmental awareness) were simulated. The results show that the mean and variance of the distribution of farmers’ environmental awareness change due to the effect of the interactions and, as a consequence, farmers’ long-term decisions concerning agricultural activities are affected. This is reflected in the environmental impacts generated by such activities. © 2021",Thiago,2022,2026-03-17 21:30:24,2026-03-17 21:30:24,,,,,332,,,,,,,,,,,,,rayyan-448618480,,,,,,,Agent-based modelling; Life cycle assessment; Social interaction; Farm management; Green consciousness; Risk aversion,,,,,,,
5QMQMKFH,journalArticle,2022,"Piras, S.; Righi, S.; Setti, M.; Koseoglu, N.; Grainger, M.J.; Stewart, G.B.; Vittuari, M.",From social interactions to private environmental behaviours: The case of consumer food waste,Hybrid,"Decision Support / Policy Evaluation, Exploratory","Exploratory / Scenario-based, Regression / Statistical Inference","Resources, Conservation and Recycling",,,10.1016/j.resconrec.2021.105952,https://www.scopus.com/inward/record.uri?eid=2-s2.0-85116908556&doi=10.1016%2Fj.resconrec.2021.105952&partnerID=40&md5=62cbe4a1835c0b3a4a4d49be63a3f972,"Consumer food waste, like many environmental behaviours, takes place in private, and is not directly subject to social monitoring. Nevertheless, social interactions can affect private opinions and behaviours. This paper builds an agent-based model of interactions between consumers heterogeneous in their sociability, their initial opinions and behaviours related to food waste, and their willingness to consider different opinions, in order to assess how social interactions can affect private behaviours. Compared to existing models of opinion dynamics, we innovate by including a range of “cognitive dissonance” between stated opinions and actual behaviours that consumers are willing to accept before changing one of the two. We calibrate the model using questionnaire data on household food waste in Italy. We find that a limited degree of mixing between different socio-demographic groups, namely adult and young consumers, is enough to trigger change, but a certain openness of mind is required from more wasteful individuals. Equally, a small group of environmentally committed consumers can attract a sizeable share of the population towards low-waste behaviours if they show a certain variability of opinions and are willing to compromise with individuals in their close neighbourhood in terms of opinions. These findings can help design effective interventions to promote pro-environmental behaviours, taking advantage of the beneficial network effects while anticipating negative externalities. © 2021",Thiago,2022,2026-03-17 21:30:24,2026-03-17 21:30:24,,,,,176,,,,,,,,,,,,,rayyan-448618495,,,,,C:\Users\Thiago\Zotero\storage\G3ZYGC32\Piras et al. - 2022 - From social interactions to private environmental behaviours The case of consumer food waste.pdf,,Agent-based model; Social interactions; Cognitive dissonance; Consumer behaviour; Consumer opinion; Food waste,,,,,,,
UNAJ66QT,journalArticle,2021,"Mansouri, A.; Taghiyareh, F.",Phase Transition in the Social Impact Model of Opinion Formation in Log-Normal Networks,"Theoretical (literature), ""Synthetic (machine learning, AI, other)""","Theoretical / Illustrative, Explanatory","Exploratory / Scenario-based, Local (OAT/OFAT)",Journal of Information Systems and Telecommunication,,,10.52547/jist.9.33.1,https://www.scopus.com/inward/record.uri?eid=2-s2.0-85104749023&doi=10.52547%2Fjist.9.33.1&partnerID=40&md5=6a53d038236e8422b10ea32f919fbdb4,"People may change their opinions as a consequence of interacting with others. In the literature, this phenomenon is expressed as opinion formation and has a wide range of applications, including predicting social movements, predicting political voting results, and marketing. The interactions could be face-to-face or via online social networks. The social opinion phases are categorized into consensus, majority, and non-majority. In this research, we study phase transitions due to interactions between connected people with various noise levels using agent-based modeling and a computational social science approach. Two essential factors affect opinion formations: the opinion formation model and the network topology. We assumed the social impact model of opinion formation, a discrete binary opinion model, appropriate for both face-to-face and online interactions for opinion formation. For the network topology, scale-free networks have been widely used in many studies to model real social networks, while recent studies have revealed that most social networks fit log-normal distributions, which we considered in this study. Therefore, the main contribution of this study is to consider the log-normal distribution network topology in phase transitions in the social impact model of opinion formation. The results reveal that two parameters affect the phase transition: noise level and segregation. A non-majority phase happens in equilibrium in high enough noise level, regardless of the network topology, and a majority phase happens in equilibrium in lower noise levels. However, the segregation, which depends on the network topology, affects opinion groups‟ population. A comparison with the scale-free network topology shows that in the scale-free network, which have a more segregated topology, resistance of segregated opinion groups against opinion change causes a slightly different phase transition at low noise levels. EI (External-Internal) index has been used to measure segregations, which is based on the difference between between-group (External) links and within-group (Internal) links. © 2021. All Rights Reserved.",Thiago,2021,2026-03-17 21:30:25,2026-03-17 21:30:25,,1-14,,33,9,,,,,,,,,,,,,rayyan-448618509,,,,,,,,,,,,,,
3V3YGR6E,journalArticle,2021,"Mabey, C.S.; Armstrong, A.G.; Mattson, C.A.; Salmon, J.L.; Hatch, N.W.; Dahlin, E.C.",A computational simulation-based framework for estimating potential product impact during product design,Hybrid,Decision Support / Policy Evaluation,"Local (OAT/OFAT), Regression / Statistical Inference",Design Science,,,10.1017/dsj.2021.16,https://www.scopus.com/inward/record.uri?eid=2-s2.0-85115074491&doi=10.1017%2Fdsj.2021.16&partnerID=40&md5=992c6f2560bc74e29191628442d506cc,"The impact of engineered products is a topic of concern in society. Product impact may fall under the categories of economic, environmental or social impact, with the last category defined as the effect of a product on the day-to-day life of people. Design teams lack sufficient tools to estimate the social impact of products, and the combined impacts of economic, environmental and social impacts for the products they are designing. This paper aims to provide a framework for the estimation of product impact during product design. To estimate product impact, models of both the product and society are required. This framework integrates models of the product, scenario, society and impact into an agent-based model to estimate product impact. Although this paper demonstrates the framework using only social impact, the framework can also be applied to economic or environmental impacts individually or all three concurrently. Agent-based modelling has been used previously for product adoption models, but it has not been extended to estimate product impact. Having tools for impact estimation allows for optimising the product design parameters to increase the potential positive impact and reduce potential negative impact. © The Author(s), 2021. Published by Cambridge University Press.",Thiago,2021,2026-03-17 21:30:25,2026-03-17 21:30:25,,,,,7,,,,,,,,,,,,,rayyan-448618526,,,,,C:\Users\Thiago\Zotero\storage\2W9ESWKH\Mabey et al. - 2021 - A computational simulation-based framework for estimating potential product impact during product de.pdf,,Sustainability; Agent-based simulation; Social impact; Systems engineering,,,,,,,
M3JIYCM9,journalArticle,2021,"Hunter, E.; Kelleher, J.D.",Adapting an agent-based model of infectious disease spread in an irish county to covid-19,"Empirical (micro), Hybrid",Decision Support / Policy Evaluation,"Exploratory / Scenario-based, Local (OAT/OFAT)",Systems,,,10.3390/systems9020041,https://www.scopus.com/inward/record.uri?eid=2-s2.0-85108707319&doi=10.3390%2Fsystems9020041&partnerID=40&md5=1c723693f0782d1b1cb0b99767d22cab,"The dynamics that lead to the spread of an infectious disease through a population can be characterized as a complex system. One way to model such a system, in order to improve preparedness, and learn more about how an infectious disease, such as COVID-19, might spread through a population, is agent-based epidemiological modelling. When a pandemic is caused by an emerging disease, it takes time to develop a completely new model that captures the complexity of the system. In this paper, we discuss adapting an existing agent-based model for the spread of measles in Ireland to simulate the spread of COVID-19. The model already captures the population structure and commuting patterns of the Irish population, and therefore, once adapted to COVID-19, it can provide important insight on the pandemic, specifically in Ireland. We first investigate the different disease parameters that need to be adjusted to simulate the spread of COVID-19 instead of measles and then run a set of experiments initially comparing the model output for our original measles model with that from the adjusted COVID-19 model. We then report on experiments on how the different values of the basic reproductive number, R<inf>0</inf>, influence the simulated outbreaks, and find that our model behaves as expected: the higher the R<inf>0</inf>, the more agents are infected. Then, we demonstrate how different intervention strategies, such as vaccinations and school closures, influence the spread of measles and COVID-19 and how we can simulate real pandemic timings and interventions in our model. We show that with the same society, environment and transportation components among the different disease components lead to very different results for the two diseases, and that our COVID-19 model, when run for Leitrim County, Ireland, predicts a similar outbreak length to a real outbreak in Leitrim County, Ireland, but the model results in a higher number of infected agents compared to the real outbreak. This difference in cases is most likely due to identifying all cases of COVID-19 in the model opposed to only those tested. Once an agent-based model is created to simulate a specific complex system or society, the disease component can be adapted to simulate different infectious disease outbreaks. This makes agent-based models a powerful tool that can be used to help understand the spread of new and emerging infectious diseases. © 2021 by the authors. Licensee MDPI, Basel, Switzerland.",Thiago,2021,2026-03-17 21:30:25,2026-03-17 21:30:25,,,,2,9,,,,,,,,,,,,,rayyan-448618551,,,,,C:\Users\Thiago\Zotero\storage\Q7M6KI3E\Hunter e Kelleher - 2021 - Adapting an agent-based model of infectious disease spread in an irish county to covid-19.pdf,,Agent-based model; COVID-19; Epidemiology; Complex systems; Infectious disease model,,,,,,,
5BBMI69I,journalArticle,2021,"Taghavi, A.; Khaleghparast, S.; Eshghi, K.","Optimal Agent Framework: A Novel, Cost-Effective Model Articulation to Fill the Integration Gap between Agent-Based Modeling and Decision-Making",Theoretical (literature),Theoretical / Illustrative,"Exploratory / Scenario-based, Regression / Statistical Inference",Complexity,,,10.1155/2021/6642160,https://www.scopus.com/inward/record.uri?eid=2-s2.0-85115754102&doi=10.1155%2F2021%2F6642160&partnerID=40&md5=fa40d25bccfa5569056dfff60c30b93d,"Making proper decisions in today's complex world is a challenging task for decision makers. A promising approach that can support decision makers to have a better understanding of complex systems is agent-based modeling (ABM). ABM has been developing during the last few decades as a methodology with many different applications and has enabled a better description of the dynamics of complex systems. However, the prescriptive facet of these applications is rarely portrayed. Adding a prescriptive decision-making (DM) aspect to ABM can support the decision makers in making better or, in some cases, optimized decisions for the complex problems as well as explaining the investigated phenomena. In this paper, first, the literature of DM with ABM is inquired and classified based on the methods of integration. Performing a scientometric analysis on the relevant literature lets us conclude that the number of publications attempting to integrate DM and ABM has not grown during the last two decades, while analysis of the current methodologies for integrating DM and ABM indicates that they have serious drawbacks. In this regard, a novel nature-inspired model articulation called optimal agent framework (OAF) has been proposed to ameliorate the disadvantages and enhance the realization of proper decisions in ABM at a relatively low computational cost. The framework is examined with the Bass diffusion model. The results of the simulation for the customized model developed by OAF have verified the feasibility of the framework. Moreover, sensitivity analyses on different agent populations, network structures, and marketing strategies have depicted the great potential of OAF to find the optimal strategies in various stochastic and unconventional conditions which have not been addressed prior to the implementation of the framework. © 2021 Abolfazl Taghavi et al.",Thiago,2021,2026-03-17 21:30:25,2026-03-17 21:30:25,,,,,2021,,,,,,,,,,,,,rayyan-448618589,,,,,"C:\Users\Thiago\Zotero\storage\X2FFFFQR\Taghavi et al. - 2021 - Optimal Agent Framework A Novel, Cost-Effective Model Articulation to Fill the Integration Gap betw.pdf",,,,,,,,,
AEA8LLQ4,journalArticle,2021,"Zia, K.; Farooq, U.; Shafi, M.; Ferscha, A.",On the effectiveness of multi-feature evacuation systems: an agent-based exploratory simulation study,Theoretical (literature),"Theoretical / Illustrative, Exploratory",Exploratory / Scenario-based,PeerJ Computer Science,,,10.7717/PEERJ-CS.531,https://www.scopus.com/inward/record.uri?eid=2-s2.0-85107831936&doi=10.7717%2FPEERJ-CS.531&partnerID=40&md5=aca0cdedb622f00d4817cf1a5c6875c7,"Evacuation modeling and simulation are usually used to explore different possibilities for evacuation, however, it is a real challenge to integrate different categories of characteristics in unified modeling space. In this paper, we propose an agent-based model of an evacuating crowd so that a comparative analysis of a different sets of parameters categorized as individual, social and technological aspects, is made possible. In particular, we focus on the question of rationality vs. emotionalism of individuals in a localized social context. In addition to that, we propose and model the concept of extended social influence, thereby embedding technological influence within the social influence, and analyze its impact on the efficiency of evacuation. NetLogo is used for simulating different variations in environments, evacuation strategies, and agents demographics. Simulation results revealed that there is no substantial advantage of informational overload on people, as this might work only in those situations, where there are fewer chances of herding. In more serious situations, people should be left alone to decide. They, however, could be trained in drills, to avoid panicking in such situations and concentrate on making their decisions solely based on the dynamics of their surroundings. It was also learned that distant connectivity has no apparent advantage and can be ruled out while designing an evacuation strategy based on these recommendations. © 2021 Zia et al. Distributed under Creative Commons CC-BY 4.0",Thiago,2021,2026-03-17 21:30:25,2026-03-17 21:30:25,,1-25,,,7,,,,,,,,,,,,,rayyan-448618596,,,,,C:\Users\Thiago\Zotero\storage\9B9TVQUV\Zia et al. - 2021 - On the effectiveness of multi-feature evacuation systems an agent-based exploratory simulation stud.pdf,,Agent based modeling; Social influence; Crowd evacuation; NetLogo; Rationality vs. emotionalism,,,,,,,
BI26Y974,journalArticle,2021,"Taghikhah, F.; Filatova, T.; Voinov, A.",Where does theory have it right? A comparison of theory-driven and empirical agent based models,Hybrid,"Exploratory, Decision Support / Policy Evaluation","Local (OAT/OFAT), Exploratory / Scenario-based",JASSS,,,10.18564/jasss.4573,https://www.scopus.com/inward/record.uri?eid=2-s2.0-85104432026&doi=10.18564%2Fjasss.4573&partnerID=40&md5=1dde979bc4b3127d5a34b98a2e76187b,"Computational social science has witnessed a shift from pure theoretical to empirical agent-based models (ABMs) grounded in data-driven correlations between behavioral factors defining agents’ decisions. There is a strong urge to go beyond theoretical ABMs with behavioral theories setting stylized rules that guide agents’ actions, especially when it concerns policy-related simulations. However, it remains unclear to what extent theory-driven ABMs mislead, if at all, a choice of a policy when compared to the outcomes of models with empirical micro-foundations. This is especially relevant for pro-environmental policies that increasingly rely on quantifying cumulative effects of individual behavioral changes, where ABMs are so helpful. We propose a comparison framework to address this methodological dilemma, which quantitatively explores the gap in predictions between theory-and data-driven ABMs. Inspired by the existing theory-driven model, ORVin-T, which studies the individual choice between organic and conventional products, we design a survey to collect data on individual preferences and purchasing decisions. We then use this extensive empirical microdata to build an empirical twin, ORVin-E, replacing the theoretical assumptions and secondary aggregated data used to parametrize agents’ decision strategies with our empirical survey data. We compare the models in terms of key outputs, perform sensitivity analysis, and explore three policy scenarios. We observe that the theory-driven model predicts the shifts to organic consumption as accurately as the ABM with empirical micro-foundations at both aggregated and individual scales. There are slight differences (±5%) between the estimations of the two models with regard to different behavioral change scenarios: increasing conventional tax, launching organic social-informational campaigns, and their combination. Our findings highlight the goodness of fit and usefulness of theoretical modeling efforts, at least in the case of incremental behavioral change. It sheds light on the conditions when theory-driven and data-driven models are aligned and on the value of empirical data for studying systemic changes. © 2021, University of Surrey. All rights reserved.",Thiago,2021,2026-03-17 21:30:25,2026-03-17 21:30:25,,,,2,24,,,,,,,,,,,,,rayyan-448618598,,,,,C:\Users\Thiago\Zotero\storage\5WABZBQC\Taghikhah et al. - 2021 - Where does theory have it right A comparison of theory-driven and empirical agent based models.pdf,,Model Comparison Framework; Organic Food; Policy Development; Pro-Environmental Behavior; Theoretical Vs. Empirical Models,,,,,,,
XLF3VA9H,journalArticle,2021,"Bioco, J.; Prata, P.; Cánovas, F.; Fazendeiro, P.",Remarks on the behavior of an agentbased model of spatial distribution of species,Theoretical (literature),"Theoretical / Illustrative, Exploratory","Exploratory / Scenario-based, Local (OAT/OFAT)",Annals of Emerging Technologies in Computing,,,10.33166/AETiC.2021.02.004,https://www.scopus.com/inward/record.uri?eid=2-s2.0-85104172486&doi=10.33166%2FAETiC.2021.02.004&partnerID=40&md5=73ccffb479ac047b1c172481f53d1541,"Agent-based models have gained considerable notoriety in ecological modeling as well as in several other fields yearning for the ability to capture the emergent behavior of a complex system in which individuals interact with each other and with their environment. These models are implemented by applying a bottom-up approach, where the entire behavior of the system emerges from the local interaction between their components (agents or individuals). Usually, these interactions between individuals and their enclosing environment are modeled by very simple local rules. From the conceptual point of view, another appealing characteristic of this simulation approach is that it is well aligned with the reality whenever the system is composed of a multitude of individuals (behavioral units) that can be flexibly combined and placed in the environment. Due to their inherent flexibility, and despite of their simplicity, it is necessary to pay attention to the adjustments in their parameters which may result in unforeseen changes on the overall behavior of these models. In this paper we study the behavior of an agent-based model of spatial distribution of species, by analyzing the effects of the model parameters and the implications of the environment variables (that compose the environment where the species lives) on the models’ output. The presented experiments show that the behavior of the model depends mainly on the conditions of the environment where the species live, and the main parameters presented in life cycle of the species. © 2021 by the author(s). Published by Annals of Emerging Technologies in Computing (AETiC), under the terms and conditions of the Creative Commons Attribution (CC BY) license which can be accessed at http://creativecommons.org/licenses/by/4.0.",Thiago,2021,2026-03-17 21:30:25,2026-03-17 21:30:25,,37-49,,2,5,,,,,,,,,,,,,rayyan-448618600,,,,,C:\Users\Thiago\Zotero\storage\S49XV4CP\Bioco et al. - 2021 - Remarks on the behavior of an agentbased model of spatial distribution of species.pdf,,"Agent-based modeling; Computer simulation; (Biological) Spatial distribution; Discrete agents, Parameterization",,,,,,,
TSR9HZHL,journalArticle,2021,"Platas-López, A.; Guerra-Herńandez, A.; Grimaldo, F.",On the macroeconomic effect of extortion: An agent-based approach,Theoretical (literature),Exploratory,"Regression / Statistical Inference, Local (OAT/OFAT)",JASSS,,,10.18564/jasss.4496,https://www.scopus.com/inward/record.uri?eid=2-s2.0-85100516280&doi=10.18564%2Fjasss.4496&partnerID=40&md5=9d0b62975cde8cbfb9e88465544da9d5,"This work proposes an agent-based approach to study the effect of extortion on macroeconomic aggregates, despite the scarce data about this criminal activity resulting from its hidden nature. The main idea is to simulate both a healthy economy without extortion and the same economy under the influence of extortion, comparing then the macroeconomic signals produced in both cases. For this, the Bottom-up Adaptive Macroeconomics (BAM) model was implemented and validated in order to simulate an economy with healthy macroeconomic signals, i.e., moderate inflation, as well as a reasonable unemployment rate. The BAM model defines the usual interactions among workers, firms, and banks in labor, goods and credit markets. Then, crime is introduced by defining the propensity of the poorest workers to become extortionists, as well the efficiency of the police in terms of the probability of capturing them. The definition of the BAM under Extortion Racket Systems (BAMERS) model is completed with a threshold for the firms rejecting the extortion. These parameters are explored exhaustively and independently. Results show that even low levels of propensity towards extortion are enough to notice considerable negative effects as a marked contraction of the Gross Domestic Product and an increase of the unemployment rate, consistent with the few data known about the macroeconomic effect of extortion. Effects on consume, Gini index, inflation, and wealth distribution are also reported. Interestingly, our results suggest that it is more convenient to prevent extortion, rather than combat it once deployed, i.e., there is no police efficiency level that achieves the healthy macroeconomic signals observed in the absence of extortion. © 2021, University of Surrey. All rights reserved.",Thiago,2021,2026-03-17 21:30:25,2026-03-17 21:30:25,,1-28,,1,24,,,,,,,,,,,,,rayyan-448618604,,,,,C:\Users\Thiago\Zotero\storage\QWR9YMBP\Platas-López et al. - 2021 - On the macroeconomic effect of extortion An agent-based approach.pdf,,Agent-Based Model; BAM; Extortion; Macroeconomic Signals,,,,,,,
KY65PHQS,journalArticle,2020,"Carvalho, A.M.; Gonçalves, S.; Ruffoni, J.; Iglesias, J.R.",Macroscopic and microscopic perspectives for adoption of technologies in the USA,Empirical (macro),"Explanatory, Descriptive / Phenomena-based",Regression / Statistical Inference,PLoS ONE,,,10.1371/journal.pone.0242676,https://www.scopus.com/inward/record.uri?eid=2-s2.0-85097120517&doi=10.1371%2Fjournal.pone.0242676&partnerID=40&md5=94b72b5246d460c71d74395a69617e7d,"Adoption of a new technology depends on many factors. Marketing, advertising, social interactions, and personal convictions are relevant features when deciding to adopt, or not, a new technology. Thus, it is very important to determine the relative weight of these factors when introducing a new technology. Here we discuss an agent based model to investigate the behavior of agents exposed to advertising and social contacts. Agents may follow the social pressure, or maybe contrarians, acting against the majority, to decide if they adopt or not a new technology. First, we solve analytically the model that relies on the above quoted factors. Then, we compare the theoretical results with empirical data concerning the adoption of innovations by American households during the 20th century. The analysis of the diffusion dynamics process is done either for the whole period, or by periods based on the so-called technical-economic paradigms, according to Freeman and Perez. Three different periods are considered: before 1920, from 1920 to 1970, and after 1970. We study the evolution of the model parameters for each technical-economic period. Finally, by adjusting the key parameters we are able to collapse all the data into a universal curve that describes all the adoption processes. © 2020 Carvalho et al. This is an open access article distributed under the terms of the Creative Commons Attribution License, which permits unrestricted use, distribution, and reproduction in any medium, provided the original author and source are credited.",Thiago,2020,2026-03-17 21:30:25,2026-03-17 21:30:25,,,,12,15,,,,,,,,,,,,,rayyan-448618618,,,,,C:\Users\Thiago\Zotero\storage\RRHSBXVI\Carvalho et al. - 2020 - Macroscopic and microscopic perspectives for adoption of technologies in the USA.pdf,,,,,,,,,
AF3386FT,journalArticle,2020,"Garrido, S.; Borysov, S.S.; Pereira, F.C.; Rich, J.",Prediction of rare feature combinations in population synthesis: Application of deep generative modelling,Empirical (micro),"Descriptive / Phenomena-based, Predictive",Regression / Statistical Inference,Transportation Research Part C: Emerging Technologies,,,10.1016/j.trc.2020.102787,https://www.scopus.com/inward/record.uri?eid=2-s2.0-85091974069&doi=10.1016%2Fj.trc.2020.102787&partnerID=40&md5=81421b52d72b63f9f48450c3d4e4c160,"Population synthesis is concerned with the generation of agents for agent-based modelling in many fields, such as economics, transportation, ecology and epidemiology. When the number of attributes describing the agents and/or their level of detail becomes large, survey data cannot densely support the joint distribution of the attributes in the population due to the curse of dimensionality. It leads to a situation where many attribute combinations are missing from the sample data while such combinations exist in the real population. In this case, it becomes essential to consider methods that are able to impute such missing information effectively. In this paper, we propose to use deep generative latent models. These models are able to learn a compressed representation of the data space, which when projected back to the original space, leads to an effective way of imputing information in the observed data space. Specifically, we employ the Wasserstein Generative Adversarial Network (WGAN) and the Variational Autoencoder (VAE) for a large-scale population synthesis application. The models are applied to a Danish travel survey with a feature-space of more than 60 variables and trained and tested using cross-validation. A new metric that applies to the evaluation of generative models in an unsupervised setting is proposed. It is based on the ability to generate diverse yet valid synthetic attribute combinations by comparing if the models can recover missing combinations (sampling zeros) while keeping truly impossible combinations (structural zeros) models at a minimum. For a low-dimensional experiment, the VAE, the marginal sampler and the fully random sampler generate 5%, 21% and 26% more structural zeros per sampling zero when compared to the WGAN. For a high dimensional case, these figures increase to 44%, 2217% and 170440% respectively. This research directly supports the development of agent-based systems and in particular cases where detailed socio-economic or geographical representations are required. © 2020 Elsevier Ltd",Thiago,2020,2026-03-17 21:30:25,2026-03-17 21:30:25,,,,,120,,,,,,,,,,,,,rayyan-448618623,,,,,C:\Users\Thiago\Zotero\storage\Q6JKAMUJ\Garrido et al. - 2020 - Prediction of rare feature combinations in population synthesis Application of deep generative mode.pdf,,Agent-based modeling; Deep learning; Population synthesis; Generative Adversarial Networks; Generative modeling; Transportation modeling; Variational Autoencoder,,,,,,,
2Q757764,journalArticle,2020,"Wens, M.; Veldkamp, T.I.E.; Mwangi, M.; Johnson, J.M.; Lasage, R.; Haer, T.; Aerts, J.C.J.H.",Simulating Small-Scale Agricultural Adaptation Decisions in Response to Drought Risk: An Empirical Agent-Based Model for Semi-Arid Kenya,"Empirical (micro), Hybrid",Decision Support / Policy Evaluation,"Exploratory / Scenario-based, Local (OAT/OFAT)",Frontiers in Water,,,10.3389/frwa.2020.00015,https://www.scopus.com/inward/record.uri?eid=2-s2.0-85097137628&doi=10.3389%2Ffrwa.2020.00015&partnerID=40&md5=879ea4a5653b288aaf7cac3c0cb1a9a9,"In Eastern Africa, increasing climate variability and changing socioeconomic conditions are exacerbating the frequency and intensity of drought disasters. Droughts pose a severe threat to food security in this region, which is characterized by a large dependency on smallholder rain-fed agriculture and a low level of technological development in the food production systems. Future drought risk will be determined by the adaptation choices made by farmers, yet few drought risk models … incorporate adaptive behavior in the estimation of drought risk. Here, we present an innovative dynamic drought risk adaptation model, ADOPT, to evaluate the factors that influence adaptation decisions and the subsequent adoption of measures, and how this affects drought risk for agricultural production. ADOPT combines socio-hydrological and agent-based modeling approaches by coupling the FAO crop model AquacropOS with a behavioral model capable of simulating different adaptive behavioral theories. In this paper, we compare the protection motivation theory, which describes bounded rationality, with a business-as-usual and an economic rational adaptive behavior. The inclusion of these scenarios serves to evaluate and compare the effect of different assumptions about adaptive behavior on the evolution of drought risk over time. Applied to a semi-arid case in Kenya, ADOPT is parameterized using field data collected from 250 households in the Kitui region and discussions with local decision-makers. The results show that estimations of drought risk and the need for emergency food aid can be improved using an agent-based approach: we show that ignoring individual household characteristics leads to an underestimation of food-aid needs. Moreover, we show that the bounded rational scenario is better able to reflect historic food security, poverty levels, and crop yields. Thus, we demonstrate that the reality of complex human adaptation decisions can best be described assuming bounded rational adaptive behavior; furthermore, an agent-based approach and the choice of adaptation theory matter when quantifying risk and estimating emergency aid needs. © © 2020 Wens, Veldkamp, Mwangi, Johnson, Lasage, Haer and Aerts.",Thiago,2020,2026-03-17 21:30:25,2026-03-17 21:30:25,,,,,2,,,,,,,,,,,,,rayyan-448618648,,,,,C:\Users\Thiago\Zotero\storage\VIFCE7QS\Wens et al. - 2020 - Simulating Small-Scale Agricultural Adaptation Decisions in Response to Drought Risk An Empirical A.pdf,,agent-based model; adaptive behavior; adaptation decisions; drought adaptation; drought risk; socio-hydrology,,,,,,,
X7MWWE6I,journalArticle,2020,"Bartkowski, B.; Beckmann, M.; Drechsler, M.; Kaim, A.; Liebelt, V.; Müller, B.; Witing, F.; Strauch, M.",Aligning Agent-Based Modeling With Multi-Objective Land-Use Allocation: Identification of Policy Gaps and Feasible Pathways to Biophysically Optimal Landscapes,"Theoretical (literature), ""Synthetic (machine learning, AI, other)""",Theoretical / Illustrative,Exploratory / Scenario-based,Frontiers in Environmental Science,,,10.3389/fenvs.2020.00103,https://www.scopus.com/inward/record.uri?eid=2-s2.0-85088449071&doi=10.3389%2Ffenvs.2020.00103&partnerID=40&md5=f15ca9fee30222e6510dd79d3fdffe83,"It is increasingly recognized in science and policy that landscapes need to be managed for multifunctionality. Multi-objective land-use allocation and agent-based modeling are two potent tools to explore the potential of landscapes to provide multiple ecosystem services. However, in the case of the former, the real-world feasibility of the biophysically optimal land-use configurations remains unclear. Meanwhile, agent-based models are not well-suited to recognize the biophysical potential of landscapes to provide multiple ecosystem services. In this paper, we propose an approach to align multi-objective optimization with agent-based modeling in order to investigate the economic, institutional and social feasibility of biophysically optimal landscapes. It especially allows to contrast biophysically optimized land-use patterns with the option space circumscribed by relevant policy frameworks. We argue that a structured comparison of biophysical optimization with an exploration of the parameter space of an agent-based model can be used to identify the real-world feasibility and the barriers to reaching multifunctional landscapes. We demonstrate the applicability of our approach by using it on a virtual landscape, which allows us to detect the importance of various economic, institutional and behavioral factors that facilitate or hamper moving the social–ecological system toward its biophysical potential. Particularly, we demonstrate the essential role of tailored policy instruments. Our approach can be useful in informing land-use policy with respect to its effectiveness and efficiency in achieving multifunctional landscapes. © Copyright © 2020 Bartkowski, Beckmann, Drechsler, Kaim, Liebelt, Müller, Witing and Strauch.",Thiago,2020,2026-03-17 21:30:25,2026-03-17 21:30:25,,,,,8,,,,,,,,,,,,,rayyan-448618651,,,,,C:\Users\Thiago\Zotero\storage\NL6ATFSW\Bartkowski et al. - 2020 - Aligning Agent-Based Modeling With Multi-Objective Land-Use Allocation Identification of Policy Gap.pdf,,agent-based modeling; multi-objective optimization; biodiversity; ecosystem services; agri-environmental policy; land-use allocation; land-use policy; multifunctional landscapes,,,,,,,
BJB5QZ3B,journalArticle,2020,"London, J.O.; Sheikh, N.J.",Innovation in African-American high-tech enterprises: A multi-agent modeling and simulation approach,"Theoretical (literature), ""Expert-based (qualitative, interview, participatory)""","Exploratory, Decision Support / Policy Evaluation",Exploratory / Scenario-based,Entrepreneurship and Sustainability Issues,,,10.9770/jesi.2020.7.4(35),https://www.scopus.com/inward/record.uri?eid=2-s2.0-85090726256&doi=10.9770%2Fjesi.2020.7.4%2835%29&partnerID=40&md5=10aed902532aebe9e397540adf153e74,"African-American-owned high-tech enterprises and innovations are underrepresented in industry in comparison to non-African-American-owned ones. Various complex and intertwined socio-economic factors hinder the innovation capability of African-American-owned high-tech enterprises leading to underrepresentation of these businesses. Understanding the causal relationship between firm’s interactions with internal and external entities and its ability to innovate can foster the efforts of a high-tech enterprise in increasing and sustaining innovation capabilities. Agent-based modeling (ABM) emerges as one of the popular approaches to the study of complex socio-technological systems. Characterizing the organizational behavior of African-American-owned high-tech enterprises through the ABM perspective may provide a better understanding of the drivers, processes, and outcomes of this industry segment. By analyzing interview data among African-American entrepreneurs, this study proposes an ABM framework to represent and analyze the innovation capabilities of African-American-owned technology enterprises in comparison to other types of ownership. The ABM model illustrates the key involved agents, their attributes, actions, and the complex interactions amongst them. Simulation results indicate that African American population is underrepresented in the high-tech industry due to two significant factors of social and economic standings implying that the simulation trajectory is in the right direction. Model calibration, verification using real data and implementation plans related to policy development discussions and factors impacting African-American enterprises are also discussed in the study. © 2020 by author(s) and VsI Entrepreneurship and Sustainability Center.",Thiago,2020,2026-03-17 21:30:25,2026-03-17 21:30:25,,3101-3121,,4,7,,,,,,,,,,,,,rayyan-448618656,,,,,C:\Users\Thiago\Zotero\storage\TKYQKQVW\London e Sheikh - 2020 - Innovation in African-American high-tech enterprises A multi-agent modeling and simulation approach.pdf,,Agent-based model; NetLogo; Innovation; African-American entrepreneur; Entrepreneurship; High-technology,,,,,,,
QGMYSZR4,journalArticle,2020,"Lim, G.; Min, S.","Analysis of solidarity effect for entropy, pareto, and gini indices on two-class society using kinetic wealth exchange model",Theoretical (literature),"Theoretical / Illustrative, Explanatory","Local (OAT/OFAT), Regression / Statistical Inference",Entropy,,,10.3390/E22040386,https://www.scopus.com/inward/record.uri?eid=2-s2.0-85085643266&doi=10.3390%2FE22040386&partnerID=40&md5=fc3b7831f72305da317917d8d85e2341,"It is well known that two different underlying dynamics lead to different patterns of income/wealth distribution such as the Boltzmann-Gibbs form for the lower end and the Pareto-like power-law form for the higher-end. The Boltzmann-Gibbs distribution is naturally derived from maximizing the entropy of random interactions among agents, whereas the Pareto distribution requires a rational approach of economics dependent on the wealth level. More interestingly, the Pareto regime is very dynamic, whereas the Boltzmann-Gibbs regime is stable over time. Also, there are some cases in which the distributions of income/wealth are bimodal or polymodal. In order to incorporate the dynamic aspects of the Pareto regime and the polymodal forms of income/wealth distribution into one stochastic model, we present a modified agent-based model based on classical kinetic wealth exchange models. First, we adopt a simple two-class society consisting of the rich and the poor where the agents in the same class engage in random exchanges while the agents in the different classes perform a wealth-dependent winner-takes-all trading. This modification leads the system to an extreme polarized society with preserving the Pareto exponent. Second, we incorporate a solidarity formation among agents belonging to the lower class in our model, in order to confront a super-rich agent. This modification leads the system to a drastic bimodal distribution of wealth with a varying Pareto exponent over varying the solidarity parameter, that is, the Pareto-regime becomes narrower and the Pareto exponent gets larger as the solidarity parameter increases. We argue that the solidarity formation is the key ingredient in the varying Pareto exponent and the polymodal distribution. Lastly, we take two approaches to evaluate the level of inequality of wealth such as Gini coefficients and the entropy measure. According to the numerical results, the increasing solidarity parameter leads to a decreasing Gini coefficient not linearly but nonlinearly, whereas the entropy measure is robust over varying solidarity parameters, implying that there is a trade-off between the intermediate party and the high end. © 2020 by the authors.",Thiago,2020,2026-03-17 21:30:25,2026-03-17 21:30:25,,,,4,22,,,,,,,,,,,,,rayyan-448618667,,,,,"C:\Users\Thiago\Zotero\storage\YKHE3T86\Lim e Min - 2020 - Analysis of solidarity effect for entropy, pareto, and gini indices on two-class society using kinet.pdf",,Entropy; Gini coefficient; Kinetic wealth exchange model; Pareto exponent; Solidarity; Stratified society,,,,,,,
ZBQ3FQZ4,journalArticle,2020,"Platt, D.",A comparison of economic agent-based model calibration methods,"""Synthetic (machine learning, AI, other)""",Theoretical / Illustrative,Regression / Statistical Inference,Journal of Economic Dynamics and Control,,,10.1016/j.jedc.2020.103859,https://www.scopus.com/inward/record.uri?eid=2-s2.0-85080939880&doi=10.1016%2Fj.jedc.2020.103859&partnerID=40&md5=6164bd5e258a1d4defd471328754c878,"Despite significant expansion in recent years, the literature on quantitative and data-driven approaches to economic agent-based model validation and calibration consists primarily of studies that have focused on the introduction of new calibration methods that are neither benchmarked against existing alternatives nor rigorously tested in terms of the quality of the estimates they produce. In response, we compare a number of prominent agent-based model calibration methods, both established and novel, through a series of computational experiments in an attempt to determine the respective strengths and weaknesses of each approach. Overall, we find that a simple, likelihood-based approach to Bayesian estimation consistently outperforms several members of the more popular class of simulated minimum distance methods and results in reasonable parameter estimates in many contexts, with a degradation in performance observed only when considering a large-scale model and attempting to fit a substantial number of its parameters. © 2020 Elsevier B.V.",Thiago,2020,2026-03-17 21:30:25,2026-03-17 21:30:25,,,,,113,,,,,,,,,,,,,rayyan-448618669,,,,,C:\Users\Thiago\Zotero\storage\HRFB96IT\Platt - 2020 - A comparison of economic agent-based model calibration methods.pdf,,Agent-based modelling; Calibration; Bayesian estimation; Simulated minimum distance,,,,,,,
P9KTCYWM,journalArticle,2020,"Fernandez-Mena, H.; Gaudou, B.; Pellerin, S.; MacDonald, G.K.; Nesme, T.",Flows in Agro-food Networks (FAN): An agent-based model to simulate local agricultural material flows,Hybrid,"Exploratory, Decision Support / Policy Evaluation",Local (OAT/OFAT),Agricultural Systems,,,10.1016/j.agsy.2019.102718,https://www.scopus.com/inward/record.uri?eid=2-s2.0-85079519925&doi=10.1016%2Fj.agsy.2019.102718&partnerID=40&md5=c68ea975b803d0f7034f893359a07d32,"Agro-food networks are characterized by complex material exchanges among farms, processors, consumers, and waste managers involved in fertilization, food, feed and bioenergy production. Better coordination of material exchanges at the local scale can facilitate more efficient resource use. Here, we present a new agent-based model, “Flows in Agro-food Networks” (FAN), which simulates the processing and exchange of fertilizers, feed, food and wastes among farms and multiple upstream or downstream partners (feed and fertilizer suppliers, food industries, waste processors, and anaerobic digesters) in small farming regions. FAN includes a series of environmental indicators that can be used to assess alternative scenarios in terms of ecosystem services, nutrient cycling, and resource autonomy. We use a French case study to demonstrate FAN's dynamics and to explore the sensitivity of key parameters. We show a strong influence of spatial distance between agents, their disposition to exchange, and their preference for specific materials on local agro-food network simulations. FAN is powerful theoretical tool to explore and assess opportunities for a circular economy in small farming regions and to unravel interactions between recycling, environmental performance and food production. © 2019 Elsevier Ltd",Thiago,2020,2026-03-17 21:30:25,2026-03-17 21:30:25,,,,,180,,,,,,,,,,,,,rayyan-448618670,,,,,C:\Users\Thiago\Zotero\storage\G28W9VS4\Fernandez-Mena et al. - 2020 - Flows in Agro-food Networks (FAN) An agent-based model to simulate local agricultural material flow.pdf,,Agent-based model; Agro-food networks; Biomass and nutrient flows; Circular economy; Material exchanges,,,,,,,
M5W29YW2,journalArticle,2020,"Kaligotla, C.; Ozik, J.; Collier, N.; MacAl, C.M.; Boyd, K.; Makelarski, J.A.; Huang, E.S.; Lindau, S.T.",Model exploration of an information-based healthcare intervention using parallelization and active learning,Empirical (micro),Decision Support / Policy Evaluation,Metamodeling / Surrogate,JASSS,,,10.18564/jasss.4379,https://www.scopus.com/inward/record.uri?eid=2-s2.0-85094846247&doi=10.18564%2Fjasss.4379&partnerID=40&md5=a9b03f164caba8934598d8824b23e102,"This paper describes the application of a large-scale active learning method to characterize the parameter space of a computational agent-based model developed to investigate the impact of CommunityRx, a clinical information-based health intervention that provides patients with personalized information about local community resources to meet basic and self-care needs. The diffusion of information about community resources and their use is modeled via networked interactions and their subsequent effect on agents’ use of community resources across an urban population. A random forest model is iteratively fitted to model evalua-tions to characterize the model parameter space with respect to observed empirical data. We demonstrate the feasibility of using high-performance computing and active learning model exploration techniques to characterize large parameter spaces; by partitioning the parameter space into potentially viable and non-viable regions, we rule out regions of space where simulation output is implausible to observed empirical data. We argue that such methods are necessary to enable model exploration in complex computational models that incorporate increasingly available micro-level behavior data. We provide public access to the model and high-performance computing experimentation code. © 2020, University of Surrey. All rights reserved.",Thiago,2020,2026-03-17 21:30:25,2026-03-17 21:30:25,,1-30,,4,23,,,,,,,,,,,,,rayyan-448618687,,,,,C:\Users\Thiago\Zotero\storage\ZXDXMVTC\Kaligotla et al. - 2020 - Model exploration of an information-based healthcare intervention using parallelization and active l.pdf,,Agent-Based Modeling; Active Learning; High-Performance Computing; Model Exploration,,,,,,,
RG4MXJ5E,journalArticle,2020,"Yun, T.-S.; Moon, I.-C.",Housing market agent-based simulation with loan-to-value and debt-to-income,Hybrid,Decision Support / Policy Evaluation,"Exploratory / Scenario-based, Regression / Statistical Inference",JASSS,,,10.18564/jasss.4410,https://www.scopus.com/inward/record.uri?eid=2-s2.0-85094836207&doi=10.18564%2Fjasss.4410&partnerID=40&md5=4636b5d4497b90fd66c541db6efa523e,"This paper introduces an agent-based model of a housing market with macro-prudential policy ex-periments. Specifically, the simulation model is used to examine the effects of a policy setting on loan-to-value (LTV) and debt-to-income (DTI), which are policy instruments several governments use to regulate the housing market. The simulation model illustrates the interactions among the households, the house suppliers, and the real estate brokers. We model each household in the population as either seller or buyer, and some of households may behave as speculators in the housing market. To better understand the impact of the policies, we used the real-world observations from the Korean housing market, which include various economic conditions, policy variables, and Korean census data. Our baseline model is quantitatively validated to the price index and the transaction volume of the past Korean housing market. After validation, we show the empirical effectiveness of setting LTV and DTI towards house prices, transaction volumes, and the amount of households’ mort-gages. Furthermore, we investigate the simulation results for the owner-occupier rate of households. These investigations provide the policy analyses in Korea’s housing market, and other governments with LTV and DTI regulations. © 2020, University of Surrey. All rights reserved.",Thiago,2020,2026-03-17 21:30:25,2026-03-17 21:30:25,,1-19,,4,23,,,,,,,,,,,,,rayyan-448618688,,,,,C:\Users\Thiago\Zotero\storage\NT2LMD63\Yun e Moon - 2020 - Housing market agent-based simulation with loan-to-value and debt-to-income.pdf,,Agent-Based Modeling; Debt-to-Income; Housing Market; Loan-to-Value; Macro-Prudential Policy; Policy Impact Analysis,,,,,,,
H888ZMYB,journalArticle,2020,"Freitas, F.; Vieira, A.R.; Anteneodo, C.",Imperfect bifurcations in opinion dynamics under external fields,Theoretical (literature),"Theoretical / Illustrative, Explanatory","Local (OAT/OFAT), Exploratory / Scenario-based",Journal of Statistical Mechanics: Theory and Experiment,,,10.1088/1742-5468/ab6848,https://www.scopus.com/inward/record.uri?eid=2-s2.0-85083267991&doi=10.1088%2F1742-5468%2Fab6848&partnerID=40&md5=84314fd45f5ef97fceef53608a667a0a,"We investigate, through a kinetic-exchange model, the impact that an external field, like advertising and propaganda, has on opinion dynamics. We address the situations where two opposite alternatives can be selected but the possibility of indecision also exists. In this model, individuals influence each other through pairwise interactions, which can be of agreement or disagreement, and there are also external fields that can skew decision making. Two parameters are used to model the external interactions: one measures the sensitivity of the individuals to be influenced, another quantifies in which direction. We study this model in a fully connected social network scenario, by means of numerical simulations of the kinetic exchange dynamics and analytical results derived from the mean-field rate equations. We show how the external bias gives rise to imperfect bifurcations, and cusp catastrophes, allowing abrupt changes and hysteresis depending on the level of disagreement in interpersonal interactions and on the strength of the external influence. © 2020 IOP Publishing Ltd and SISSA Medialab srl.",Thiago,2020,2026-03-17 21:30:25,2026-03-17 21:30:25,,,,2,2020,,,,,,,,,,,,,rayyan-448618697,,,,,C:\Users\Thiago\Zotero\storage\GE9UXQAU\Freitas et al. - 2020 - Imperfect bifurcations in opinion dynamics under external fields.pdf,,agent-based models; Nonlinear dynamics; critical phenomena of socio-economic systems,,,,,,,
3GGG8R44,journalArticle,2020,"Kieu, L.-M.; Malleson, N.; Heppenstall, A.",Dealing with uncertainty in agent-based models for short-term predictions,"""Synthetic (machine learning, AI, other)""",Predictive,Regression / Statistical Inference,Royal Society Open Science,,,10.1098/rsos.191074,https://www.scopus.com/inward/record.uri?eid=2-s2.0-85079601474&doi=10.1098%2Frsos.191074&partnerID=40&md5=76ad704ea45d10f4072f13bd74728288,"Agent-based models (ABMs) are gaining traction as one of the most powerful modelling tools within the social sciences. They are particularly suited to simulating complex systems. Despite many methodological advances within ABM, one of the major drawbacks is their inability to incorporate real-time data to make accurate short-term predictions. This paper presents an approach that allows ABMs to be dynamically optimized. Through a combination of parameter calibration and data assimilation (DA), the accuracy of model-based predictions using ABM in real time is increased. We use the exemplar of a bus route system to explore these methods. The bus route ABMs developed in this research are examples of ABMs that can be dynamically optimized by a combination of parameter calibration and DA. The proposed model and framework is a novel and transferable approach that can be used in any passenger information system, or in an intelligent transport systems to provide forecasts of bus locations and arrival times. © 2020 The Authors. Published by the Royal Society under the terms of the Creative Commons Attribution License http://creativecommons.org/licenses/by/4.0/, which permits unrestricted use, provided the original author and source are credited.",Thiago,2020,2026-03-17 21:30:25,2026-03-17 21:30:25,,,,1,7,,,,,,,,,,,,,rayyan-448618701,,,,,C:\Users\Thiago\Zotero\storage\FXW7W7W4\Kieu et al. - 2020 - Dealing with uncertainty in agent-based models for short-term predictions.pdf,,Agent-based modelling; Data assimilation; Model calibration; Complex systems,,,,,,,
VGY95JEL,journalArticle,2020,"Dou, Y.; Yao, G.; Herzberger, A.; Silva, R.F.B.; Song, Q.; Hovis, C.; Batistella, M.; Morán, E.; Wu, W.; Liu, J.",Land-use changes in distant places: Implementation of a telecoupled agent-based model,Hybrid,"Exploratory, Decision Support / Policy Evaluation",Exploratory / Scenario-based,JASSS,,,10.18564/jasss.4211,https://www.scopus.com/inward/record.uri?eid=2-s2.0-85079199551&doi=10.18564%2Fjasss.4211&partnerID=40&md5=999f03d62e722d3e94db7d2fe93a139d,"International agricultural trade has changed land uses in trading countries, altering global food security and environmental sustainability. Studies have concluded that local land-use drivers are largely from global sources (e.g., trade increases deforestation in exporting countries). However, little is known about how these local land-use changes affect distant locations, namely the feedback between them. Yet these distant impacts and feedbacks can be significant for governing local land systems. The framework of telecoupling (i.e., socioeconomic-environmental interactions between distant places) has been shown to be an effective conceptual tool to study international trade and the associated socio-economic and environmental impacts. However, a systems simulation tool to quantify the telecoupled causes and effects is still lacking. Here, we construct a new type of agent-based model (ABM) that can simulate land-use changes at multiple distant places (namely TeleABM, telecoupled agent-based model). We use soybean trade between Brazil and China as an example, where Brazil is the sending system and China is the receiving system because they are the world’s largest soybean exporter and importer respectively. We select one representative county in each country to calibrate and validate the model with spatio-temporal analysis of historical land-use changes and the empirical analysis of household survey data. We describe the model following the ODD+D protocol, and validate the model results in each location respectively. We then illustrate how the aggregated farmer agents’ land-use behaviors in the sending system result in land-use changes in the receiving system, and vice versa. One scenario example (i.e., a high-tariff scenario) is given to demonstrate the results of TeleABM. Such a model allows us to advance the understanding of telecoupling features and the influence on land system science, and to test hypotheses about complex coupled human-natural systems (e.g., cascading effect). © 2020, University of Surrey. All rights reserved.",Thiago,2020,2026-03-17 21:30:25,2026-03-17 21:30:25,,,,1,23,,,,,,,,,,,,,rayyan-448618702,,,,,C:\Users\Thiago\Zotero\storage\J2KZUMI8\Dou et al. - 2020 - Land-use changes in distant places Implementation of a telecoupled agent-based model.pdf,,Agent-Based Model; ODD+D; Land System; Land-Use Change; Soybean Trade; Telecoupling,,,,,,,
8U8UIXU3,journalArticle,2020,"Ligmann-Zielinska, A.; Siebers, P.-O.; Maglioccia, N.; Parker, D.; Grimm, V.; Du, E.J.; Cenek, M.; Radchuk, V.-T.; Arbab, N.N.; Li, S.; Berger, U.; Paudel, R.; Robinson, D.T.; Jankowski, P.; An, L.; Ye, X.",‘One size does not fit all’: A roadmap of purpose-driven mixed-method pathways for sensitivity analysis of agent-based models,NA,NA,NA,JASSS,,,10.18564/jasss.4201,https://www.scopus.com/inward/record.uri?eid=2-s2.0-85079180896&doi=10.18564%2Fjasss.4201&partnerID=40&md5=38bf2a267533f1b6fab5a0ec767c122b,"Designing, implementing, and applying agent-based models (ABMs) requires a structured approach, part of which is a comprehensive analysis of the output to input variability in the form of uncertainty and sensitivity analysis (SA). The objective of this paper is to assist in choosing, for a given ABM, the most appropriate methods of SA. We argue that no single SA method fits all ABMs and that different methods of SA should be used based on the overarching purpose of the model. For example, abstract exploratory models that focus on deeper understanding of the target system and its properties are fed with only the most critical data representing patterns or stylized facts. For them, simple SA methods may be sufficient in capturing the dependencies between the output-input spaces. In contrast, applied models used in scenario and policy-analysis are usually more complex and data-rich because a higher level of realism is required. Here the choice of a more sophisticated SA may be critical in establishing the robustness of the results before the model (or its results) can be passed on to end-users. Accordingly, we present a roadmap that guides ABM developers through the process of performing SA that best fits the purpose of their ABM. This roadmap covers a wide range of ABM applications and advocates for the routine use of global methods that capture input interactions and are, therefore, mandatory if scientists want to recognize all sensitivities. As part of this roadmap, we report on frontier SA methods emerging in recent years: a) handling temporal and spatial outputs, b) using the whole output distribution of a result rather than its variance, c) looking at topological relationships between input data points rather than their values, and d) looking into the ABM black box âĂŞ– finding behavioral primitives and using them to study complex system characteristics like regime shifts, tipping points, and condensation versus dissipation of collective system behavior. © 2020, University of Surrey. All rights reserved.",Thiago,2020,2026-03-17 21:30:25,2026-03-17 21:30:25,,,,1,23,,,,,,,,,,,,,rayyan-448618703,,,,,C:\Users\Thiago\Zotero\storage\4ZFQWSR9\Ligmann-Zielinska et al. - 2020 - ‘One size does not fit all’ A roadmap of purpose-driven mixed-method pathways for sensitivity analy.pdf,,Agent-based Model; Review; Individual-based Model; Sensitivity Analysis,,,,,,,
7S2A56YS,journalArticle,2019,"Barbuto, A.; Lopolito, A.; Santeramo, F.G.",Improving diffusion in agriculture: an agent-based model to find the predictors for efficient early adopters,Empirical (micro),"Exploratory, Decision Support / Policy Evaluation",Regression / Statistical Inference,Agricultural and Food Economics,,,10.1186/s40100-019-0121-0,https://www.scopus.com/inward/record.uri?eid=2-s2.0-85060750790&doi=10.1186%2Fs40100-019-0121-0&partnerID=40&md5=ec7fa0796677dfe5912ebce38174ce07,"Proven that the adoption rate of a new product is influenced by the network characteristics of the early adopters, the aim of this paper is to find the network features of the early adopters associated with high adoption rates of a specific new practice: the use of biodegradable mulching films containing soluble bio-based substances derived from municipal solid wastes. We simulated the diffusion process by means of an agent-based model calibrated on real-world data. Closeness and clusterization emerged as the most important network characteristics for early adopters to be successful. The results achieved represent the basis for the breaking down of a tailored diffusion strategy to overcome the psychological and socio-economic barriers of this kind of innovation within an environmental and sustainability-oriented transition policy in a rural context. © 2019, The Author(s).",Thiago,2019,2026-03-17 21:30:25,2026-03-17 21:30:25,,,,1,7,,,,,,,,,,,,,rayyan-448618713,,,,,C:\Users\Thiago\Zotero\storage\499E9VGB\Barbuto et al. - 2019 - Improving diffusion in agriculture an agent-based model to find the predictors for efficient early.pdf,,,,,,,,,
FQQIZLRP,journalArticle,2019,"Abebe, Y.A.; Ghorbani, A.; Nikolić, I.; Vojinović, Z.; Sanchez Torrez, A.",Flood risk management in Sint Maarten – A coupled agent-based and flood modelling method,Hybrid,Decision Support / Policy Evaluation,"Local (OAT/OFAT), Exploratory / Scenario-based",Journal of Environmental Management,,,10.1016/j.jenvman.2019.109317,https://www.scopus.com/inward/record.uri?eid=2-s2.0-85071709200&doi=10.1016%2Fj.jenvman.2019.109317&partnerID=40&md5=1ebdb8328b1977f1cc46978d1e92c63b,"Disaster risk reduction is a major concern of small island developing states. Measures to reduce risk should not only be based on the magnitude of physical hazard, but also on the exposure and vulnerability of communities. In this article, we examine flood risk management policies in the Caribbean island of Sint Maarten using coupled agent-based and flood models. The agent-based model is used to model actors' behaviour in relation to urban building development and policies that are designed to reduce flood hazard and communities' vulnerability and exposure. The policies considered in the model are a Beach Policy, a Building and Housing Ordinance, a Flood Zoning policy and hazard mitigation structural measures. The flood model is used to simulate coastal and pluvial floods on the island. Agent behaviour such as building new houses and implementing hazard reduction measures affect the flood model as these actions affect the rainfall-runoff process. The flood maps generated from the updated flood model simulations are then used to assess the impact and update agents’ attributes and behaviour. The simulations results show that low-lying areas are populated, which increases the exposure, and the number of vulnerable houses is also high. Hence, out of the four policies, implementing hazard reduction measures is the most important. Reducing the flood hazard by widening existing drainage channels, constructing new ones and building dykes as coastal flood defence would reduce the hazard, hence reducing the number of flooded houses. As it affects all households on the island, the Building and Housing Ordinance is an important policy to reduce vulnerability. In general, the coupled model outputs can be used to inform policy decision making and provide insights to policymakers on the island. © 2019 Elsevier Ltd",Thiago,2019,2026-03-17 21:30:25,2026-03-17 21:30:25,,,,,248,,,,,,,,,,,,,rayyan-448618718,,,,,C:\Users\Thiago\Zotero\storage\QFIVHA5H\Abebe et al. - 2019 - Flood risk management in Sint Maarten – A coupled agent-based and flood modelling method.pdf,,Agent-based modelling; Flood risk management; Socio-hydrology; Sint maarten; Small island development states,,,,,,,
ITGSAUJB,journalArticle,2019,"Moya, I.; Chica, M.; Cordón, Ó.",A multicriteria integral framework for agent-based model calibration using evolutionary multiobjective optimization and network-based visualization,NA,NA,NA,Decision Support Systems,,,10.1016/j.dss.2019.113111,https://www.scopus.com/inward/record.uri?eid=2-s2.0-85070660677&doi=10.1016%2Fj.dss.2019.113111&partnerID=40&md5=6929f96040d1974bb79b0fea145945c2,"Automated calibration methods are a common approach to agent-based model calibration as they can estimate those parameters which cannot be set because of the lack of information. The modeler requires to validate the model by checking the parameter values before the model can be used and this task is very challenging when the model considers two or more conflicting outputs. We propose a multicriteria integral framework to assist the modeler in the calibration and validation of agent-based models that combines evolutionary multiobjective optimization with network-based visualization, which we believe is the first integral approach to model calibration. On the one hand, evolutionary multiobjective optimization provides several sets of calibration solutions (i.e., parameter values) with different trade-offs for the considered objectives in a single run. On the other hand, network-based visualization is used to better understand the decision space and the set of solutions from the obtained Pareto set approximation. To illustrate our proposal, we face the calibration of three agent-based model examples for marketing which consider two conflicting criteria: the awareness of the brand and its word-of-mouth volume. The final analysis of the calibrated solutions shows how our proposed framework eases the analysis of Pareto sets with high cardinality and helps with the identification of flexible solutions (i.e., those having close values in the design space). © 2019 Elsevier B.V.",Thiago,2019,2026-03-17 21:30:25,2026-03-17 21:30:25,,,,,124,,,,,,,,,,,,,rayyan-448618728,,,,,C:\Users\Thiago\Zotero\storage\U5D7ZXUX\Moya et al. - 2019 - A multicriteria integral framework for agent-based model calibration using evolutionary multiobjecti.pdf,,Agent-based modeling; Model calibration; Evolutionary multiobjective optimization; Information visualization,,,,,,,
G2QHSKYA,journalArticle,2019,"Olszewski, R.; Pałka, P.; Wendland, A.; Kamiński, J.",A multi-agent social gamification model to guide sustainable urban photovoltaic panels installation policies,Hybrid,Decision Support / Policy Evaluation,Exploratory / Scenario-based,Energies,,,10.3390/en12153019,https://www.scopus.com/inward/record.uri?eid=2-s2.0-85070330581&doi=10.3390%2Fen12153019&partnerID=40&md5=b06e69130bb72f3f936f68864361db24,"The paper presents a holistic and quantitative model of social gamification in a smart city, which is likely to stimulate the photovoltaic panels installation. The coupling of multi-agent systems, GIS tools, demographic data, and a spatial knowledge base made it possible to develop and calibrate a computable model of social interaction in a “model smart city,” as well as to quantitatively evaluate the deployment of photovoltaic panels. It also enabled the analysis of factors affecting the efficiency of this process, e.g., the photovoltaic potential of solar roofs, the ownership of buildings, the type of building development, the level of social trust, institutional and social incentives, and the development of an information society. The devised model is tested on the city of Warsaw, utilizing spatial and descriptive data provided by city authorities. © 2019 by the authors.",Thiago,2019,2026-03-17 21:30:25,2026-03-17 21:30:25,,,,15,14,,,,,,,,,,,,,rayyan-448618732,,,,,C:\Users\Thiago\Zotero\storage\NFJTIYNZ\Olszewski et al. - 2019 - A multi-agent social gamification model to guide sustainable urban photovoltaic panels installation.pdf,,Multi-agent systems; Photovoltaics; Smart city; Gamification; Renewable energy systems; Spatial databases,,,,,,,
54EQGNYP,journalArticle,2019,"Tedeschi, G.; Recchioni, M.C.; Berardi, S.",An approach to identifying micro behavior: How banks’ strategies influence financial cycles,Empirical (macro),"Descriptive / Phenomena-based, Explanatory",Regression / Statistical Inference,Journal of Economic Behavior and Organization,,,10.1016/j.jebo.2018.12.022,https://www.scopus.com/inward/record.uri?eid=2-s2.0-85058928831&doi=10.1016%2Fj.jebo.2018.12.022&partnerID=40&md5=6717bf81554392c17cceb5f5a8a983fc,"In this paper, we show that the values of parameters of a well-calibrated model are useful in detecting micro behavior. We use a calibration procedure suitable for validating agent-based models to show how the evolution of model parameters, obtained via a rolling window estimation, illustrates the evolution of agents’ strategies in response to different economic conditions. In this regard, we calibrate the well-known financial model of Brock and Hommes using three banking indices (i.e., the S&P SmallCap 600 Financials Index, the STOXX Europe 600 Banks, and the STOXX Asia/Pacific 600 Banks) running from 1994 to 2016. The choice of a spatially and temporally diversified dataset allows us to analyze differences and similarities in the behavior of banks belonging to the different macro areas, as well as to capture agents’ reaction to the several economic phases characterizing the time series investigated. © 2018 Elsevier B.V.",Thiago,2019,2026-03-17 21:30:25,2026-03-17 21:30:25,,329-346,,,162,,,,,,,,,,,,,rayyan-448618742,,,,,,,Agent-based models; Validation; Heterogeneous beliefs; Microfoundations,,,,,,,
NRYWJADN,journalArticle,2019,"Hyun, J.-Y.; Huang, S.-Y.; Yang, Y.C.E.; Tidwell, V.; Macknick, J.",Using a coupled agent-based modeling approach to analyze the role of risk perception in water management decisions,Hybrid,Explanatory,Exploratory / Scenario-based,Hydrology and Earth System Sciences,,,10.5194/hess-23-2261-2019,https://www.scopus.com/inward/record.uri?eid=2-s2.0-85065658605&doi=10.5194%2Fhess-23-2261-2019&partnerID=40&md5=a28f7022d03d1ba8cc1e1c35770ed8a6,"Managing water resources in a complex adaptive natural-human system is a challenge due to the difficulty of modeling human behavior under uncertain risk perception. The interaction between human-engineered systems and natural processes needs to be modeled explicitly with an approach that can quantify the influence of incomplete/ambiguous information on decision-making processes. In this study, we two-way coupled an agent-based model (ABM) with a river-routing and reservoir management model (RiverWare) to address this challenge. The human decision-making processes is described in the ABM using Bayesian inference (BI) mapping joined with a cost-loss (CL) model (BC-ABM). Incorporating BI mapping into an ABM allows an agent's psychological thinking process to be specified by a cognitive map between decisions and relevant preceding factors that could affect decision-making. A risk perception parameter is used in the BI mapping to represent an agent's belief on the preceding factors. Integration of the CL model addresses an agent's behavior caused by changing socioeconomic conditions. We use the San Juan River basin in New Mexico, USA, to demonstrate the utility of this method. The calibrated BC-ABM-RiverWare model is shown to capture the dynamics of historical irrigated area and streamflow changes. The results suggest that the proposed BC-ABM framework provides an improved representation of human decision-making processes compared to conventional rule-based ABMs that do not take risk perception into account. Future studies will focus on modifying the BI mapping to consider direct agents' interactions, up-front cost of agent's decision, and upscaling the watershed ABM to the regional scale. © Author(s) 2019. This work is distributed under the Creative Commons Attribution 4.0 License.",Thiago,2019,2026-03-17 21:30:25,2026-03-17 21:30:25,,2261-2278,,5,23,,,,,,,,,,,,,rayyan-448618744,,,,,C:\Users\Thiago\Zotero\storage\CJH4K7DP\Hyun et al. - 2019 - Using a coupled agent-based modeling approach to analyze the role of risk perception in water manage.pdf,,,,,,,,,
L239RFYK,journalArticle,2019,"Borghesi, A.; Milano, M.",Merging observed and self-reported behaviour in agent-based simulation: A case study on photovoltaic adoption,Hybrid,Predictive,Regression / Statistical Inference,Applied Sciences (Switzerland),,,10.3390/app9102098,https://www.scopus.com/inward/record.uri?eid=2-s2.0-85066473664&doi=10.3390%2Fapp9102098&partnerID=40&md5=e0f734589359a553044f2b238e1de133,"Designing and evaluating energy policies is a difficult challenge because the energy sector is a complex system that cannot be adequately understood without using models merging economic, social and individual perspectives. Appropriate models allow policy makers to assess the impact of policy measures, satisfy strategic objectives and develop sustainable policies. Often the implementation of a policy cannot be directly enforced by governments, but falls back to many stakeholders, such as private citizens and enterprises. We propose to integrate two basic cornerstones to devise realistic models: the self-reported behaviour, derived from surveys, and the observed behaviour, from historical data. The self-reported behaviour enables the identification of drivers and barriers pushing or limiting people in their decision making process, while the observed behaviour is used to tune these drivers/barriers in a model. We test our methodology on a case-study: the adoption of photovoltaic panels among private citizens in the Emilia-Romagna region, Italy. We propose an agent-based model devised using self-reported data and then empirically tuned using historical data. The results reveal that our model can predict with great accuracy the photovoltaic (PV) adoption rate and thus support the energy policy-making process. © 2019 by the authors.",Thiago,2019,2026-03-17 21:30:25,2026-03-17 21:30:25,,,,10,9,,,,,,,,,,,,,rayyan-448618746,,,,,C:\Users\Thiago\Zotero\storage\CXHKGCHF\Borghesi e Milano - 2019 - Merging observed and self-reported behaviour in agent-based simulation A case study on photovoltaic.pdf,,Multi-agent systems; Simulation model; Parameter fine-tuning; Photovoltaic energy; Predictive model; Self-reported behaviour,,,,,,,
PWMYBS7V,journalArticle,2019,"Müller-Hansen, F.; Heitzig, J.; Donges, J.F.; Cardoso, M.F.; Dalla-Nora, E.L.; Andrade, P.; Kurths, J.; Thonicke, K.",Can Intensification of Cattle Ranching Reduce Deforestation in the Amazon? Insights From an Agent-based Social-Ecological Model,Hybrid,"Exploratory, Decision Support / Policy Evaluation",Exploratory / Scenario-based,Ecological Economics,,,10.1016/j.ecolecon.2018.12.025,https://www.scopus.com/inward/record.uri?eid=2-s2.0-85060980583&doi=10.1016%2Fj.ecolecon.2018.12.025&partnerID=40&md5=f3939477345bfd431211b0439f194904,"Deforestation in the Amazon with its vast consequences for the ecosystem and climate is largely related to subsequent land use for cattle ranching. In addition to conservation policies, proposals to reduce deforestation include measures to intensify cattle ranching. However, the effects of land-use intensification on deforestation are debated in the literature. This paper introduces the abacra model, a stylized agent-based model to study the interplay of deforestation and the intensification of cattle ranching in the Brazilian Amazon. The model combines social learning and ecological processes with market dynamics. In the model, agents adopt either an extensive or semi-intensive strategy of cattle ranching based on the success of their neighbors. They earn their income by selling cattle on a stylized market. We present a comprehensive analysis of the model with statistical methods and find that it produces highly non-linear transient outcomes in dependence on key parameters like the rate of social interaction and elasticity of the cattle price. We show that under many environmental and economic conditions, intensification does not reduce deforestation rates and sometimes even has a detrimental effect on deforestation. Anti-deforestation policies incentivizing fast intensification can only lower deforestation rates under conditions in which the local cattle market saturates. © 2019 Elsevier B.V.",Thiago,2019,2026-03-17 21:30:25,2026-03-17 21:30:25,,198-211,,,159,,,,,,,,,,,,,rayyan-448618747,,,,,,,Agent-based modeling; Social-ecological systems; Amazon deforestation; Land-use intensification; Pasture management,,,,,,,
RE92M6B9,journalArticle,2019,"Magliocca, N.R.; McSweeney, K.; Sesnie, S.E.; Tellman, E.; Devine, J.A.; Nielsen, E.A.; Pearson, Z.; Wrathall, D.J.",Modeling cocaine traffickers and counterdrug interdiction forces as a complex adaptive system,Hybrid,Explanatory,"Local (OAT/OFAT), Exploratory / Scenario-based",Proceedings of the National Academy of Sciences of the United States of America,,,10.1073/pnas.1812459116,https://www.scopus.com/inward/record.uri?eid=2-s2.0-85064356400&doi=10.1073%2Fpnas.1812459116&partnerID=40&md5=5b25f9d84f417ea59b25532a17ef5a4c,"Counterdrug interdiction efforts designed to seize or disrupt cocaine shipments between South American source zones and US markets remain a core US “supply side” drug policy and national security strategy. However, despite a long history of US-led interdiction efforts in the Western Hemisphere, cocaine movements to the United States through Central America, or “narco-trafficking,” continue to rise. Here, we developed a spatially explicit agent-based model (ABM), called “NarcoLogic,” of narco-trafficker operational decision making in response to interdiction forces to investigate the root causes of interdiction ineffectiveness across space and time. The central premise tested was that spatial proliferation and resiliency of narco-trafficking are not a consequence of ineffective interdiction, but rather part and natural consequence of interdiction itself. Model development relied on multiple theoretical perspectives, empirical studies, media reports, and the authors’ own years of field research in the region. Param-eterization and validation used the best available, authoritative data source for illicit cocaine flows. Despite inherently biased, unreliable, and/or incomplete data of a clandestine phenomenon, the model compellingly reproduced the “cat-and-mouse” dynamic between narco-traffickers and interdiction forces others have qualitatively described. The model produced qualitatively accurate and quantitatively realistic spatial and temporal patterns of cocaine trafficking in response to interdiction events. The NarcoLogic model offers a much-needed, evidence-based tool for the robust assessment of different drug policy scenarios, and their likely impact on trafficker behavior and the many collateral damages associated with the militarized war on drugs. © 2019 National Academy of Sciences. All rights reserved.",Thiago,2019,2026-03-17 21:30:25,2026-03-17 21:30:25,,7784-7792,,16,116,,,,,,,,,,,,,rayyan-448618750,,,,,C:\Users\Thiago\Zotero\storage\SQ6SELIR\Magliocca et al. - 2019 - Modeling cocaine traffickers and counterdrug interdiction forces as a complex adaptive system.pdf,,Agent-based model; Drug policy reform; Illicit economy; Illicit supply networks; Transaction costs,,,,,,,
XQQCYVBY,journalArticle,2019,"Snellman, J.E.; Iñiguez, G.; Kertesz, J.; Barrio, R.A.; Kaski, K.K.",Status maximization as a source of fairness in a networked dictator game,Theoretical (literature),"Explanatory, Theoretical / Illustrative",Local (OAT/OFAT),Journal of Complex Networks,,,10.1093/comnet/cny022,https://www.scopus.com/inward/record.uri?eid=2-s2.0-85071102521&doi=10.1093%2Fcomnet%2Fcny022&partnerID=40&md5=f76dfe674ba0822b2f1acb16d68ea750,"Human behavioural patterns exhibit selfish or competitive, as well as selfless or altruistic tendencies, both of which have demonstrable effects on human social and economic activity. In behavioural economics, such effects have traditionally been illustrated experimentally via simple games such as the dictator and the ultimatum games. Experiments with these games suggest that, beyond rational economic thinking, human decision-making processes are influenced by social preferences, such as an inclination to fairness. In this study, we suggest that the apparent gap between competitive and altruistic human tendencies can be bridged by assuming that people are primarily maximizing their status, i.e., a utility function different from simple profit maximization. To this end, we analyse a simple agent-based model, where individuals play the repeated dictator game in a social network they can modify. As model parameters, we consider the living costs and the rate at which agents forget infractions by others. We find that individual strategies used in the game vary greatly, from selfish to selfless, and that both of the above parameters determine when individuals form complex and cohesive social networks. © 2018 The authors. Published by Oxford University Press. All rights reserved.",Thiago,2019,2026-03-17 21:30:26,2026-03-17 21:30:26,,281-305,,2,7,,,,,,,,,,,,,rayyan-448618753,,,,,C:\Users\Thiago\Zotero\storage\UXET4LVN\Snellman et al. - 2019 - Status maximization as a source of fairness in a networked dictator game.pdf,,agent-based social simulation; dictator game; superiority maximization,,,,,,,
4EYL2YUR,journalArticle,2019,"Pangallo, M.; Nadal, J.-P.; Vignes, A.",Residential income segregation: A behavioral model of the housing market,Theoretical (literature),"Exploratory, Decision Support / Policy Evaluation","Exploratory / Scenario-based, Local (OAT/OFAT)",Journal of Economic Behavior and Organization,,,10.1016/j.jebo.2019.01.010,https://www.scopus.com/inward/record.uri?eid=2-s2.0-85061065012&doi=10.1016%2Fj.jebo.2019.01.010&partnerID=40&md5=fc9a5b6e706a157c9914640456bc188c,"We represent the functioning of the housing market and study the relation between income segregation, income inequality and house prices by introducing a spatial Agent-Based Model (ABM). Differently from traditional models in urban economics, we explicitly specify the behavior of buyers and sellers and the price formation mechanism. Buyers who differ by income select among heterogeneous neighborhoods using a probabilistic model of residential choice; sellers employ an aspiration level heuristic to set their reservation offer price; prices are determined through a continuous double auction. We first provide an approximate analytical solution of the ABM, shedding light on the structure of the model and on the effect of the parameters. We then simulate the ABM and find that: (i) a more unequal income distribution lowers the prices globally, but implies stronger segregation; (ii) a spike in demand in one part of the city increases the prices all over the city; (iii) subsidies are more efficient than taxes in fostering social mixing. © 2019 Elsevier B.V.",Thiago,2019,2026-03-17 21:30:26,2026-03-17 21:30:26,,15-35,,,159,,,,,,,,,,,,,rayyan-448618762,,,,,C:\Users\Thiago\Zotero\storage\GBDTAIJX\Pangallo et al. - 2019 - Residential income segregation A behavioral model of the housing market.pdf,,Agent-based model; Housing market; Aspiration level heuristic; Income inequality; Spatial segregation,,,,,,,
W5VAF82I,journalArticle,2019,"Liang, X.; Yu, T.; Hong, J.; Shen, G.Q.",Making incentive policies more effective: An agent-based model for energy-efficiency retrofit in China,Hybrid,Decision Support / Policy Evaluation,"Exploratory / Scenario-based, Local (OAT/OFAT)",Energy Policy,,,10.1016/j.enpol.2018.11.029,https://www.scopus.com/inward/record.uri?eid=2-s2.0-85057113028&doi=10.1016%2Fj.enpol.2018.11.029&partnerID=40&md5=4ed1b6306308986e8ab4cd34227bc8d6,"The building sector is responsible for a major share of energy consumption, with the most energy being consumed during the operation stage of buildings. Energy-efficiency retrofit (EER) policies have been promoted by numerous countries. However, the effectiveness of these incentive policies has been insufficient, a main reason being the agency problem between the government and building owners. In addition, most policies ignored the diversity of buildings and building owners, resulting in a lack of reaction from owners. To address this problem, this study proposed an agent-based model for policy making on EER. The model defined the government and owners as agents and their decision-making behaviors were modeled with principal-agent theory. A platform based on the proposed model was then developed and the incentive policy was optimized under different circumstances. To verify the effectiveness of the proposed model, three policy scenarios were compared on the platform, which are the policy by the proposed model, the incentive policy in Shanghai and Shenzhen, China. The results showed that the incentive policy based on the proposed model has the best performance on energy savings, returns on investment, and leverage effects. A sensitivity analysis indicated that the government should pay more attention to energy price. © 2018 Elsevier Ltd",Thiago,2019,2026-03-17 21:30:26,2026-03-17 21:30:26,,177-189,,,126,,,,,,,,,,,,,rayyan-448618765,,,,,C:\Users\Thiago\Zotero\storage\H4NI2KFV\Liang et al. - 2019 - Making incentive policies more effective An agent-based model for energy-efficiency retrofit in Chi.pdf,,Agent-based model; Multi-agent system; Energy efficiency; Principal-agent theory; Retrofit,,,,,,,
RZV7J73N,journalArticle,2019,"Holzhauer, S.; Brown, C.; Rounsevell, M.",Modelling dynamic effects of multi-scale institutions on land use change,Hybrid,Exploratory,"Exploratory / Scenario-based, Local (OAT/OFAT)",Regional Environmental Change,,,10.1007/s10113-018-1424-5,https://www.scopus.com/inward/record.uri?eid=2-s2.0-85055019254&doi=10.1007%2Fs10113-018-1424-5&partnerID=40&md5=826e174d1766d521f8954408acf7a2a0,"Formal institutions impact on the dynamics of land use change through their objectives, actions and decision-making processes in response to socio-economic or environmental changes such as climate change. The effects and interplay of these actions are not fully understood, and hence, institutional processes are rarely integrated in modelling analyses of land use change. The complex effects of institutional interactions within land systems can be better understood through modelling approaches that address the heterogeneity of the institutional actors involved and how their decisions affect temporal and spatial dynamics. In this paper, we present an agent-based model of autonomous land managers interacting with institutional agents at two spatial scales. We explore different parameters of institutional intervention (subsidy rate, triggers for action, delay in monitoring, scale-based precedence) under socio-economic drivers and analyse key metrics such as the maximum over- and undersupply of ecosystem services, connectivity of land uses, and degree of change in land use patterns. Levels of subsidy and action triggers have the greatest impact on the magnitude of land use change and the maximum oversupply of ecosystem services. In terms of achieving institutional objectives, subsidy rate is the most important single parameter in the model. Furthermore, we find non-linearity with variations in parameters that have important implications for current land use change modelling and requirements for empirical studies of land use planning institutions. Finally, the effects of high-end climate change may require entirely novel institutional behaviours. © 2018, The Author(s).",Thiago,2019,2026-03-17 21:30:26,2026-03-17 21:30:26,,733-746,,3,19,,,,,,,,,,,,,rayyan-448618766,,,,,C:\Users\Thiago\Zotero\storage\YFLHQRMG\Holzhauer et al. - 2019 - Modelling dynamic effects of multi-scale institutions on land use change.pdf,,Agent-based modelling; Land use change; Decision-making; Complex socio-ecological systems; Formal institutions; Governance,,,,,,,
WR8YMZVF,journalArticle,2019,"Katapodis, N.D.; Zhang, D.; Giabbanelli, P.J.; Li, Y.; Lyford, C.P.; Rajbhandari-Thapa, J.",Evaluating the Impact of Improving Access on Consumption of Fruits and Vegetables in a Rural Community in Texas: A Modeling Study,Hybrid,Decision Support / Policy Evaluation,Exploratory / Scenario-based,Health Equity,,,10.1089/heq.2018.0090,https://www.scopus.com/inward/record.uri?eid=2-s2.0-85079186280&doi=10.1089%2Fheq.2018.0090&partnerID=40&md5=706e462ebb939cab3635a40060089285,"Purpose: Most residents in rural regions of the United States consume fewer amounts of fruits and vegetables (FVs) compared with their urban counterparts. Difficulties in access to FVs often contribute to different consumption patterns in rural regions, aside from a lack of education or motivation for eating healthy foods. This article uses simulation methods to estimate the relationship between increasing food access and FV consumption levels in a targeted rural community. Methods: An agent-based model previously developed to predict individual dietary behaviors was used. We adapted it to a rural community in west Texas following a two-step process. First, we validated the model with observed data. Second, we simulated the impact of increasing access on FV consumption. We estimated model parameters from the 2010 census and other sources. Results: We found that decreasing the driving distance to FV outlets would increase FV consumption in the community. For example, a one-mile decrease in driving distance to the nearest FV store could lead to an 8.9% increase in FV consumption; a five-mile decrease in driving distance could lead to a 25% increase in FV consumption in the community. We found that the highest marginal increase in FV consumption was when the driving distance decreased from 3.5 miles to 3 miles. Conclusions: Analysis to inform policy alternatives is a challenge in rural settings due to lack of data. This study highlights the potential of simulation modeling to inform and analyze policy alternatives in settings with scarce data. The findings from modeling can be used to evaluate alternative policies in addressing chronic diseases through dietary interventions in rural regions. © Nicole D. Katapodis et al. 2019; Published by Mary Ann Liebert, Inc.",Thiago,2019,2026-03-17 21:30:26,2026-03-17 21:30:26,,382-389,,1,3,,,,,,,,,,,,,rayyan-448618776,,,,,C:\Users\Thiago\Zotero\storage\VTJHCMP6\Katapodis et al. - 2019 - Evaluating the Impact of Improving Access on Consumption of Fruits and Vegetables in a Rural Communi.pdf,,modeling; chronic diseases; diet; fruit and vegetables; rural,,,,,,,
5Z7LJ8KG,journalArticle,2019,"Makarov, V.L.; Bakhtizin, A.R.; Sushko, E.D.; Sushko, G.B.",The application of graph decomposition to development of large-scale agent-based economic models,"Empirical (macro), ""Synthetic (machine learning, AI, other)""",Theoretical / Illustrative,NA,Advances in Systems Science and Applications,,,10.25728/assa.2019.19.1.594,https://www.scopus.com/inward/record.uri?eid=2-s2.0-85068469253&doi=10.25728%2Fassa.2019.19.1.594&partnerID=40&md5=567da89bd6e8ef638eae7e60c1f876bd,"In this work we describe the application of the graph decomposition algorithms for the development of a scalable high-performance agent-based model of population of Russia described in terms of demography, migration and transport flows. The simulated system consists of agents representing individuals and sets of links to other agents, which represent the social interactions of individual. Individual agents in the model participate in several independent processes, for which different sets of social links is important such as family and neighbors. To perform a load balancing of agents between cluster computer nodes the METIS graph decomposition algorithm was used. These algorithms allow to split the graph of agents and links into parts of similar size with least possible number of links between them. A number of numerical experiments was carried out for test model to estimate the influence of the parameters of the model on scalability. © 0000 ASSA.",Thiago,2019,2026-03-17 21:30:26,2026-03-17 21:30:26,,141-149,,1,19,,,,,,,,,,,,,rayyan-448618783,,,,,C:\Users\Thiago\Zotero\storage\FKPYDZ28\Makarov et al. - 2019 - The application of graph decomposition to development of large-scale agent-based economic models.pdf,,Agent-based modelling; Graph decomposition; Numerical modelling; Parallel computing,,,,,,,
L27KAV5S,journalArticle,2018,"Schlaile, M.P.; Zeman, J.; Müller, M.",It’s a match! Simulating compatibility-based learning in a network of networks,"Theoretical (literature), ""Synthetic (machine learning, AI, other)""",Theoretical / Illustrative,"Exploratory / Scenario-based, Regression / Statistical Inference",Journal of Evolutionary Economics,,,10.1007/s00191-018-0579-z,https://www.scopus.com/inward/record.uri?eid=2-s2.0-85047481002&doi=10.1007%2Fs00191-018-0579-z&partnerID=40&md5=decbb6971d54b1b87a01db450a4d9589,"In this article, we develop a new way to capture knowledge diffusion and assimilation in innovation networks by means of an agent-based simulation model. The model incorporates three essential characteristics of knowledge that have not been covered entirely by previous diffusion models: the network character of knowledge, compatibility of new knowledge with already existing knowledge, and the fact that transmission of knowledge requires some form of attention. We employ a network-of- networks approach, where agents are located within an innovation network and each agent itself contains another network composed of knowledge units (KUs). Since social learning is a path-dependent process, in our model, KUs are exchanged among agents and integrated into their respective knowledge networks depending on the received KUs’ compatibility with the currently focused ones. Thereby, we are also able to endogenize attributes such as absorptive capacity that have been treated as an exogenous parameter in some of the previous diffusion models. We use our model to simulate and analyze various scenarios, including cases for different degrees of knowledge diversity and cognitive distance among agents as well as knowledge exploitation vs. exploration strategies. Here, the model is able to distinguish between two levels of knowledge diversity: heterogeneity within and between agents. Additionally, our simulation results give fresh impetus to debates about the interplay of innovation network structure and knowledge diffusion. In summary, our article proposes a novel way of modeling knowledge diffusion, thereby contributing to an advancement of the economics of innovation and knowledge. © 2018, The Author(s).",Thiago,2018,2026-03-17 21:30:26,2026-03-17 21:30:26,,1111-1150,,5,28,,,,,,,,,,,,,rayyan-448618803,,,,,C:\Users\Thiago\Zotero\storage\5CKBAYKM\Schlaile et al. - 2018 - It’s a match! Simulating compatibility-based learning in a network of networks.pdf,,Agent-based modeling; Learning; Innovation; Cognitive distance; Exploitation; Exploration; Innovation networks; Knowledge compatibility; Knowledge diffusion; Knowledge networks; Memetics; Network-of-networks,,,,,,,
RTSUP4X2,journalArticle,2018,"Deng, C.; Wang, H.; Zhang, W.; Jiao, Z.",Optimizing policy for balanced industrial profit and water pollution control under a complex socioecological system using a multiagent-based model,Hybrid,Decision Support / Policy Evaluation,Exploratory / Scenario-based,Water (Switzerland),,,10.3390/w10091139,https://www.scopus.com/inward/record.uri?eid=2-s2.0-85052493113&doi=10.3390%2Fw10091139&partnerID=40&md5=b88e4fdc39ff06dc1d38ae52c9ca94c1,"Water pollution is a prominent and urgent environmental problem that represents a significant challenge in solving the water resource crisis. The ability to choose an optimal environmental policy can provide support for decision makers to effectively control water pollution. This study presents an agent-based model (ABM) approach involving two classes of agents, agricultural household agents and factory agents, to simulate pollutant discharge, and discusses the effectiveness of the whole system and subsystems under multiple policy scenarios involving a combination of environmental tax (ET) and payments for environmental services (PES). This idea is applied to the Shanmei Reservoir watershed, one of the important reservoirs watersheds in China. The results showed that: (1) the ABM represented well pollutant discharge scenarios where Nash coefficient (NSE) values were greater than 0.76; (2) though ET and PES policies were both effective in reducing water pollution, PES was more effective at reducing pollution from households, while ET was more effective at controlling industrial pollution emissions; (3) considering the environmental costs and general effect of the system, a medium degree of PES for agricultural household agents and a medium degree of ET for factory agents were found to be optimal for controlling water pollution in this watershed. A differential compensation mechanism and the introduction of market incentives were recommended to reduce the financial burden of the government. The results also demonstrated that ABM was helpful for choosing an effective policy to control pollution emissions and realizing environmental objectives and socio-economic co-benefits. The model structure and parameters should be optimized in specific cases because of the uncertainty of partial parameters and the neglect of the consumption process. These findings could be helpful for providing guidelines for water pollution control and sustainable water management in China. © 2018 by the author.",Thiago,2018,2026-03-17 21:30:26,2026-03-17 21:30:26,,,,9,10,,,,,,,,,,,,,rayyan-448618816,,,,,C:\Users\Thiago\Zotero\storage\YJURPWMY\Deng et al. - 2018 - Optimizing policy for balanced industrial profit and water pollution control under a complex socioec.pdf,,Payments for environmental services; Agent-based model; Water pollution; Environmental tax; Policy scenarios,,,,,,,
2I4GTJSH,journalArticle,2018,"Singh, K.; Ahn, C.-W.",An agent based model approach for perusal of social dynamics,"Empirical (micro), Hybrid","Predictive, Decision Support / Policy Evaluation","Exploratory / Scenario-based, Regression / Statistical Inference",IEEE Access,,,10.1109/ACCESS.2018.2849731,https://www.scopus.com/inward/record.uri?eid=2-s2.0-85049132353&doi=10.1109%2FACCESS.2018.2849731&partnerID=40&md5=a142822df8ee6c12917fcab9b9e05592,"Agent-based modeling has recently gained popularity in the field of simulation and modeling. Due to their characteristic properties, agent-based models (ABMs) allow for an improved and flexible way of modeling complex systems. Social dynamics is one such a complex system, which has complex components, such as demography, sociology, economics, psychology, health, and so on. Demography is one of the bigger and more important sub-systems of this complex system. In this paper, we have focused on utilizing the potential of ABM techniques to analyze the underlying processes in social demography. We propose and implement a holistic ABM that can be used for analysis, understanding, and prediction of socio-demographic processes as well as a tool for policy design and evaluation. The proposed model incorporates well-known factors affecting demography and provides ease and flexibility of adding newer factors. In this paper, we considered the use case of Korea and utilized the Korean census data for model development. Many ABMs have been proposed for demography but most of them not only have limited functionalities, but also lack the suitable usage of agent-based modeling itself. The proposed approach is wide-ranging, flexible, and general and can be reused by simply making changes in the initial data set for the analysis of the target society. We exhibit the validation of the proposed model, as well as its usage by executing virtual experiments for socio-demographic analysis and prediction. © 2013 IEEE.",Thiago,2018,2026-03-17 21:30:26,2026-03-17 21:30:26,,36948-36965,,,6,,,,,,,,,,,,,rayyan-448618823,,,,,C:\Users\Thiago\Zotero\storage\6TZKCVQ7\Singh e Ahn - 2018 - An agent based model approach for perusal of social dynamics.pdf,,population dynamics; Agent based modeling; discrete event system; policy evaluation; population prediction; social demography,,,,,,,
RPBE65PD,journalArticle,2018,"Zia, K.; Saini, D.K.; Muhammad, A.; Ferscha, A.",Nature-Inspired Computational Model of Population Desegregation under Group Leaders Influence,Hybrid,"Exploratory, Explanatory","Local (OAT/OFAT), Exploratory / Scenario-based",IEEE Transactions on Computational Social Systems,,,10.1109/TCSS.2018.2818324,https://www.scopus.com/inward/record.uri?eid=2-s2.0-85045301326&doi=10.1109%2FTCSS.2018.2818324&partnerID=40&md5=2dd65d9992d0e77636a34fdea18bf242,"This paper presents an agent-based model of population desegregation and provides a thorough analysis of the social behavior leading to it, namely, the contact hypothesis. Based on the parameters of frequency and intensity of influence of group leaders on the population, the proposed model is constituted by two layers: 1) a physical layer of the population that is influenced by and 2) a virtual layer of group leaders. The model of negotiation and survival of group leaders are governed by the nature-inspired evolutionary process of queen ants, also known as Foundress Dilemma. The motivation of using a virtual grouping concept (instead of taking a subset of population as the group leaders) is to stay focused on finding the conditions leading individuals in a society tolerating a significantly diversified (desegregated) neighborhood, rather than, indulging into complex details, which would be more relevant to studies targeting the evolution of societal group and leaders. A geographic information system-driven simulation is performed, which reveals that: 1) desegregation is directly proportional to the frequency of group leaders' contact with the population and 2) mostly, it remains ineffective with an increase in the intensity of group leaders' contact with the population. The mechanism of group selection (the conflict resolution model resolving the Foundress Dilemma) reveals an exciting result concerning negative influence of cooperative group leaders. Most of the time, desegregation decreases with increase in cooperative leaders (the leaders enforcing desegregation) when compared with fierce leaders (the leaders enforcing segregation). © 2014 IEEE.",Thiago,2018,2026-03-17 21:30:26,2026-03-17 21:30:26,,532-543,,2,5,,,,,,,,,,,,,rayyan-448618826,,,,,C:\Users\Thiago\Zotero\storage\NPZ9ERA2\Zia et al. - 2018 - Nature-Inspired Computational Model of Population Desegregation under Group Leaders Influence.pdf,,Agent-based model; desegregation; foundress dilemma; group selection; population segregation,,,,,,,
DES693R4,journalArticle,2018,"Magliocca, N.R.; McConnell, V.; Walls, M.",Integrating global sensitivity approaches to deconstruct spatial and temporal sensitivities of complex spatial agent-based models,Hybrid,Theoretical / Illustrative,Global (Variance-based),JASSS,,,10.18564/jasss.3625,https://www.scopus.com/inward/record.uri?eid=2-s2.0-85041855474&doi=10.18564%2Fjasss.3625&partnerID=40&md5=ac2a54d553866857db29e21206d6a4c4,"Spatial agent-based models (ABMs) can be powerful tools for understanding individual level decision-making. However, in an attempt to represent realistic decision-making processes, spatial ABMs often become extremely complex, making it difficult to identify and quantify sources of model sensitivity. This paper implements a coastal version of the economic agent-based urban growth model, CHALMS, to investigate both space- and time-varying sensitivities of simulated coastal development dynamics. We review the current state of spatially- and temporally-explicit global sensitivity analyses (GSA) for environmental modeling in general, and build on the innovative but nascent efforts to implement these approaches with complex spatial ABMs. Combined variance- and density-based approaches to GSA were used to investigate the partitioning, magnitude, and directionality of model output variance. Time-varying GSA revealed sensitivity of multiple outputs to storm frequency and cyclical patterns of sensitivity for other input parameters. Spatially-explicit GSA showed diverging sensitivities at landscape versus (smaller-scale) zonal levels, reflecting trade-offs in residential housing consumer location decisions and spatial ‘spill-over’ interactions. More broadly, when transitioning from a conceptual to empirically parameterized model, sensitivity analysis is a helpful step to prioritize parameters for data collection, particularly when data collection is costly. These findings illustrate unique challenges of and need to perform comprehensive sensitivity analysis with dynamic, spatial ABMs. © 2018, University of Surrey. All rights reserved.",Cecília,2018,2026-03-17 21:30:26,2026-03-17 21:30:26,,,,1,21,,,,,,,,,,,,,rayyan-448618862,,,,,C:\Users\Thiago\Zotero\storage\TLJ2NEGU\Magliocca et al. - 2018 - Integrating global sensitivity approaches to deconstruct spatial and temporal sensitivities of compl.pdf,,Global sensitivity analysis; Time-varying sensitivity analysis; Coastal hazards; Spatial uncertainty; Variance decomposition,,,,,,,
XSSDH2YN,journalArticle,2018,"Dislich, C.; Hettig, E.; Salecker, J.; Heinonen, J.; Lay, J.; Meyer, K.M.; Wiegand, K.; Tarigan, S.",Land-use change in oil palm dominated tropical landscapes—An agent-based model to explore ecological and socio-economic trade-offs,Hybrid,Exploratory,NA,PLoS ONE,,,10.1371/journal.pone.0190506,https://www.scopus.com/inward/record.uri?eid=2-s2.0-85040842732&doi=10.1371%2Fjournal.pone.0190506&partnerID=40&md5=f6006788d4fb9e9dcbefa73fb5cc798b,"Land-use changes have dramatically transformed tropical landscapes. We describe an ecological-economic land-use change model as an integrated, exploratory tool used to analyze how tropical land-use change affects ecological and socio-economic functions. The model analysis seeks to determine what kind of landscape mosaic can improve the ensemble of ecosystem functioning, biodiversity, and economic benefit based on the synergies and trade-offs that we have to account for. More specifically, (1) how do specific ecosystem functions, such as carbon storage, and economic functions, such as household consumption, relate to each other? (2) How do external factors, such as the output prices of crops, affect these relationships? (3) How do these relationships change when production inefficiency differs between smallholder farmers and learning is incorporated? We initialize the ecological-economic model with artificially generated land-use maps parameterized to our study region. The economic sub-model simulates smallholder land-use management decisions based on a profit maximization assumption. Each household determines factor inputs for all household fields and decides on land-use change based on available wealth. The ecological sub-model includes a simple account of carbon sequestration in above-ground and below-ground vegetation. We demonstrate model capabilities with results on household consumption and carbon sequestration from different output price and farming efficiency scenarios. The overall results reveal complex interactions between the economic and ecological spheres. For instance, model scenarios with heterogeneous crop-specific household productivity reveal a comparatively high inertia of land-use change. Our model analysis even shows such an increased temporal stability in landscape composition and carbon stocks of the agricultural area under dynamic price trends. These findings underline the utility of ecological-economic models, such as ours, to act as exploratory tools which can advance our understanding of the mechanisms underlying the trade-offs and synergies of ecological and economic functions in tropical landscapes. © 2018 Dislich et al. This is an open access article distributed under the terms of the Creative Commons Attribution License, which permits unrestricted use, distribution, and reproduction in any medium, provided the original author and source are credited.",Cecília,2018,2026-03-17 21:30:26,2026-03-17 21:30:26,,,,1,13,,,,,,,,,,,,,rayyan-448618864,,,,,C:\Users\Thiago\Zotero\storage\J8LYLMCC\Dislich et al. - 2018 - Land-use change in oil palm dominated tropical landscapes—An agent-based model to explore ecological.pdf,,,,,,,,,
NSLCACHV,journalArticle,2017,"Tomasello, M.V.; Vaccario, G.; Schweitzer, F.",Data-driven modeling of collaboration networks: a cross-domain analysis,Empirical (micro),Theoretical / Illustrative,Exploratory / Scenario-based,EPJ Data Science,,,10.1140/epjds/s13688-017-0117-5,https://www.scopus.com/inward/record.uri?eid=2-s2.0-85029155002&doi=10.1140%2Fepjds%2Fs13688-017-0117-5&partnerID=40&md5=d0654cd919c124cb29f30e5b0268350f,"We analyze large-scale data sets about collaborations from two different domains: economics, specifically 22,000 R&D alliances between 14,500 firms, and science, specifically 300,000 co-authorship relations between 95,000 scientists. Considering the different domains of the data sets, we address two questions: (a) to what extent do the collaboration networks reconstructed from the data share common structural features, and (b) can their structure be reproduced by the same agent-based model. In our data-driven modeling approach we use aggregated network data to calibrate the probabilities at which agents establish collaborations with either newcomers or established agents. The model is then validated by its ability to reproduce network features not used for calibration, including distributions of degrees, path lengths, local clustering coefficients and sizes of disconnected components. Emphasis is put on comparing domains, but also sub-domains (economic sectors, scientific specializations). Interpreting the link probabilities as strategies for link formation, we find that in R&D collaborations newcomers prefer links with established agents, while in co-authorship relations newcomers prefer links with other newcomers. Our results shed new light on the long-standing question about the role of endogenous and exogenous factors (i.e., different information available to the initiator of a collaboration) in network formation. © 2017, The Author(s).",Cecília,2017,2026-03-17 21:30:26,2026-03-17 21:30:26,,,,1,6,,,,,,,,,,,,,rayyan-448618872,,,,,C:\Users\Thiago\Zotero\storage\YUHZ9ZLQ\Tomasello et al. - 2017 - Data-driven modeling of collaboration networks a cross-domain analysis.pdf,,agent-based model; complex network,,,,,,,
GZ5Z96CV,journalArticle,2017,"Li, B.; Wong, K.Y.; Chan, A.H.M.; So, T.Y.; Heimonen, H.; Wei, J.; Saad, D.",How market structure drives commodity prices,Hybrid,Explanatory,Regression / Statistical Inference,Journal of Statistical Mechanics: Theory and Experiment,,,10.1088/1742-5468/aa933a,https://www.scopus.com/inward/record.uri?eid=2-s2.0-85038636420&doi=10.1088%2F1742-5468%2Faa933a&partnerID=40&md5=037b8832e5e72242ae54b87458f8acb6,"We introduce an agent-based model, in which agents set their prices to maximize profit. At steady state the market self-organizes into three groups: excess producers, consumers and balanced agents, with prices determined by their own resource level and a couple of macroscopic parameters that emerge naturally from the analysis, akin to mean-field parameters in statistical mechanics. When resources are scarce prices rise sharply below a turning point that marks the disappearance of excess producers. To compare the model with real empirical data, we study the relationship between commodity prices and stock-to-use ratios in a range of commodities such as agricultural products and metals. By introducing an elasticity parameter to mitigate noise and long-term changes in commodities data, we confirm the trend of rising prices, provide evidence for turning points, and indicate yield points for less essential commodities. © 2017 IOP Publishing Ltd and SISSA Medialab srl.",Cecília,2017,2026-03-17 21:30:26,2026-03-17 21:30:26,,,,11,2017,,,,,,,,,,,,,rayyan-448618875,,,,,C:\Users\Thiago\Zotero\storage\PL57BYUK\Li et al. - 2017 - How market structure drives commodity prices.pdf,,agent-based models; graphical games; models of financial markets; socio-economic networks,,,,,,,
Q747U5Q8,journalArticle,2017,"Mazzoli, M.; Martínez-Sánchez, A.","Equilibria, information and frustration in heterogeneous network games with conflicting preferences",Theoretical (literature),Theoretical / Illustrative,Exploratory / Scenario-based,Journal of Statistical Mechanics: Theory and Experiment,,,10.1088/1742-5468/aa9347,https://www.scopus.com/inward/record.uri?eid=2-s2.0-85038623989&doi=10.1088%2F1742-5468%2Faa9347&partnerID=40&md5=6a7505c7696fba9a2fb4a3e668d8e11b,"Interactions between people are the basis on which the structure of our society arises as a complex system and, at the same time, are the starting point of any physical description of it. In the last few years, much theoretical research has addressed this issue by combining the physics of complex networks with a description of interactions in terms of evolutionary game theory. We here take this research a step further by introducing a most salient societal factor such as the individuals' preferences, a characteristic that is key to understanding much of the social phenomenology these days. We consider a heterogeneous, agent-based model in which agents interact strategically with their neighbors, but their preferences and payoffs for the possible actions differ. We study how such a heterogeneous network behaves under evolutionary dynamics and different strategic interactions, namely coordination games and best shot games. With this model we study the emergence of the equilibria predicted analytically in random graphs under best response dynamics, and we extend this test to unexplored contexts like proportional imitation and scale free networks. We show that some theoretically predicted equilibria do not arise in simulations with incomplete information, and we demonstrate the importance of the graph topology and the payoff function parameters for some games. Finally, we discuss our results with the available experimental evidence on coordination games, showing that our model agrees better with the experiment than standard economic theories, and draw hints as to how to maximize social efficiency in situations of conflicting preferences. © 2017 IOP Publishing Ltd and SISSA Medialab srl.",Cecília,2017,2026-03-17 21:30:26,2026-03-17 21:30:26,,,,11,2017,,,,,,,,,,,,,rayyan-448618876,,,,,"C:\Users\Thiago\Zotero\storage\BDMIPMVJ\Mazzoli e Martínez-Sánchez - 2017 - Equilibria, information and frustration in heterogeneous network games with conflicting preferences.pdf",,agent-based models; critical phenomena of socio-economic systems; socio-economic networks; evolutionary game theory,,,,,,,
AXYGK7PY,journalArticle,2017,"Naqvi, A.",Deep Impact: Geo-Simulations as a Policy Toolkit for Natural Disasters,Hybrid,Decision Support / Policy Evaluation,Exploratory / Scenario-based,World Development,,,10.1016/j.worlddev.2017.05.015,https://www.scopus.com/inward/record.uri?eid=2-s2.0-85020647140&doi=10.1016%2Fj.worlddev.2017.05.015&partnerID=40&md5=4bc0df31163fcfaba167e298b775ec34,"Adverse post-natural disaster outcomes in low-income regions, like elevated internal migration levels and low consumption levels, are the result of market failures, poor mechanisms for stabilizing income, and missing insurance markets, which force the affected population to respond, and adapt to the shock they face. In a spatial environment, with multiple locations with independent but inter-connected markets, these transitions quickly become complex and highly non-linear due to the feedback loops between the micro individual-level decisions and the meso location-wise market decisions. To capture these continuously evolving micro–meso interactions, this paper presents a spatially explicit bottom-up agent-based model to analyze natural disaster-like shocks to low-income regions. The aim of the model is to temporally and spatially track how population distributions, income, and consumption levels evolve, in order to identify low-income workers that are “food insecure”. The model is applied to the 2005 earthquake in northern Pakistan, which faced catastrophic losses and high levels of displacement in a short time span, and with market disruptions, resulted in high levels of food insecurity. The model is calibrated to pre-crisis trends, and shocked using distance-based output and labor loss functions to replicate the earthquake impact. Model results show, how various factors like existing income and saving levels, distance from the fault line, and connectivity to other locations, can give insights into the spatial and temporal emergence of vulnerabilities. The simulation framework presented here, leaps beyond existing modeling efforts, which usually deals with macro long-term loss estimates, and allows policy makers to come up with informed short-term policies in an environment where data is non-existent, policy response is time dependent, and resources are limited. © 2017 Elsevier Ltd",Cecília,2017,2026-03-17 21:30:26,2026-03-17 21:30:26,,395-418,,,99,,,,,,,,,,,,,rayyan-448618880,,,,,C:\Users\Thiago\Zotero\storage\5CCRNBV3\Naqvi - 2017 - Deep Impact Geo-Simulations as a Policy Toolkit for Natural Disasters.pdf,,agent-based model; geography; migration; earthquake; food insecurity; Pakistan,,,,,,,
6Z4P7KFN,journalArticle,2017,"Kline, J.D.; White, E.M.; Paige Fischer, A.; Steen-Adams, M.M.; Charnley, S.; Olsen, C.S.; Spies, T.A.; Bailey, J.D.",Integrating social science into empirical models of coupled human and natural systems,Hybrid,Explanatory,Exploratory / Scenario-based,Ecology and Society,,,10.5751/ES-09329-220325,https://www.scopus.com/inward/record.uri?eid=2-s2.0-85030550505&doi=10.5751%2FES-09329-220325&partnerID=40&md5=802da241c59a1faacc375d2eae89ed7a,"Coupled human and natural systems (CHANS) research highlights reciprocal interactions (or feedbacks) between biophysical and socioeconomic variables to explain system dynamics and resilience. Empirical models often are used to test hypotheses and apply theory that represent human behavior. Parameterizing reciprocal interactions presents two challenges for social scientists: (1) how to represent human behavior as influenced by biophysical factors and integrate this into CHANS empirical models; (2) how to organize and function as a multidisciplinary social science team to accomplish that task. We reflect on these challenges regarding our CHANS research that investigated human adaptation to fire-prone landscapes. Our project sought to characterize the forest management activities of land managers and landowners (or “actors”) and their influence on wildfire behavior and landscape outcomes by focusing on biophysical and socioeconomic feedbacks in central Oregon (USA). We used an agent-based model (ABM) to compile biophysical and social information pertaining to actor behavior, and to project future landscape conditions under alternative management scenarios. Project social scientists were tasked with identifying actors’ forest management activities and biophysical and socioeconomic factors that influence them, and with developing decision rules for incorporation into the ABM to represent actor behavior. We (1) briefly summarize what we learned about actor behavior on this fire-prone landscape and how we represented it in an ABM, and (2) more significantly, report our observations about how we organized and functioned as a diverse team of social scientists to fulfill these CHANS research tasks. We highlight several challenges we experienced, involving quantitative versus qualitative data and methods, distilling complex behavior into empirical models, varying sensitivity of biophysical models to social factors, synchronization of research tasks, and the need to substitute spatial for temporal variation in social data and models, among others. We offer recommendations that other research teams might consider when collaborating with social scientists in CHANS research. © 2017 by the author(s).",Cecília,2017,2026-03-17 21:30:26,2026-03-17 21:30:26,,,,3,22,,,,,,,,,,,,,rayyan-448618886,,,,,C:\Users\Thiago\Zotero\storage\N7S5CQAL\Kline et al. - 2017 - Integrating social science into empirical models of coupled human and natural systems.pdf,,Wildfire; Coupled human and natural systems; CHANS; Integrated social and ecological models; Interdisciplinary research,,,,,,,
GPH2RZYJ,journalArticle,2017,"Boateng, M.K.; Awuah- Offei, K.",Responsiveness of mining community acceptance model to key parameter changes,Hybrid,Predictive,Regression / Statistical Inference,JASSS,,,10.18564/jasss.3458,https://www.scopus.com/inward/record.uri?eid=2-s2.0-85022084877&doi=10.18564%2Fjasss.3458&partnerID=40&md5=619f474a263b21043a4ece363d0946ac,"The mining industry has difficulties predicting changes in the level of community acceptance of its projects over time. These changes are due to changes in the society and individual perceptions around these mines as a result of the mines’ environmental and social impacts. Agent-based modeling can be used to facilitate better understanding of how community acceptance changes with changing mine environmental impacts. This work investigates the sensitivity of an agent-based model (ABM) for predicting changes in community acceptance of a mining project due to information diffusion to key input parameters. Specifically, this study investigates the responsiveness of the ABM to average degree (total number of friends) of the social network, close neighbour ratio (a measure of homophily in the social network) and number of early adopters (""innova-tors""). A two-level full factorial experiment was used to investigate the sensitivity of the model to these parameters. The primary (main), secondary and tertiary effects of each parameter were estimated to assess the model’s sensitivity. The results show that the model is more responsive to close neighbour ratio and number of early adopters than average degree. Consequently, uncertainty surrounding the inferences drawn from simulation experiments using the agent-based model will be minimized by obtaining more reliable estimates of close neighbour ratio and number of early adopters. While it is possible to reliably estimate the level of early adopters from the literature, the degree of homophily (close neighbour ratio) has to be estimated from surveys that can be expensive and unreliable. Further, work is required to find economic ways to document relevant degrees of homophily in social networks in mining communities. © 2017, University of Surrey. All rights reserved.",Cecília,2017,2026-03-17 21:30:26,2026-03-17 21:30:26,,,,3,20,,,,,,,,,,,,,rayyan-448618900,,,,,C:\Users\Thiago\Zotero\storage\J7GJZTWY\Boateng e Awuah- Offei - 2017 - Responsiveness of mining community acceptance model to key parameter changes.pdf,,Agent-based modeling; Sensitivity analysis; Diffusion; Mining; Mining community,,,,,,,
N3M5MIY7,journalArticle,2017,"Du, E.; Cai, X.; Brozović, N.; Minsker, B.",Evaluating the impacts of farmers' behaviors on a hypothetical agricultural water market based on double auction,Hybrid,Exploratory,Exploratory / Scenario-based,Water Resources Research,,,10.1002/2016WR020287,https://www.scopus.com/inward/record.uri?eid=2-s2.0-85019609192&doi=10.1002%2F2016WR020287&partnerID=40&md5=7ed312cec071697392aa9c8883c515b9,"Agricultural water markets are considered effective instruments to mitigate the impacts of water scarcity and to increase crop production. However, previous studies have limited understanding of how farmers' behaviors affect the performance of water markets. This study develops an agent-based model to explicitly incorporate farmers' behaviors, namely irrigation behavior (represented by farmers' sensitivity to soil water deficit λ) and bidding behavior (represented by farmers' rent seeking μ and learning rate β), in a hypothetical water market based on a double auction. The model is applied to the Guadalupe River Basin in Texas to simulate a hypothetical agricultural water market under various hydrological conditions. It is found that the joint impacts of the behavioral parameters on the water market are strong and complex. In particular, among the three behavioral parameters, λ affects the water market potential and its impacts on the performance of the water market are significant under most scenarios. The impacts of μ or β on the performance of the water market depend on the other two parameters. The water market could significantly increase crop production only when the following conditions are satisfied: (1) λ is small and (2) μ is small and/or β is large. The first condition requires efficient irrigation scheduling, and the second requires well-developed water market institutions that provide incentives to bid true valuation of water permits. © 2017. American Geophysical Union. All Rights Reserved.",Cecília,2017,2026-03-17 21:30:26,2026-03-17 21:30:26,,4053-4072,,5,53,,,,,,,,,,,,,rayyan-448618905,,,,,C:\Users\Thiago\Zotero\storage\2DYGZHZJ\Du et al. - 2017 - Evaluating the impacts of farmers' behaviors on a hypothetical agricultural water market based on do.pdf,,agent-based modeling; water market; double auction,,,,,,,
MYGNV3XA,journalArticle,2017,"Miyasaka, T.; Le, Q.B.; Okuro, T.; Zhao, X.; Takeuchi, K.",Agent-based modeling of complex social–ecological feedback loops to assess multi-dimensional trade-offs in dryland ecosystem services,Hybrid,Explanatory,Exploratory / Scenario-based,Landscape Ecology,,,10.1007/s10980-017-0495-x,https://www.scopus.com/inward/record.uri?eid=2-s2.0-85013468553&doi=10.1007%2Fs10980-017-0495-x&partnerID=40&md5=7a00e420b3d3413ea5821119fc424507,"Context: Recent conceptual developments in ecosystem services research have revealed the need to elucidate the complex and unintended relationships between humans and the environment if we are to better understand and manage ecosystem services in practice. Objectives: This study aimed to develop a model that spatially represents a complex human–environment (H–E) system consisting of heterogeneous social–ecological components and feedback mechanisms at multiple scales, in order to assess multi-dimensional (spatial, temporal, and social) trade-offs in ecosystem services. Methods: We constructed an agent-based model and empirically calibrated it for a semi-arid region in Northeast China, and examined ecosystem service trade-offs derived from the Sloping Land Conversion Program (SLCP), which is based on payment for ecosystem services. This paper describes our model, named Inner Mongolia Land Use Dynamic Simulator (IM-LUDAS), using the overview, design concepts, and details + decision (ODD + D) protocol and demonstrates the capabilities of IM-LUDAS through simulations. Results: IM-LUDAS represented typical characteristics of complex H–E systems, such as secondary and cross-scale feedback loops, time lags, and threshold change, revealing the following results: tree plantations expanded by the SLCP facilitated vegetation and soil restoration and household change toward off-farm livelihoods, as expected by the government; conversely, the program caused further land degradation outside the implementation plots; moreover, the livelihood changes were not large enough to compensate for income deterioration by policy-induced reduction in cropland. Conclusions: IM-LUDAS proved itself to be an advanced empirical model that can recreate essential features of complex H–E systems and assess multi-dimensional trade-offs in ecosystem services. © 2017, The Author(s).",Cecília,2017,2026-03-17 21:30:26,2026-03-17 21:30:26,,707-727,,4,32,,,,,,,,,,,,,rayyan-448618909,,,,,C:\Users\Thiago\Zotero\storage\4AW8IC2D\Miyasaka et al. - 2017 - Agent-based modeling of complex social–ecological feedback loops to assess multi-dimensional trade-o.pdf,,Multi-agent system; Heterogeneity; Cost-effective targeting; Desertification; Economic structural shift; Grain for Green; Hierarchy; Horqin Sandy Land; Inner Mongolia; Spatio-temporal externality,,,,,,,
8CPFM67G,journalArticle,2017,"Krebs, F.","An empirically grounded model of green electricity adoption in Germany: Calibration, validation and insights into patterns of diffusion",Hybrid,Descriptive / Phenomena-based,Local (OAT/OFAT),JASSS,,,10.18564/jasss.3429,https://www.scopus.com/inward/record.uri?eid=2-s2.0-85017007397&doi=10.18564%2Fjasss.3429&partnerID=40&md5=d9ed83b9d3aaec8f5d72becfebae255d,"Spatially explicit agent-based models (ABM) of innovation diffusion have experienced growing attention over the last fewyears. TheABMpresented in this paper investigates the adoption of green electricity tariffs by German households. The model represents empirically characterised household types as agent types which differ in their decision preferences regarding green electricity and other psychological properties. Agent populations are initialised based on spatially explicit socio demographic data describing the sociological lifestyles found in Germany. For model calibration and validation we use historical data on the German green electricity market including a rich dataset of spatially explicit customer data of one of the major providers of green electricity. In order to assess the similarity of the simulation results to historical observations we introduce two validation measures which capture different aspects of the green electricity diffusion. One measure is based on the residuals of spatially-aggregated time series of model indicators and the other measure considers a temporally aggregated but spatially disaggregated indicator of spatial spread. Finally,we demonstrate the descriptive richness of the model by investigating simulation outputs of the calibrated model in more detail. In particular, the results provide insights into the dynamics of the spatial and lifestyle heterogeneity ""underneath"" the diffusion curve of green electricity in Germany. © 2017, University of Surrey. All rights reserved.",Cecília,2017,2026-03-17 21:30:26,2026-03-17 21:30:26,,,,2,20,,,,,,,,,,,,,rayyan-448618911,,,,,"C:\Users\Thiago\Zotero\storage\ZMHUV25H\Krebs - 2017 - An empirically grounded model of green electricity adoption in Germany Calibration, validation and.pdf",,Innovation diffusion; Empirical calibration and validation; Green electricity; Spatially explicit agent-based model,,,,,,,
FEUHJ5TW,journalArticle,2017,"Schaat, S.; Jager, W.; Dickert, S.",Psychologically plausible models in agent-based simulations of sustainable behavior,Hybrid,Descriptive / Phenomena-based,Exploratory / Scenario-based,Understanding Complex Systems,,,10.1007/978-3-319-46331-5_1,https://www.scopus.com/inward/record.uri?eid=2-s2.0-85043313681&doi=10.1007%2F978-3-319-46331-5_1&partnerID=40&md5=41b00431c67d2e796312bfb554b02b6e,"Agent-based modelling (ABM) proves successful as a methodology for the social sciences. To continue bridging the micro-macro link in social simulations and applying ABM in real-world conditions, conventional and often simplified models of decision-making have to be utilized and extended into psychologically plausible models. We demonstrate the contribution of such models to enhance validation and forecasts in social simulations with two examples concerned with sustainable behavior. We start with the Consumat framework to demonstrate the contribution of an established psychological plausible decision-making model in various scenarios of sustainable behavior. Then we use the SiMA-C model to explain how different psychological factors generate social behavior and show how a detailed model of decision-making supports realistic empirical validation and experimentation. A scenario of social media prompting of environmental friendly behavior exemplifies the details of how individual decision-making is influenced by the social context. Both examples, Consumat and SiMA-C, emphasize the importance of psychological realism in modelling behavioral dynamics for simulations of sustainable behavior and provide explanations on the psychological level that enable the development of social policies on the individual level. © Springer International Publishing Switzerland 2017.",Cecília,2017,2026-03-17 21:30:26,2026-03-17 21:30:26,,1-25,,9783319463308,,,,,,,,,,,,,,rayyan-448618918,,,,,,,,,,,,,,
URVFRJ64,journalArticle,2017,"D’Orazio, P.; Giulioni, G.",From micro behaviors to macro dynamics: An agent-based economic model with consumer credit,Hybrid,Descriptive / Phenomena-based,Local (OAT/OFAT),JASSS,,,10.18564/jasss.3260,https://www.scopus.com/inward/record.uri?eid=2-s2.0-85011620457&doi=10.18564%2Fjasss.3260&partnerID=40&md5=6d0f2b12fc371793d535a91db1d93868,"The paper develops an agent-based model populated by heterogeneous consumers, a production sector and a banking sector. Taking a bottom up approach, the paper aims at providing a first tool to analyze households’ borrowing dynamics in the different phases of the business cycle by relaxing some assumptions of mainstream consumption models and considering more realistic household borrowing behaviors. Although very simple, the model allows us to grasp the main implications of the interaction between consumers’ wants (desired consumption), consumers’ beliefs (their expectations about their future income), the behavior of the banking sector (rationing) and the behavior of the production sector (forecasting future demand). After presenting and discussing sensitivity analysis over a set of parameters, the paper reports simulation results and the ex-post validation by comparing artificial and empirical distributions computed using the European Household Finance and Consumption Survey data set. © 2017, University of Surrey. All rights reserved.",Cecília,2017,2026-03-17 21:30:26,2026-03-17 21:30:26,,,,1,20,,,,,,,,,,,,,rayyan-448618922,,,,,C:\Users\Thiago\Zotero\storage\68CCMM85\D’Orazio e Giulioni - 2017 - From micro behaviors to macro dynamics An agent-based economic model with consumer credit.pdf,,Agent-based model; Consumer debt; Consumption; Credit supply; Labor market matching mechanism; Precautionary saving; Wealth distribution,,,,,,,
H8VHXL7Z,journalArticle,2017,"Vasiljevska, J.; Douw, J.; Mengolini, A.; Nikolić, I.",An agent-based model of electricity consumer: Smart metering policy implications in Europe,Hybrid,Decision Support / Policy Evaluation,Exploratory / Scenario-based,JASSS,,,10.18564/jasss.3150,https://www.scopus.com/inward/record.uri?eid=2-s2.0-85011597207&doi=10.18564%2Fjasss.3150&partnerID=40&md5=97ed2429ca11d9a597c05464e03ec13b,"EU Regulation 2009/72/EC concerning common rules for internal market in electricity calls upon 80% of EU electricity consumers to be equipped with smart metering systems by 2020, provided that a positive economic assessment of all long-term costs and benefits to the market and the individual consumer is guaranteed. Understanding the impact that smart metering systems may have on the electricity stakeholders (consumers, distribution system operators, energy suppliers and the society at large) is important for faster and effective deployment of such systems and of the innovative services they offer. For this purpose, in this paper an agent-based model is developed, where the electricity consumer behaviour due to different smart metering policies is simulated. Consumers are modelled as household agents having dynamic preferences on types of electricity contracts offered by the supplier. Development of preferences depends on personal values, memory and attitudes, as well as the degree of interaction in a social network structure. We are interested in exploring possible diffusion rates of smart metering enabled services under different policy interventions and the impact of this technological diffusion on individual and societal performance indicators. In four simulation experiments and three intervention policies we observe the diffusion of energy services and individual and societal performance indicators (electricity savings, CO<inf>2</inf> emissions savings, social welfare, consumers’ comfort change), as well as consumers’ satisfaction. From these results and based on expert validation, we conclude that providing the consumer with more options does not necessarily lead to higher consumer’s satisfaction, or better societal performance. A good policy should be centred on effective ways to tackle consumers concerns. © 2017, University of Surrey. All rights reserved.",Cecília,2017,2026-03-17 21:30:26,2026-03-17 21:30:26,,,,1,20,,,,,,,,,,,,,rayyan-448618923,,,,,C:\Users\Thiago\Zotero\storage\QILETBAR\Vasiljevska et al. - 2017 - An agent-based model of electricity consumer Smart metering policy implications in Europe.pdf,,Agent-Based modelling; Consumer values; Electricity consumer; Smart metering,,,,,,,
6NBZNHUB,journalArticle,2016,"Tucnik, P.; Bureš, V.",Experimental evaluation of suitability of selected multi-criteria decision-making methods for large-scale agent-based simulations,Theoretical (literature),Theoretical / Illustrative,Regression / Statistical Inference,PLoS ONE,,,10.1371/journal.pone.0165171,https://www.scopus.com/inward/record.uri?eid=2-s2.0-84994631729&doi=10.1371%2Fjournal.pone.0165171&partnerID=40&md5=c732c6ab6a2d0721c8448bcae169eac2,"Multi-criteria decision-making (MCDM) can be formally implemented by various methods. This study compares suitability of four selected MCDM methods, namely WPM, TOPSIS, VIKOR, and PROMETHEE, for future applications in agent-based computational economic (ACE) models of larger scale (i.e., over 10 000 agents in one geographical region). These four MCDM methods were selected according to their appropriateness for computational processing in ACE applications. Tests of the selected methods were conducted on four hardware configurations. For each method, 100 tests were performed, which represented one testing iteration. With four testing iterations conducted on each hardware setting and separated testing of all configurations with the-server parameter de/activated, altogether, 12800 data points were collected and consequently analyzed. An illustrational decisionmaking scenario was used which allows the mutual comparison of all of the selected decision making methods. Our test results suggest that although all methods are convenient and can be used in practice, the VIKOR method accomplished the tests with the best results and thus can be recommended as the most suitable for simulations of large-scale agent-based models. © 2016 Tuèník, Bureš. This is an open access article distributed under the terms of the Creative Commons Attribution License, which permits unrestricted use, distribution, and reproduction in any medium, provided the original author and source are credited.",Cecília,2016,2026-03-17 21:30:26,2026-03-17 21:30:26,,,,11,11,,,,,,,,,,,,,rayyan-448618935,,,,,C:\Users\Thiago\Zotero\storage\M2D77RMT\Tucnik e Bureš - 2016 - Experimental evaluation of suitability of selected multi-criteria decision-making methods for large-.pdf,,,,,,,,,
4SB4FWJ2,journalArticle,2016,"van Duinen, R.; Filatova, T.; Jager, W.; van der Veen, A.","Going beyond perfect rationality: drought risk, economic choices and the influence of social networks",Hybrid,Decision Support / Policy Evaluation,Exploratory / Scenario-based,Annals of Regional Science,,,10.1007/s00168-015-0699-4,https://www.scopus.com/inward/record.uri?eid=2-s2.0-84944561071&doi=10.1007%2Fs00168-015-0699-4&partnerID=40&md5=8676e84ae23b6bdd34fe02df1c205438,"Theoretical and experimental studies from psychological and behavioral sciences show that heuristics and social networks play an important role in decision-making under risk. The goal of this paper is to investigate the effects of empirical social networks and different behavioral rules on farmers’ irrigation adoption under drought risk and its impacts on several macroeconomic indicators such as the rate of adaptation, water demand and regional agricultural income. We present an application of a spatial economic ABM which is able to simulate the effect of droughts on crop production, farm income and farm decision-making. The agents’ population is parameterized using survey data, including data on social networks. Four experiments are conducted combining two climate scenarios with two behavioral scenarios (maximizers vs. heuristic-based agents). The results show that the adoption process follows a different path in the scenario with heuristic-based farmers. The adoption of irrigation is slower in the short run due to reliance on information from social networks and farmers’ uncertainty regarding drought events. This results in agricultural income loss and a lower water demand in the short run compared to the scenario with maximizing agents. © 2015, The Author(s).",Cecília,2016,2026-03-17 21:30:26,2026-03-17 21:30:26,,335-369,,2,57,,,,,,,,,,,,,rayyan-448618940,,,,,"C:\Users\Thiago\Zotero\storage\S5TVJNV7\van Duinen et al. - 2016 - Going beyond perfect rationality drought risk, economic choices and the influence of social network.pdf",,,,,,,,,
NXFIL9HW,journalArticle,2016,"Sharpanskykh, A.; Haest, R.",An agent-based model to study compliance with safety regulations at an airline ground service organization,Hybrid,Decision Support / Policy Evaluation,Global (Screening),Applied Intelligence,,,10.1007/s10489-016-0795-x,https://www.scopus.com/inward/record.uri?eid=2-s2.0-84987850237&doi=10.1007%2Fs10489-016-0795-x&partnerID=40&md5=eb4584154aed970e31928a28eb6a8983,"According to aviation statistics, most of the safety occurrences happen not in the air, but on the ground. Management of airlines and airports often consider failures to comply with safety-related regulations as important contributors to safety occurrences. To address the issue of compliance, approaches based on external regulation of the employees’ behavior were proposed. Unfortunately, an externally imposed control is often not internalized by employees and has a short-term effect on their performance. To achieve a long-term effect, employees need to be internally motivated to adhere to regulations. To understand the role of motivation for compliance in ground service organizations, in this paper a formal agent-based model is proposed based on theories from social science with a wide empirical support. The model incorporates cognitive, social, and organizational aspects. The model was simulated and partially validated by a case study performed at a real airline ground service organization. The model was able to reproduce behavioral patterns related to compliance of the platform employees in this study. Based on the model, global sensitivity analysis was performed. The results of this analysis together with the simulation results were used to generate recommendations to improve compliance. © 2016, The Author(s).",Cecília,2016,2026-03-17 21:30:26,2026-03-17 21:30:26,,881-903,,3,45,,,,,,,,,,,,,rayyan-448618943,,,,,C:\Users\Thiago\Zotero\storage\6I6DL4Y4\Sharpanskykh e Haest - 2016 - An agent-based model to study compliance with safety regulations at an airline ground service organi.pdf,,Agent-based model; Cognitive models; Compliance; Motivation; Social contagion,,,,,,,
JJRJZU72,journalArticle,2016,"Holm, S.; Lemm, R.; Thees, O.; Hilty, L.M.",Enhancing agent-based models with discrete choice experiments,Empirical (micro),Explanatory,Exploratory / Scenario-based,JASSS,,,10.18564/jasss.3121,https://www.scopus.com/inward/record.uri?eid=2-s2.0-84979026623&doi=10.18564%2Fjasss.3121&partnerID=40&md5=29b05b8321e609eb6fa77e111bc5402b,"Agent-based modeling is a promising method to investigate market dynamics, as it allows modeling the behavior of all market participants individually. Integrating empirical data in the agents’ decision model can improve the validity of agent-based models (ABMs). We present an approach of using discrete choice experiments (DCEs) to enhance the empirical foundation of ABMs. The DCE method is based on random utility theory and therefore has the potential to enhance the ABM approach with a well-established economic theory. Our combined approach is applied to a case study of a roundwood market in Switzerland. We conducted DCEs with roundwood suppliers to quantitatively characterize the agents’ decision model. We evaluate our approach using a fitness measure and compare two DCE evaluation methods, latent class analysis and hierarchical Bayes. Additionally, we analyze the influence of the error term of the utility function on the simulation results and present a way to estimate its probability distribution. © 2016, University of Surrey. All rights reserved.",Cecília,2016,2026-03-17 21:30:26,2026-03-17 21:30:26,,,,3,19,,,,,,,,,,,,,rayyan-448618956,,,,,C:\Users\Thiago\Zotero\storage\JHUL5KQY\Holm et al. - 2016 - Enhancing agent-based models with discrete choice experiments.pdf,,Agent-based modeling; Decision model; Discrete choice experiments; Market simulation; Preference elicitation; Wood market,,,,,,,
JYEZ8DNR,journalArticle,2016,"Ward, J.A.; Evans, A.J.; Malleson, N.S.",Dynamic calibration of agent-based models using data assimilation,Hybrid,Predictive,Regression / Statistical Inference,Royal Society Open Science,,,10.1098/rsos.150703,https://www.scopus.com/inward/record.uri?eid=2-s2.0-84963717480&doi=10.1098%2Frsos.150703&partnerID=40&md5=f93cabcbed9c0cdfbee368439edbf53d,"A widespread approach to investigating the dynamical behaviour of complex social systems is via agent-based models (ABMs). In this paper, we describe how such models can be dynamically calibrated using the ensemble Kalman filter (EnKF), a standard method of data assimilation. Our goal is twofold. First, we want to present the EnKF in a simple setting for the benefit of ABM practitioners who are unfamiliar with it. Second, we want to illustrate to data assimilation experts the value of using such methods in the context of ABMs of complex social systems and the new challenges these types of model present. We work towards these goals within the context of a simple question of practical value: How many people are there in Leeds (or any other major city) right now? We build a hierarchy of exemplar models that we use to demonstrate how to apply the EnKF and calibrate these using open data of footfall counts in Leeds. © 2016 The Authors.",Cecília,2016,2026-03-17 21:30:26,2026-03-17 21:30:26,,,,4,3,,,,,,,,,,,,,rayyan-448618960,,,,,C:\Users\Thiago\Zotero\storage\TJY9QV7K\Ward et al. - 2016 - Dynamic calibration of agent-based models using data assimilation.pdf,,Agent-based models; Data assimilation; Complex systems,,,,,,,
LIH346W7,journalArticle,2016,"Ulloa, R.; Kacperski, C.; Sancho-Caparrini, F.",Institutions and cultural diversity: Effects of democratic and propaganda processes on local convergence and global diversity,Theoretical (literature),Explanatory,Exploratory / Scenario-based,PLoS ONE,,,10.1371/journal.pone.0153334,https://www.scopus.com/inward/record.uri?eid=2-s2.0-84963784229&doi=10.1371%2Fjournal.pone.0153334&partnerID=40&md5=043e6b4c029578a2a1e19eb00ae8ba82,"In a connected world where people influence each other, what can cause a globalized monoculture, and which measures help to preserve the coexistence of cultures? Previous research has shown that factors such as homophily, population size, geography, mass media, and type of social influence play important roles. In the present paper, we investigate for the first time the impact that institutions have on cultural diversity. In our first three studies, we extend existing agent-based models and explore the effects of institutional influence and agent loyalty. We find that higher institutional influence increases cultural diversity, while individuals' loyalty to their institutions has a small, preserving effect. In three further studies, we test how bottom-up and top-down processes of institutional influence impact our model. We find that bottom-up democratic practices, such as referenda, tend to produce convergence towards homogeneity, while top-down information dissemination practices, such as propaganda, further increase diversity. In our last model-an integration of bottom-up and topdown processes into a feedback loop of information-we find that when democratic processes are rare, the effects of propaganda are amplified, i.e., more diversity emerges; however, when democratic processes are common, they are able to neutralize or reverse this propaganda effect. Importantly, our models allow for control over the full spectrum of diversity, so that a manipulation of our parameters can result in preferred levels of diversity, which will be useful for the study of other factors in the future.We discuss possible mechanisms behind our results, applications, and implications for political and social sciences. © 2016 Ulloa et al.This is an open access article distributed under the terms of the Creative Commons Attribution License, which permits unrestricted use, distribution, and reproduction in any medium, provided the original author and source are credited.",Cecília,2016,2026-03-17 21:30:27,2026-03-17 21:30:27,,,,4,11,,,,,,,,,,,,,rayyan-448618963,,,,,C:\Users\Thiago\Zotero\storage\9EWMY2TI\Ulloa et al. - 2016 - Institutions and cultural diversity Effects of democratic and propaganda processes on local converg.pdf,,,,,,,,,
C9LKDB3Q,journalArticle,2016,"Drogoul, A.; Huynh, N.Q.; Truong, Q.C.","Coupling environmental, social and economic models to understand land-use change dynamics in the Mekong Delta",Hybrid,Decision Support / Policy Evaluation,Regression / Statistical Inference,Frontiers in Environmental Science,,,10.3389/fenvs.2016.00019,https://www.scopus.com/inward/record.uri?eid=2-s2.0-85021213823&doi=10.3389%2Ffenvs.2016.00019&partnerID=40&md5=834b4722eda9958e00c7f5cdd82fc8fe,"The Vietnamese Mekong Delta has undergone in recent years a considerable transformation in agricultural land-use, fueled by a boom of the exportation, an increase of population, a focus on intensive crops, but also environmental factors like sea level rise or the progression of soil salinity. These transformations have been, however, largely misestimated by the 10-year agricultural plans designed at the provincial levels, on the predictions of which, though, most of the large-scale investments (irrigation infrastructures, protection against flooding or salinity intrusion, and so on) are normally planned. This situation raises the question of how to explain the divergence between the predictions used as a basis for these plans and the actual situation. Answering it could, as a matter of fact, offer some insights on the dynamics at play and hopefully allow designing them more accurately. The dynamics of land-use change at a scale of a region results from the interactions between heterogeneous actors and factors at different scales, among them institutional policies, individual farming choices, land-cover and environmental changes, economic conditions, social dynamics, just to name a few. Understanding its evolution, for example, in this case, to better support agricultural planning, therefore requires the use of models that can represent the individual contributions of each actor or factor, and of course their interactions. We address this question through the design of an integrated hybrid model of land-use change in a specific and carefully chosen case study, which relies on the central hypothesis that the main force driving land-use change is actually the individual choices made by farmers at their local level. Farmers are the actors who decide (or not) to switch from one culture to another and the shifts observed at more global levels (village, district, province, region) are considered, in this model, as a consequence of the aggregation of these individual decisions. The central component of our hybrid model is then an agent-based model of farmers, provided with a sophisticated mechanism of decision-making that is influenced, at different degrees, by their perception of the contexts in which they act or interact with other actors. The economic context, accessible by them through the market prices of crops, plays a role, as well as the changes observed or forecasted in their physical context (land-cover changes, salinity rise) or the decisions made by others in their social context (neighbors, family members, opinion leaders). The model of farmers is coupled, through this decision-making mechanism, with other independent sub-models, each of them carrying out a realistic description of one of these contexts. Since the dynamics depicted in these sub-models obey to different logics, operate at different scales and rely on different data, they are represented using appropriate modeling techniques: the spatial model is based on GIS information on parcels, soils, and rivers; a cellular automaton is used to account for the evolution of land-cover changes and the diffusion of salinity; an aggregated mathematical model represents the fluctuation of prices on the regional and national markets; and a graph-based social network model is used to represent familial networks of influence. Beyond the descriptions of these models, the paper is organized around a discussion about the two main outcomes of this research work. The first one is applicative: the way we have calibrated, coupled together, and experimented in different scenarios these five models is presented and we show that some findings obtained with the resulting hybrid model could not have been obtained with more traditional techniques. The second one is methodological: the underlying co-modeling architecture we used for declaring and running this assembly of heterogeneous models, implemented in the GAMA modeling and simulation platform, is presented and we show how it can be generalized to arbitrary hybridizations of models. © 2016 Drogoul, Huynh and Truong.",Cecília,2016,2026-03-17 21:30:27,2026-03-17 21:30:27,,,,,4,,,,,,,,,,,,,rayyan-448618966,,,,,"C:\Users\Thiago\Zotero\storage\ETWP4VSY\Drogoul et al. - 2016 - Coupling environmental, social and economic models to understand land-use change dynamics in the Mek.pdf",,Agent-based modeling; Hybrid modeling; Mekong Delta; Land-use change; Cognitive model; Integrated model; Models coupling,,,,,,,
LWGTGEES,journalArticle,2016,"Vermeulen, B.; Pyka, A.",Agent-based modeling for decision making in economics under uncertainty,NA,NA,NA,Economics,,,10.5018/economics-ejournal.ja.2016-6,https://www.scopus.com/inward/record.uri?eid=2-s2.0-84959251081&doi=10.5018%2Feconomics-ejournal.ja.2016-6&partnerID=40&md5=04200b9071f1e690df52b90e46e252d5,"Ever since the emergence of economics as a distinct scientific discipline, policy makers have turned to economic models to guide policy interventions. If policy makers seek to enhance growth of an open capitalist economy, they have to take into account, firstly, the uncertainties, inefficiencies, and market failures faced by the agents in the economy, and, secondly, the activities, network structure, and interactions in the innovation and production system. The authors discuss ins-and-outs of developing and using (encompassing and empirically calibrated) agent-based models for (i) abductive theorizing about causes for empirical realities, and (ii) evaluating effects of policy interventions. To ensure that derived policies are suitable to intervene in the real world and not just the stylization of it, they discuss validity and operationalization of agent-based models as well as interpretation of simulation results. © Author(s) 2016.",Cecília,2016,2026-03-17 21:30:27,2026-03-17 21:30:27,,,,,10,,,,,,,,,,,,,rayyan-448618973,,,,,C:\Users\Thiago\Zotero\storage\74NW3NPU\Vermeulen e Pyka - 2016 - Agent-based modeling for decision making in economics under uncertainty.pdf,,Uncertainty; Agent-based model; Decision making; Innovation economics; Policy instrument; Rationality; Schumpeter,,,,,,,
2FFYVJ99,journalArticle,2016,"Lemos, C.; Lopes, R.J.; Coelho, H.",On Legitimacy Feedback Mechanisms in Agent-Based Modeling of Civil Violence,Theoretical (literature),Theoretical / Illustrative,Exploratory / Scenario-based,International Journal of Intelligent Systems,,,10.1002/int.21747,https://www.scopus.com/inward/record.uri?eid=2-s2.0-84938490440&doi=10.1002%2Fint.21747&partnerID=40&md5=e6a11c17a715efc80cbc0846b3649b79,"Epstein's agent-based model (ABM) of civil violence has been very popular and successful due to its formulation soundness, simplicity, and explanatory power. Variants of this model have been proposed for the simulation of different types of social conflict phenomena (worker protest, riots, or urban crime) and for investigating the effect of mechanisms that are not considered in the original model. In a previous work, we introduced imprisonment delay, ""news impact,"" and legitimacy feedback effects in Epstein's ABM of civil violence. In this paper, we focused specifically on improving the formulation of legitimacy feedback. In the model presented herein, legitimacy varies as a function of subindicators identified in theoretical studies on legitimacy measurement. We considered four different functions for expressing the legitimacy - weighted average, geometric mean, exponentially decaying ""system support,"" and ""justification"" - and two different feedback mechanisms: homogeneous (global) perceived legitimacy and heterogeneous (agent-dependent) perceived legitimacy. It was found that, for certain combinations of input parameters, the present model produced solutions with an initial period of calm with small bursts of rebellion, followed by a sudden large-scale rebellion after which intermittent bursts of rebellion occur (as in Epstein's model), where legitimacy drops never returning to the initial level. These results provide an alternative explanation of the mechanisms by which apparently stable authoritarian regimes, when facing an unexpected large-scale uprising, respond with repression and afterward struggle with intermittent bursts of rebellion because they are perceived as illegitimate. The present model can also be used to test theories on the aggregation of legitimacy indicators in a global legitimacy score. © 2015 Wiley Periodicals, Inc.",Cecília,2016,2026-03-17 21:30:27,2026-03-17 21:30:27,,106-127,,2,31,,,,,,,,,,,,,rayyan-448618979,,,,,,,,,,,,,,
PHANS9CV,journalArticle,2015,"Boulaire, F.; Utting, M.; Drogemuller, R.",Dynamic agent composition for large-scale agent-based models,Theoretical (literature),Explanatory,Exploratory / Scenario-based,Complex Adaptive Systems Modeling,,,10.1186/s40294-015-0007-2,https://www.scopus.com/inward/record.uri?eid=2-s2.0-84928164257&doi=10.1186%2Fs40294-015-0007-2&partnerID=40&md5=acf779b5509edd0dd8cd01e7e48b1850,"Purpose: This paper describes dynamic agent composition, used to support the development of flexible and extensible large-scale agent-based models (ABMs). This approach was motivated by a need to extend and modify, with ease, an ABM with an underlying networked structure as more information becomes available. Flexibility was also sought after so that simulations are set up with ease, without the need to program. Methods: The dynamic agent composition approach consists in having agents, whose implementation has been broken into atomic units, come together at runtime to form the complex system representation on which simulations are run. These components capture information at a fine level of detail and provide a vast range of combinations and options for a modeller to create ABMs. Results: A description of the dynamic agent composition is given in this paper, as well as details about its implementation within MODAM (MODular Agent-based Model), a software framework which is applied to the planning of the electricity distribution network. Illustrations of the implementation of the dynamic agent composition are consequently given for that domain throughout the paper. It is however expected that this approach will be beneficial to other problem domains, especially those with a networked structure, such as water or gas networks. Conclusions: Dynamic agent composition has many advantages over the way agent-based models are traditionally built for the users, the developers, as well as for agent-based modelling as a scientific approach. Developers can extend the model without the need to access or modify previously written code; they can develop groups of entities independently and add them to those already defined to extend the model. Users can mix-and-match already implemented components to form large-scales ABMs, allowing them to quickly setup simulations and easily compare scenarios without the need to program. The dynamic agent composition provides a natural simulation space over which ABMs of networked structures are represented, facilitating their implementation; and verification and validation of models is facilitated by quickly setting up alternative simulations. © 2015, Boulaire et al. ; licensee BioMed Central.",Cecília,2015,2026-03-17 21:30:27,2026-03-17 21:30:27,,,,1,3,,,,,,,,,,,,,rayyan-448618999,,,,,C:\Users\Thiago\Zotero\storage\EV4TRKS9\Boulaire et al. - 2015 - Dynamic agent composition for large-scale agent-based models.pdf,,Agent-based model; Dynamic composition; Electricity distribution network; Large-scale,,,,,,,
3MLCS6XE,journalArticle,2015,"Chacoma, A.; Zanette, D.H.",Opinion formation by social influence: From experiments to modeling,Empirical (micro),Explanatory,Exploratory / Scenario-based,PLoS ONE,,,10.1371/journal.pone.0140406,https://www.scopus.com/inward/record.uri?eid=2-s2.0-84950349681&doi=10.1371%2Fjournal.pone.0140406&partnerID=40&md5=838e118d170076a283294df2b2124214,"Predicting different forms of collective behavior in human populations, as the outcome of individual attitudes and their mutual influence, is a question of major interest in social sciences. In particular, processes of opinion formation have been theoretically modeled on the basis of a formal similarity with the dynamics of certain physical systems, giving rise to an extensive collection of mathematical models amenable to numerical simulation or even to exact solution. Empirical ground for these models is however largely missing, which confine them to the level of mere metaphors of the real phenomena they aim at explaining. In this paper we present results of an experiment which quantifies the change in the opinions given by a subject on a set of specific matters under the influence of others. The setup is a variant of a recently proposed experiment, where the subject's confidence on his or her opinion was evaluated as well. In our realization, which records the quantitative answers of 85 subjects to 20 questions before and after an influence event, the focus is put on characterizing the change in answers and confidence induced by such influence. Similarities and differences with the previous version of the experiment are highlighted. We find that confidence changes are to a large extent independent of any other recorded quantity, while opinion changes are strongly modulated by the original confidence. On the other hand, opinion changes are not influenced by the initial difference with the reference opinion. The typical time scales on which opinion varies are moreover substantially longer than those of confidence change. Experimental results are then used to estimate parameters for a dynamical agent-based model of opinion formation in a large population. In the context of the model, we study the convergence to full consensus and the effect of opinion leaders on the collective distribution of opinions. © © 2015 Chacoma, Zanette.",Cecília,2015,2026-03-17 21:30:27,2026-03-17 21:30:27,,,,10,10,,,,,,,,,,,,,rayyan-448619004,,,,,C:\Users\Thiago\Zotero\storage\T86NYPU3\Chacoma e Zanette - 2015 - Opinion formation by social influence From experiments to modeling.pdf,,,,,,,,,
5TFIGYDP,journalArticle,2015,"Brändle, J.M.; Langendijk, G.; Peter, S.; Brunner, S.H.; Huber, R.",Sensitivity Analysis of a Land-Use Change Model with and without Agents to Assess Land Abandonment and Long-Term Re-Forestation in a Swiss Mountain Region,Hybrid,Explanatory,Global (Screening),Land,,,10.3390/land4020475,https://www.scopus.com/inward/record.uri?eid=2-s2.0-84964526560&doi=10.3390%2Fland4020475&partnerID=40&md5=a945b9e0679f4efdcda5a226a8fade50,"Land abandonment and the subsequent re-forestation are important drivers behind the loss of ecosystem services in mountain regions. Agent-based models can help to identify global change impacts on farmland abandonment and can test policy and management options to counteract this development. Realigning the representation of human decision making with time scales of ecological processes such as reforestation presents a major challenge in this context. Models either focus on the agent-specific behavior anchored in the current generation of farmers at the expense of representing longer scale environmental processes or they emphasize the simulation of long-term economic and forest developments where representation of human behavior is simplified in time and space. In this context, we compare the representation of individual and aggregated decision-making in the same model structure and by doing so address some implications of choosing short or long term time horizons in land-use modeling. Based on survey data, we integrate dynamic agents into a comparative static economic sector supply model in a Swiss mountain region. The results from an extensive sensitivity analysis show that this agent-based land-use change model can reproduce observed data correctly and that both model versions are sensitive to the same model parameters. In particular, in both models the specification of opportunity costs determines the extent of production activities and land-use changes by restricting the output space. Our results point out that the agent-based model can capture short and medium term developments in land abandonment better than the aggregated version without losing its sensitivity to important socio-economic drivers. For comparative static approaches, extensive sensitivity analysis with respect to opportunity costs, i.e., the measure of benefits forgone due to alternative uses of labor is essential for the assessment of the impact of climate change on land abandonment and re-forestation in mountain regions. © 2015 by the authors; licensee MDPI, Basel, Switzerland.",Cecília,2015,2026-03-17 21:30:27,2026-03-17 21:30:27,,475-512,,2,4,,,,,,,,,,,,,rayyan-448619027,,,,,C:\Users\Thiago\Zotero\storage\Q6NQTNDN\Brändle et al. - 2015 - Sensitivity Analysis of a Land-Use Change Model with and without Agents to Assess Land Abandonment a.pdf,,Agent-based modeling; Sensitivity analysis; Land abandonment; Mountain regions; Re-forestation; Sector supply model,,,,,,,
8NGMPM5P,journalArticle,2015,"Gualdi, S.; Tarzia, M.; Zamponi, F.; Bouchaud, J.-P.",Tipping points in macroeconomic agent-based models,Theoretical (literature),Descriptive / Phenomena-based,Exploratory / Scenario-based,Journal of Economic Dynamics and Control,,,10.1016/j.jedc.2014.08.003,https://www.scopus.com/inward/record.uri?eid=2-s2.0-85027940779&doi=10.1016%2Fj.jedc.2014.08.003&partnerID=40&md5=95a3cd551cf89b0d5a6128737e4c512e,"The aim of this work is to explore the possible types of phenomena that simple macroeconomic Agent-Based models (ABMs) can reproduce. We propose a methodology, inspired by statistical physics, that characterizes a model through its ""phase diagram"" in the space of parameters. Our first motivation is to understand the large macro-economic fluctuations observed in the ""Mark I"" ABM devised by Delli Gatti and collaborators. In this regard, our major finding is the generic existence of a phase transition between a ""good economy"" where unemployment is low, and a ""bad economy"" where unemployment is high. We then introduce a simpler framework that allows us to show that this transition is robust against many modifications of the model, and is generically induced by an asymmetry between the rate of hiring and the rate of firing of the firms. The unemployment level remains small until a tipping point, beyond which the economy suddenly collapses. If the parameters are such that the system is close to this transition, any small fluctuation is amplified as the system jumps between the two equilibria. We have explored several natural extensions of the model. One is to introduce a bankruptcy threshold, limiting the firms maximum level of debt-to-sales ratio. This leads to a rich phase diagram with, in particular, a region where acute endogenous crises occur, during which the unemployment rate shoots up before the economy can recover. We also introduce simple wage policies. This leads to inflation (in the ""good"" phase) or deflation (in the ""bad"" phase), but leaves the overall phase diagram of the model essentially unchanged. We have also explored the effect of simple monetary policies that attempt to contain rising unemployment and defang crises. We end the paper with general comments on the usefulness of ABMs to model macroeconomic phenomena, in particular in view of the time needed to reach a steady state that raises the issue of ergodicity in these models. © 2014 Elsevier B.V.",Cecília,2015,2026-03-17 21:30:27,2026-03-17 21:30:27,,29-61,,,50,,,,,,,,,,,,,rayyan-448619037,,,,,C:\Users\Thiago\Zotero\storage\SCXY874L\Gualdi et al. - 2015 - Tipping points in macroeconomic agent-based models.pdf,,Agent-based computational economics; Aggregative models; Cycles,,,,,,,
E2MWBUQZ,journalArticle,2015,"Bozkurt, I.",Developing an agent-based model on how different individuals solve complex problems,Theoretical (literature),Theoretical / Illustrative,NA,Journal of Industrial Engineering and Management,,,10.3926/jiem.1197,https://www.scopus.com/inward/record.uri?eid=2-s2.0-84927134848&doi=10.3926%2Fjiem.1197&partnerID=40&md5=003fd6bb2fd3a22c5bfd29386d3035ff,"Purpose: Research that focuses on the emotional, mental, behavioral and cognitive capabilities of individuals has been abundant within disciplines such as psychology, sociology, and anthropology, among others. However, when facing complex problems, a new perspective to understand individuals is necessary. The main purpose of this paper is to develop an agentbased model and simulation to gain understanding on the decision-making and problem-solving abilities of individuals. Design/methodology/approach: The micro-level analysis modeling and simulation paradigm Agent-Based Modeling Through the use of Agent-Based Modeling, insight is gained on how different individuals with different profiles deal with complex problems. Using previous literature from different bodies of knowledge, established theories and certain assumptions as input parameters, a model is built and executed through a computer simulation. Findings: The results indicate that individuals with certain profiles have better capabilities to deal with complex problems. Moderate profiles could solve the entire complex problem, whereas profiles within extreme conditions could not. This indicates that having a strong predisposition is not the ideal way when approaching complex problems, and there should always be a component from the other perspective. The probability that an individual may use these capabilities provided by the opposite predisposition provides to be a useful option. Originality/value: The originality of the present research stems from how individuals are profiled, and the model and simulation that is built to understand how they solve complex problems. The development of the agent-based model adds value to the existing body of knowledge within both social sciences, and modeling and simulation. © 2015 Journal of Industrial Engineering and Management.",Cecília,2015,2026-03-17 21:30:27,2026-03-17 21:30:27,,233-266,,1,8,,,,,,,,,,,,,rayyan-448619047,,,,,C:\Users\Thiago\Zotero\storage\9P5V88UE\Bozkurt - 2015 - Developing an agent-based model on how different individuals solve complex problems.pdf,,Simulation; Agent-based; Modeling; Complex problems; Personality; Problem-solving,,,,,,,
LZWYGGR7,journalArticle,2015,"Lee, S.; Hong, J.H.; Bae, J.W.; Moon, I.-C.",Impact of population relocation to city commerce: Micro-level estimation with validated agent-based model,Empirical (micro),Decision Support / Policy Evaluation,Regression / Statistical Inference,JASSS,,,10.18564/jasss.2719,https://www.scopus.com/inward/record.uri?eid=2-s2.0-84926314213&doi=10.18564%2Fjasss.2719&partnerID=40&md5=3acc17aa5e7a81c79747c073214ab84a,"To reduce overpopulation around Seoul, Korea, the government implemented a relocation policy of public officers by moving the government complex. This implies that there will be a negative impact on the suburban area that originally hosted the complex, but we do not know the magnitude of the impact. Therefore, this paper presents a micro-level estimation of the impact on the city commerce with an agent-based model. This model is calibrated by the micro-level population census data, the time-use data, and the geographic data. Agent behavior is formally specified to illustrate the daily activities of diverse population types, and particularly the model observes how many agents pass by commercial buildings of interest. With the described model, we performed a virtual experiment that examines the strengths of factors in negatively influencing the city commerce. After the experiment, we statistically validated the model with the survey data from the real world, which resulted in relatively high correlation between the real world and the simulations. © JASSS.",Cecília,2015,2026-03-17 21:30:27,2026-03-17 21:30:27,,1-22,,2,18,,,,,,,,,,,,,rayyan-448619049,,,,,C:\Users\Thiago\Zotero\storage\LX8DMC6G\Lee et al. - 2015 - Impact of population relocation to city commerce Micro-level estimation with validated agent-based.pdf,,Agent-Based Simulation; Discrete event model; Population modeling; Urban design; Urban simulator,,,,,,,
QPFNIBH3,journalArticle,2015,"Cisse, A.T.; Cisse, A.; Bah, A.; Ndjone, J.A.; Fadel Kébé, C.M.F.",A methodology for designing agent-based models: Agent from « UP » for complex systems: N example on the Rift valley fever at Barkédji (Senegal),,,,Lecture Notes in Electrical Engineering,,,10.1007/978-3-319-06764-3_63,https://www.scopus.com/inward/record.uri?eid=2-s2.0-84919362846&doi=10.1007%2F978-3-319-06764-3_63&partnerID=40&md5=39d8cb9c1064a095c9afcf72354bca72,The designing and implementation of an agent-based model for a system called complex are often guided by clear objectives and often meet a need. Such kinds of models are often used to help for understanding real systems mechanisms and to be at last a decision support. The evolution of a theory that is supported by validation stages through a simulation needs to be guided by a methodology. This one will make possible to organize the work and communicate with the end users in order to achieve the objectives with a reasonable time. We propose here a methodology that extends the Unified process. It provides a set of tools to carry out the modeling work successfully. This methodology is iterative and incremental and is guided by a collaborative approach based on communicating with the end users in one side and specialist in another side. The communication is also supported by tools and a common ontology. The present method formalism is based on Agent UML combined with GAIA. A practical case is also presented with an agent based model on the Rift valley fever. © Springer International Publishing Switzerland 2015.,Cecília,2015,2026-03-17 21:30:27,2026-03-17 21:30:27,,493-503,,,312,,,,,,,,,,,,,rayyan-448619057,,,,,,,Methodology; Complex system; Agent; Iterative and incremental approach; Rift valley fever; Unified processes,,,,,,,
NKU4IRDH,journalArticle,2015,"Xue, Yusheng; Wu, Juai; Xie, Dongliang; Li, Kang; Zhang, Yu; Wen, Fushuan; Cai, Bin; Wu, Qiuwei; Yang, Guangya",Multi-agents modelling of EV purchase willingness based on questionnaires,Empirical (micro),Explanatory,Exploratory / Scenario-based,Journal of Modern Power Systems and Clean Energy,,"2196-5625, 2196-5420",10.1007/s40565-015-0112-4,http://link.springer.com/10.1007/s40565-015-0112-4,,Cecília,2015-06,2026-03-17 21:30:57,2026-03-17 21:30:57,2026-03-17 21:30:57,149-159,,2,3,J. Mod. Power Syst. Clean Energy,,,,,,,,en,,,,,DOI.org (Crossref),,,,C:\Users\Thiago\Zotero\storage\JZUMPET5\Xue et al. - 2015 - Multi-agents modelling of EV purchase willingness based on questionnaires.pdf,,,,,,,,,
YCVA6KG7,journalArticle,2019,"Schiera, Daniele Salvatore; Minuto, Francesco Demetrio; Bottaccioli, Lorenzo; Borchiellini, Romano; Lanzini, Andrea",Analysis of Rooftop Photovoltaics Diffusion in Energy Community Buildings by a Novel GIS- and Agent-Based Modeling Co-Simulation Platform,Hybrid,Explanatory,Exploratory / Scenario-based,IEEE Access,,2169-3536,10.1109/ACCESS.2019.2927446,https://ieeexplore.ieee.org/document/8756277/,,Cecília,2019,2026-03-17 21:31:00,2026-03-17 21:31:00,2026-03-17 21:31:00,93404-93432,,,7,IEEE Access,,,,,,,,,https://creativecommons.org/licenses/by/4.0/legalcode,,,,DOI.org (Crossref),,,,C:\Users\Thiago\Zotero\storage\L86V5G4X\Schiera et al. - 2019 - Analysis of Rooftop Photovoltaics Diffusion in Energy Community Buildings by a Novel GIS- and Agent-.pdf,,,,,,,,,
EK8MZZL7,journalArticle,2017,"Anand, Shrey; Sharma, Ishank; Goyal, Rinkaj",Extended Understanding of Dyadic Friendship Using Fuzzy Measures: a Simulation Approach,Theoretical (literature),Theoretical / Illustrative,NA,IEEE Access,,2169-3536,10.1109/ACCESS.2017.2758395,http://ieeexplore.ieee.org/document/8055548/,,Cecília,2017,2026-03-17 21:31:19,2026-03-17 21:31:19,2026-03-17 21:31:19,21179-21192,,,5,IEEE Access,Extended Understanding of Dyadic Friendship Using Fuzzy Measures,,,,,,,,https://ieeexplore.ieee.org/Xplorehelp/downloads/license-information/OAPA.html,,,,DOI.org (Crossref),,,,C:\Users\Thiago\Zotero\storage\GNE5JT8X\Anand et al. - 2017 - Extended Understanding of Dyadic Friendship Using Fuzzy Measures a Simulation Approach.pdf,,,,,,,,,
MGX7M49F,journalArticle,2023,"Doshi, Ronak; Ramesh, Ajay; Rao, Shrisha",Modeling Influencer Marketing Campaigns in Social Networks,Theoretical (literature),Explanatory,Exploratory / Scenario-based,IEEE Transactions on Computational Social Systems,,"2329-924X, 2373-7476",10.1109/TCSS.2022.3140779,https://ieeexplore.ieee.org/document/9689053/,,Cecília,2023-02,2026-03-17 21:31:49,2026-03-17 21:31:49,2026-03-17 21:31:49,322-334,,1,10,IEEE Trans. Comput. Soc. Syst.,,,,,,,,,https://ieeexplore.ieee.org/Xplorehelp/downloads/license-information/IEEE.html,,,,DOI.org (Crossref),,,,C:\Users\Thiago\Zotero\storage\LGG73BMC\Doshi et al. - 2023 - Modeling Influencer Marketing Campaigns in Social Networks.pdf,,,,,,,,,
CREXX5T5,journalArticle,2023,"Deffuant, Guillaume; Roozmand, Omid; Huet, Sylvie; Khamzina, Kamilla; Nugier, Armelle; Guimond, Serge",Can Biases in Perceived Attitudes Explain Anti-Conformism?,Hybrid,Theoretical / Illustrative,Exploratory / Scenario-based,IEEE Transactions on Computational Social Systems,,"2329-924X, 2373-7476",10.1109/TCSS.2022.3154034,https://ieeexplore.ieee.org/document/9737307/,,Cecília,2023-06,2026-03-17 21:31:50,2026-03-17 21:31:50,2026-03-17 21:31:50,922-933,,3,10,IEEE Trans. Comput. Soc. Syst.,,,,,,,,,https://creativecommons.org/licenses/by/4.0/legalcode,,,,DOI.org (Crossref),,,,C:\Users\Thiago\Zotero\storage\9JVPGRJJ\Deffuant et al. - 2023 - Can Biases in Perceived Attitudes Explain Anti-Conformism.pdf,,,,,,,,,
CTV8GLH6,journalArticle,2019,"Almeida, Rodrigo Nicolau; David, Nuno",Signs of Heritage—An Agent-Based Model of the Dynamics of Heritage Categories,Theoretical (literature),Theoretical / Illustrative,Regression / Statistical Inference,IEEE Transactions on Computational Social Systems,,"2329-924X, 2373-7476",10.1109/TCSS.2019.2947661,https://ieeexplore.ieee.org/document/8896902/,,Cecília,2019-12,2026-03-17 21:32:00,2026-03-17 21:32:00,2026-03-17 21:32:00,1283-1294,,6,6,IEEE Trans. Comput. Soc. Syst.,,,,,,,,,https://ieeexplore.ieee.org/Xplorehelp/downloads/license-information/IEEE.html,,,,DOI.org (Crossref),,,,,,,,,,,,,
BSH5YE3S,journalArticle,2021,"Antelmi, Alessia; Cordasco, Gennaro; Scarano, Vittorio; Spagnuolo, Carmine",Modeling and Evaluating Epidemic Control Strategies With High-Order Temporal Networks,Hybrid,Decision Support / Policy Evaluation,Exploratory / Scenario-based,IEEE Access,,2169-3536,10.1109/ACCESS.2021.3119459,https://ieeexplore.ieee.org/document/9567682/,,Cecília,2021,2026-03-17 21:32:01,2026-03-17 21:32:01,2026-03-17 21:32:01,140938-140964,,,9,IEEE Access,,,,,,,,,https://creativecommons.org/licenses/by/4.0/legalcode,,,,DOI.org (Crossref),,,,C:\Users\Thiago\Zotero\storage\PIC628FW\Antelmi et al. - 2021 - Modeling and Evaluating Epidemic Control Strategies With High-Order Temporal Networks.pdf,,,,,,,,,
5D7G33NV,journalArticle,2025,"Kremer, Elise; Reissl, Severin; Fierro, Luca E.; Emmerling, Johannes; Lamperti, Francesco; Roventini, Andrea","Energy price shocks in the European Union: Macroeconomic impacts, distributional effects and policy responses",Hybrid,Decision Support / Policy Evaluation,Exploratory / Scenario-based,Energy Economics,,1409883,10.1016/j.eneco.2025.108979,https://linkinghub.elsevier.com/retrieve/pii/S0140988325008096,,Cecília,2025-12,2026-03-17 21:32:13,2026-03-17 21:32:13,2026-03-17 21:32:13,108979,,,152,Energy Economics,Energy price shocks in the European Union,,,,,,,en,,,,,DOI.org (Crossref),,,,,,,,,,,,,
KEAD62XX,journalArticle,2025,"Bhaduri, Parin; Pollack, Adam B.; Yoon, James; Roy Chowdhury, Pranab K.; Wan, Heng; Judi, David; Daniel, Brent; Srikrishnan, Vivek",Uncertainty in Household Behavior Drives Large Variation in the Size of the Levee Effect,Hybrid,Decision Support / Policy Evaluation,Global (Screening),Journal of Flood Risk Management,,"1753-318X, 1753-318X",10.1111/jfr3.70131,https://onlinelibrary.wiley.com/doi/10.1111/jfr3.70131,"ABSTRACT             Coastal cities face increasing flood hazards due to climate change. Physical infrastructures, such as levees, are commonly used to reduce flood hazards. To effectively manage flood risks, it is important to understand the degree to which physical infrastructures change both hazard and exposure. For example, many studies suggest that levee construction causes an overall increase in risk because levees promote exposure growth to a greater degree than they reduce flood hazards. Although this so‐called “levee effect” is widely studied, there are knowledge gaps surrounding how uncertainties related to levee construction and flood risk translate into the occurrence and strength of the levee effect in coastal communities. Here, we use agent‐based modeling to simulate the influence of flood risk information pathways on the dynamics around the levee effect, first under idealized conditions and then within a real‐world coastal case study. We finally conduct a global sensitivity analysis to identify which model factors contribute to the strength of the levee effect. We find that, under idealized conditions, the strength of the levee effect is highly sensitive to economic (e.g., population growth) and engineering (e.g., levee failure) factors. However, under more complex coastal conditions, factors related to household behavior (e.g., risk aversion) are more influential on the strength of the levee effect. Overall, our findings emphasize the importance of capturing the interactions and uncertainties among multiple behavioral, economic, and engineering factors when measuring flood risk in coastal communities.",Cecília,2025-12,2026-03-17 21:32:14,2026-03-17 21:32:14,2026-03-17 21:32:14,e70131,,4,18,J Flood Risk Management,,,,,,,,en,,,,,DOI.org (Crossref),,,,C:\Users\Thiago\Zotero\storage\YTUHXSSR\Bhaduri et al. - 2025 - Uncertainty in Household Behavior Drives Large Variation in the Size of the Levee Effect.pdf,,,,,,,,,
CE8EXW9Q,journalArticle,2025,"Yang, Senqi; Dane, Gamze; Arentze, Theo A.",An agent-based model to simulate pedestrians' affective experiences and activities for evaluating urban public space design,Hybrid,Explanatory,Exploratory / Scenario-based,Cities,,2642751,10.1016/j.cities.2025.106292,https://linkinghub.elsevier.com/retrieve/pii/S0264275125005931,,Cecília,2025-11,2026-03-17 21:32:18,2026-03-17 21:32:18,2026-03-17 21:32:18,106292,,,166,Cities,,,,,,,,en,,,,,DOI.org (Crossref),,,,,,,,,,,,,
7S4M2Z6R,journalArticle,2025,"Mara, Federico; Altafini, Diego; Cutini, Valerio; Malleson, Nick",Simulation to forecast crime patterns: Comparing space syntax and agent-based models in exploring pedestrian movement and visibility,,,,Environment and Planning B: Urban Analytics and City Science,,"2399-8083, 2399-8091",10.1177/23998083251324065,https://journals.sagepub.com/doi/10.1177/23998083251324065,"Space Syntax comprises a set of techniques that emphasize both material and immaterial characteristics of urban space. However, its inherent lack of a time component and land-use variables limits its effectiveness in investigating crime dynamics at the micro-urban scale. On the other hand, ABMs are simulations of interacting agents capable of perceiving their environment, influencing each other, and making autonomous decisions without central control, whose behaviour depends on time and environmental components. Nonetheless, ABMs face challenges in terms of the required amount of input data and model transparency, as well as regards the matter of validation. Despite being based on different modelling approaches – embodying the top–down versus bottom–up contraposition – both Space Syntax and ABMs can qualitatively and quantitatively analyse crucial components for crime analysis, such as flows, copresence, and visibility, deemed key aspects underlying the crime opportunity concept. This paper establishes a bridge between Space Syntax and ABM through the study of crime in urban settings, scrutinising the fundamental metrics that can significantly contribute to the identification of high-risk locations – specifically, pedestrian flow and visibility. It presents two new models, respectively, using Space Syntax methods and ABM, applied to two separate case studies in the historic city centre of Pisa, Italy. It has three objectives: first, to compare the diverse outcomes the distinct approaches provide in terms of people flow and visibility estimation in the built environment; second, to discuss their potential in forecasting risky areas; and, lastly, to propose an integration between Space Syntax metrics for movement within ABMs as parameters to guide agents’ movement. In essence, this study proposes a methodology oriented towards creating a model capable of simulating the relations between people’s behaviour, urban configuration, environmental conditions, and crime distribution, thereby representing a useful decision-support tool for crime prevention purposes and for broadly exploring and modelling pedestrian behaviour.",Cecília,2025-11,2026-03-17 21:33:27,2026-03-17 21:33:27,2026-03-17 21:33:27,2171-2195,,9,52,Environment and Planning B: Urban Analytics and City Science,Simulation to forecast crime patterns,,,,,,,en,,,,,DOI.org (Crossref),,,,,,,,,,,,,
58YRADYV,journalArticle,2025,"Dai, Xiaoting; Zhang, Jie; Chang, Victor",Noise traders in an agent-based artificial stock market,Hybrid,Descriptive / Phenomena-based,Local (OAT/OFAT),Annals of Operations Research,,"0254-5330, 1572-9338",10.1007/s10479-023-05528-7,https://link.springer.com/10.1007/s10479-023-05528-7,"Abstract             This paper investigates whether noise traders can survive in the long run and how they influence financial markets by proposing an agent-based artificial stock market, as one simulation model of computational economics. This market contains noise traders, informed and uninformed traders. Informed and uninformed traders can learn from information by using Genetic Programming, while noise traders cannot. The system is first calibrated to real financial markets by replicating several stylized facts. We find that noise traders cannot survive or they just transform to other kind of traders in the long run, and they increase market volatility, price distortion, noise trader risk, and trading volume in the market. However, regulation intervention, e.g., price limits, transaction tax and longer settlement cycle, can affect noise trader’s surviving period and their influence on markets.",Cecília,2025-09,2026-03-17 21:33:29,2026-03-17 21:33:29,2026-03-17 21:33:29,715-744,,3,352,Ann Oper Res,,,,,,,,en,,,,,DOI.org (Crossref),,,,C:\Users\Thiago\Zotero\storage\KNY2DRXF\Dai et al. - 2025 - Noise traders in an agent-based artificial stock market.pdf,,,,,,,,,
6FTI2E5I,journalArticle,2025,"Richardson, Miles",Modelling Nature Connectedness Within Environmental Systems: Human-Nature Relationships from 1800 to 2020 and Beyond,Hybrid,Predictive,Local (OAT/OFAT),Earth,,2673-4834,10.3390/earth6030082,https://www.mdpi.com/2673-4834/6/3/82,"Amid global environmental changes, urbanisation erodes nature connectedness, an important driver of pro-environmental behaviours and human well-being, exacerbating human-made risks like biodiversity loss and climate change. This study introduces a novel hybrid agent-based model (ABM), calibrated with historical urbanisation data, to explore how urbanisation, opportunity and orientation to engage with nature, and intergenerational transmission have shaped nature connectedness over time. The model simulates historical trends (1800–2020) against target data, with projections extending to 2125. The ABM revealed a significant nature connectedness decline with excellent fit to the target data, derived from nature word use in cultural products. Although a lifetime ‘extinction of experience’ mechanism refined the fit, intergenerational transmission emerged as the dominant driver—supporting a socio-ecological tipping point in human–nature disconnection. Even with transformative interventions like dramatic urban greening and enhanced nature engagement, projections suggest a persistent disconnection from nature through to 2050, highlighting locked-in risks to environmental stewardship. After 2050, the most transformative interventions trigger a self-sustaining recovery, highlighting the need for sustained, systemic policies that embed nature connectedness into urban planning and education.",Cecília,2025-07-23,2026-03-17 21:33:30,2026-03-17 21:33:30,2026-03-17 21:33:30,82,,3,6,Earth,Modelling Nature Connectedness Within Environmental Systems,,,,,,,en,,,,,DOI.org (Crossref),,,,C:\Users\Thiago\Zotero\storage\MU88S7MP\Richardson - 2025 - Modelling Nature Connectedness Within Environmental Systems Human-Nature Relationships from 1800 to.pdf,,,,,,,,,
2QG3HK7P,journalArticle,2025,"Fuortes, Agnese; Blanco Rocha, Carlos Felipe; Quik, Joris T.K.; De Jager, Lynn; Peijnenburg, Willie",Framework for metamodel-driven integration of life cycle assessment and agent-based modeling,"Synthetic (machine learning, AI, other)",Decision Support / Policy Evaluation,Global (Variance-based),Sustainable Production and Consumption,,23525509,10.1016/j.spc.2025.06.005,https://linkinghub.elsevier.com/retrieve/pii/S2352550925001289,,Cecília,2025-09,2026-03-17 21:34:40,2026-03-17 21:34:40,2026-03-17 21:34:40,14-29,,,58,Sustainable Production and Consumption,,,,,,,,en,,,,,DOI.org (Crossref),,,,C:\Users\Thiago\Zotero\storage\5H7MKRAH\Fuortes et al. - 2025 - Framework for metamodel-driven integration of life cycle assessment and agent-based modeling.pdf,,,,,,,,,
LJJNV89L,journalArticle,2025,"Arnejo, Zenith; Gaudou, Benoit; Saqalli, Mehdi; Bantayan, Nathaniel",LUNTIAN: An Agent-Based Model of an Industrial Tree Plantation for Promoting Sustainable Harvesting in the Philippines,Hybrid,Decision Support / Policy Evaluation,Global (Variance-based),Forests,,1999-4907,10.3390/f16081293,https://www.mdpi.com/1999-4907/16/8/1293,"Industrial tree plantations (ITPs) are increasingly recognized as a sustainable response to deforestation and the decline in native wood resources in the Philippines. This study presents LUNTIAN (Labor, UNiversity, Timber Investment, and Agent-based Nexus), an agent-based model that simulates an experimental ITP operation within a mountain forest managed by University of the Philippines Los Baños. The model integrates biophysical processes—such as tree growth, hydrology, and stand dynamics—with socio-economic components such as investment decision making based on risk preferences, employment allocation influenced by local labor availability, and informal harvesting behavior driven by job scarcity. These are complemented by institutional enforcement mechanisms such as forest patrolling, reflecting the complex interplay between financial incentives and rule compliance. To assess the model’s validity, its outputs were compared to those of the 3PG forest growth model, with results demonstrating alignment in growth trends and spatial distributions, thereby supporting LUNTIAN’s potential to represent key ecological dynamics. Sensitivity analysis identified investor earnings share and community member count as significant factors influencing net earnings and management costs. Parameter calibration using the Non-dominated Sorting Genetic Algorithm yielded an optimal configuration that ensured profitability for resource managers, investors, and community-hired laborers while minimizing unauthorized independent harvesting. Notably, even with continuous harvesting during a 17-year rotation, the final tree population increased by 55%. These findings illustrate the potential of LUNTIAN to support the exploration of sustainable ITP management strategies in the Philippines by offering a robust framework for analyzing complex social–ecological interactions.",Cecília,2025-08-08,2026-03-17 21:35:58,2026-03-17 21:35:58,2026-03-17 21:35:58,1293,,8,16,Forests,LUNTIAN,,,,,,,en,,,,,DOI.org (Crossref),,,,C:\Users\Thiago\Zotero\storage\I8TC3GFF\Arnejo et al. - 2025 - LUNTIAN An Agent-Based Model of an Industrial Tree Plantation for Promoting Sustainable Harvesting.pdf,,,,,,,,,
E85688RH,journalArticle,2025,"Komarovsky, Shimon; Vizanko, Brent; Berglund, Emily; Ostfeld, Avi",Assessing the Sensitivity of Sociotechnical Water Distribution Systems to Uncertainty in Consumer Behaviors: Social Distancing and Demand Changes During the COVID-19 Pandemic,Theoretical (literature),Theoretical / Illustrative,Local (OAT/OFAT),Water,,2073-4441,10.3390/w17131965,https://www.mdpi.com/2073-4441/17/13/1965,"Water distribution systems (WDSs) exhibit intricate, nonlinear behaviors shaped by both internal dynamics and external influences. The incorporation of additional models, such as contamination or population models, further increases their complexity. This study investigated WDSs under various uncertainty scenarios to enhance system stability, robustness, and control. In particular, we built upon prior research by exploring an Agent-Based Modeling (ABM) framework integrated within a WDS, focusing on three types of uncertainties: (1) adjustments to existing probabilistic parameters, (2) variations in agent movement across network nodes, and (3) changes in agent distributions across different node types. We conducted our analysis using the virtual city of Micropolis as a testbed. Our findings indicate that while the system remains resilient to uncertainties in predefined probabilistic parameters, substantial and often nonlinear effects arise when uncertainties are introduced in agent mobility and distribution patterns. These results emphasize the significance of understanding how WDSs respond to external behavioral dynamics, which is essential for managing real-world challenges, such as pandemics or shifts in urban behavior. This study underscores the necessity for further research into broader uncertainty categories and emergent effects to enhance WDS modeling and inform decision-making.",Cecília,2025-06-30,2026-03-17 21:37:08,2026-03-17 21:37:08,2026-03-17 21:37:08,1965,,13,17,Water,Assessing the Sensitivity of Sociotechnical Water Distribution Systems to Uncertainty in Consumer Behaviors,,,,,,,en,,,,,DOI.org (Crossref),,,,C:\Users\Thiago\Zotero\storage\TPP6MK3E\Komarovsky et al. - 2025 - Assessing the Sensitivity of Sociotechnical Water Distribution Systems to Uncertainty in Consumer Be.pdf,,,,,,,,,
CHPDHAFN,journalArticle,2025,"De Bok, Michiel; Tavasszy, Lóránt; Thoen, Sebastiaan; Eggers, Larissa; Kourounioti, Ioanna",MASS-GT: An empirical model for the simulation of freight policies,Empirical (micro),Decision Support / Policy Evaluation,Exploratory / Scenario-based,Simulation Modelling Practice and Theory,,1569190X,10.1016/j.simpat.2025.103140,https://linkinghub.elsevier.com/retrieve/pii/S1569190X25000759,,Cecília,2025-07,2026-03-17 21:37:13,2026-03-17 21:37:13,2026-03-17 21:37:13,103140,,,142,Simulation Modelling Practice and Theory,MASS-GT,,,,,,,en,,,,,DOI.org (Crossref),,,,,,,,,,,,,
RGEBINTJ,journalArticle,2022,"Zhang, Huijin; Xiong, Hang; Wang, Ge; Jiang, Peng",How institutional pressures improve environmental management performance in construction projects: an agent-based simulation approach,Empirical (micro),Decision Support / Policy Evaluation,Global (Screening),"Environment, Development and Sustainability",,1573-2975,10.1007/s10668-022-02758-w,https://link.springer.com/10.1007/s10668-022-02758-w,,Cecília,2022-11-27,2026-03-17 21:45:22,2026-03-17 22:31:00,2026-03-17 21:45:22,1281-1311,,1,26,Environ Dev Sustain,How institutional pressures improve environmental management performance in construction projects,,,,,,,en,,,,,DOI.org (Crossref),,,,C:\Users\Thiago\Zotero\storage\2WTSYJY8\Zhang et al. - 2022 - How institutional pressures improve environmental management performance in construction projects a.pdf,,,,,,,,,
J3X4VAZQ,journalArticle,2024,"Zare, Parisa; Leao, Simone; Gudes, Ori; Pettit, Christopher",A simple agent-based model for planning for bicycling: Simulation of bicyclists' movements in urban environments,Hybrid,Decision Support / Policy Evaluation,Regression / Statistical Inference,"Computers, Environment and Urban Systems",,1989715,10.1016/j.compenvurbsys.2023.102059,https://linkinghub.elsevier.com/retrieve/pii/S0198971523001229,"Bicycling can improve the sustainability and liveability of cities, many of which desperately require better active transport infrastructure. Urban and transport planners need to examine how improvements in infrastructure change bicyclists’ behaviour. With this knowledge, investment in bicycling networks can be more efficient and encourage the use of bicycling for transportation. This study developed a simple Agent-Based Model (ABM) to simulate bicyclists’ movements in response to the built environment and road network characteristics in the City of Penrith, in the Greater Sydney Area, Australia. In this case study, the GAMA platform was used to build the ABM and Strava and Riderlog data were used to calibrate and validate the model. The model outputs give insights into bicyclist movements through the road network. The incorporated built environment characteristics include the type of bicycling infrastructure, tree canopy, slope, land use mix, and vehicle traffic. These choice factors also allowed the computation of rider levels of comfort and safety on each trip. Potential refinements of the model include additional bicycling behaviour factors (such as aesthetic preferences), and bicyclists’ interactions with each other and other modes of transport.",Cecília,2024-03,2026-03-17 21:44:30,2026-03-17 22:31:03,2026-03-17 22:07:58,102059,,,108,"Computers, Environment and Urban Systems",A simple agent-based model for planning for bicycling,,,,,,,en,,,,,DOI.org (Crossref),,,,C:\Users\Thiago\Zotero\storage\XLP9A3QQ\Zare et al. - 2024 - A simple agent-based model for planning for bicycling Simulation of bicyclists' movements in urban.pdf,,,,,,,,,
XYYDWXH6,journalArticle,2016,"Zachara, Marek; Piskor-Ignatowicz, Cezary",Agent-Based Creation and Simulation of Artificial Social Networks and the Analysis of Their Properties,NA,NA,NA,Computing in Science & Engineering,,1521-9615,10.1109/MCSE.2016.46,http://ieeexplore.ieee.org/document/7478418/,,Cecília,2016-07,2026-03-17 22:08:00,2026-03-17 22:31:05,2026-03-17 22:08:00,34-41,,4,18,Comput. Sci. Eng.,,,,,,,,en,https://ieeexplore.ieee.org/Xplorehelp/downloads/license-information/IEEE.html,,,,DOI.org (Crossref),,,,C:\Users\Thiago\Zotero\storage\AAJNJTAH\Zachara e Piskor-Ignatowicz - 2016 - Agent-Based Creation and Simulation of Artificial Social Networks and the Analysis of Their Properti.pdf,,multiagent systems; simulation; scientific computing; social networking,,,,,,,
YA8T8I7C,journalArticle,2021,"Young, Eileen; Aguirre, Benigno",PrioritEvac: an Agent-Based Model (ABM) for Examining Social Factors of Building Fire Evacuation,Empirical (micro),Explanatory,NA,Information Systems Frontiers,,"1387-3326, 1572-9419",10.1007/s10796-020-10074-9,https://link.springer.com/10.1007/s10796-020-10074-9,"Fire evacuation modeling benefits from the application of social science both in terms of accuracy and external validation. This paper describes PrioritEvac, a novel agent-based model which incorporates the social dimension of group loyalty into fire evacuation and responses to fire and smoke. It uses individual priorities, making for a dynamic approach that allows greater agency and nuance. PrioritEvac is programmed in NetLogo and validated using extensive data collected from the Station nightclub fire. The statistical analysis of the results of the model indicate that, compared to historical patterns, it reproduces along multiple metrics including a mean of 114 deaths (std. dev. = 38) over 50 runs, which puts the actual result of the fire within one standard deviation of the mean results of the simulation. Overall, the mean differential along all the metrics is 79, significantly outperforming all published ABM models of the Station nightclub fire that did not incorporate social relationships.",Cecília,2021-09,2026-03-17 22:08:02,2026-03-17 22:31:07,2026-03-17 22:08:02,1083-1096,,5,23,Inf Syst Front,PrioritEvac,,,,,,,en,,,,,DOI.org (Crossref),,,,C:\Users\Thiago\Zotero\storage\KB6IBGY4\Young e Aguirre - 2021 - PrioritEvac an Agent-Based Model (ABM) for Examining Social Factors of Building Fire Evacuation.pdf,,Agent-based model; ABM; Social relationships; Egress; The station building fire,,,,,,,
PG3L9TRY,journalArticle,2025,"Weinberger, Georg; Ladino Cano, Simón; Hecher, Maria Anna; Mauthner, Franz; Scholz, Johannes",Simulating heat transition scenarios using agent-based modeling,Hybrid,Decision Support / Policy Evaluation,NA,gis.Science,,2698-4571,10.14627/gis.Science.2025.4.2,https://doi.org/10.14627/gis.Science.2025.4.2,"This paper introduces a spatially explicit agent-based modeling (ABM) approach to simulate regional heating and energy transition scenarios. The model uniquely integrates spatial energy system data with empirically grounded behavioral data to analyze the impact of technical parameter variations and public policies on energy renovation decisions. This comprehensive approach enables the assessment of key energy figures over the simulation period, including heating energy demand and CO2 emissions. Serving as a decision-support tool for diverse stakeholders, the ABM, combined with an interactive WebGIS demonstrator, facilitates the design of effective decarbonization strategies for the built environment.",Cecília,2025-12-09,2026-03-17 21:42:13,2026-03-17 22:31:18,2026-03-17 22:08:04,130–134,,4,,,,,,,,Wichmann Verlag,DE,en,,,,,DOI.org (CSL JSON),,,,C:\Users\Thiago\Zotero\storage\N92CWAJA\Weinberger et al. - 2025 - Simulating heat transition scenarios using agent-based modeling.pdf,,,,,,,,,
D87LBHRL,journalArticle,2023,"Yoon, Jim; Wan, Heng; Daniel, Brent; Srikrishnan, Vivek; Judi, David",Structural model choices regularly overshadow parametric uncertainty in agent-based simulations of household flood risk outcomes,Hybrid,Decision Support / Policy Evaluation,Regression / Statistical Inference,"Computers, Environment and Urban Systems",,1989715,10.1016/j.compenvurbsys.2023.101979,https://linkinghub.elsevier.com/retrieve/pii/S019897152300042X,"Agent-based models (ABMs) have been increasingly used for flood risk analysis, driven by the recognition that commonly used analyses typically neglect adaptive human behavior in relation to flood hazards. However, ABM simulation results can be highly sensitive to a number of modeling choices. Here, we introduce an agent-based modeling framework to explore the impact of structural versus parametric choices of household flood aversion on modeled outcomes of flood risk in a hypothetical urban environment. We deploy three structural variants of the model that fundamentally differ in the manner in which households are assumed to interface with flood hazards (disamenity, avoidance, and protection), evaluating multiple model parameterizations within each structural variant. The structural variants lead to fundamentally different conclusions regarding the evolution of flood risk, indicating that the structural choices made regarding human representation in flood risk ABMs have substantial bearing on modeling insights and ought to be elevated from an overlooked to a critical aspect of future modeling efforts.",Cecília,2023-07,2026-03-17 22:08:08,2026-03-17 22:31:09,2026-03-17 22:08:08,101979,,,103,"Computers, Environment and Urban Systems",,,,,,,,en,,,,,DOI.org (Crossref),,,,C:\Users\Thiago\Zotero\storage\G9R7VZTU\Yoon et al. - 2023 - Structural model choices regularly overshadow parametric uncertainty in agent-based simulations of h.pdf,,Uncertainty; Agent-based models; Flood risk; Multisector dynamics,,,,,,,
M8MYR7GC,journalArticle,2024,"Yiannakoulias, Niko; Grignon, Michel; Marshall, Tara",Parameterizing agent-based models using an online game,Hybrid,Explanatory,NA,"Computers, Environment and Urban Systems",,1989715,10.1016/j.compenvurbsys.2024.102142,https://linkinghub.elsevier.com/retrieve/pii/S0198971524000711,"Agent-based models (ABMs) of human systems are often parameterized using real-world data. For some ABMs this is not possible because the reality upon which the models are based does not exist or is not generalizable from one setting to another. In this paper we implement an online decision game to parameterize an agent-based model of pedestrian and cyclist route choice decisions in a neighbourhood. Our conceptual framework is to use an experimental game to log decision-making behaviour, summarize this behaviour into a decision model, and then transfer this model to an ABM. The product of this framework is an ABM with agents informed by human decision making made within the game, rather than the real world. The results of our analysis suggest that the decision model is consistent with some general theory about decision making, but the ABM illustrates some unique and contextually specific patterns of flow. ABMs parameterized with game data may be useful for forecasting the effects of change on urban transportation infrastructure.",Cecília,2024-09,2026-03-17 22:08:10,2026-03-17 22:31:11,2026-03-17 22:08:10,102142,,,112,"Computers, Environment and Urban Systems",,,,,,,,en,,,,,DOI.org (Crossref),,,,C:\Users\Thiago\Zotero\storage\ZSKUKVFY\Yiannakoulias et al. - 2024 - Parameterizing agent-based models using an online game.pdf,,Agent-based models; Online data collection; Research gaming; Route choice,,,,,,,
9AJ4S2TT,journalArticle,2022,"Ye, Peijun; Chen, Yuanyuan; Zhu, Fenghua; Lv, Yisheng; Lu, Wanze; Wang, Fei-Yue",Bridging the Micro and Macro: Calibration of Agent-Based Model Using Mean-Field Dynamics,NA,NA,NA,IEEE Transactions on Cybernetics,,"2168-2267, 2168-2275",10.1109/TCYB.2021.3089712,https://ieeexplore.ieee.org/document/9477211/,"Calibration of agent-based models (ABM) is an essential stage when they are applied to reproduce the actual behaviors of distributed systems. Unlike traditional methods that suffer from the repeated trial and error and slow convergence of iteration, this article proposes a new ABM calibration approach by establishing a link between agent microbehavioral parameters and systemic macro-observations. With the assumption that the agent behavior can be formulated as a high-order Markovian process, the new approach starts with a search for an optimal transfer probability through a macrostate transfer equation. Then, each agent’s microparameter values are computed using mean-ﬁeld approximation, where his complex dependencies with others are approximated by an expected aggregate state. To compress the agent state space, principal component analysis is also introduced to avoid high dimensions of the macrostate transfer equation. The proposed method is validated in two scenarios: 1) population evolution and 2) urban travel demand analysis. Experimental results demonstrate that compared with the machine-learning surrogate and evolutionary optimization, our method can achieve higher accuracies with much lower computational complexities.",Cecília,2022-11,2026-03-17 22:08:14,2026-03-17 22:31:13,2026-03-17 22:08:14,11397-11406,,11,52,IEEE Trans. Cybern.,Bridging the Micro and Macro,,,,,,,en,https://ieeexplore.ieee.org/Xplorehelp/downloads/license-information/IEEE.html,,,,DOI.org (Crossref),,,,C:\Users\Thiago\Zotero\storage\I5PT6DG9\Ye et al. - 2022 - Bridging the Micro and Macro Calibration of Agent-Based Model Using Mean-Field Dynamics.pdf,,Agent-based model (ABM); calibration; Markovian process,,,,,,,
DGIAFKV7,journalArticle,2015,"Yang, Yong; Auchincloss, Amy H.; Rodriguez, Daniel A.; Brown, Daniel G.; Riolo, Rick; Diez-Roux, Ana V.",Modeling spatial segregation and travel cost influences on utilitarian walking: Towards policy intervention,"Hybrid, Empirical (macro)",Decision Support / Policy Evaluation,Exploratory / Scenario-based,"Computers, Environment and Urban Systems",,1989715,10.1016/j.compenvurbsys.2015.01.007,https://linkinghub.elsevier.com/retrieve/pii/S0198971515000216,"We develop an agent-based model of utilitarian walking and use the model to explore spatial and socioeconomic factors affecting adult utilitarian walking and how travel costs as well as various educational interventions aimed at changing attitudes can alter the prevalence of walking and income differentials in walking. The model is validated against US national data. We contrast realistic and extreme parameter values in our model and test effects of changing these parameters across various segregation and pricing scenarios while allowing for interactions between travel choice and place and for behavioral feedbacks. Results suggest that in addition to income differences in the perceived cost of time, the concentration of mixed land use (differential density of residences and businesses) are important determinants of income differences in walking (high income walk less), whereas safety from crime and income segregation on their own do not have large inﬂuences on income differences in walking. We also show the difﬁculty in altering walking behaviors for higher income groups who are insensitive to price and how adding to the cost of driving could increase the income differential in walking particularly in the context of segregation by income and land use. We show that strategies to decrease positive attitudes towards driving can interact synergistically with shifting cost structures to favor walking in increasing the percent of walking trips. Agent-based models, with their ability to capture dynamic processes and incorporate empirical data, are powerful tools to explore the inﬂuence on health behavior from multiple factors and test policy interventions.",Cecília,2015-05,2026-03-17 22:08:17,2026-03-17 22:31:15,2026-03-17 22:08:17,59-69,,,51,"Computers, Environment and Urban Systems",Modeling spatial segregation and travel cost influences on utilitarian walking,,,,,,,en,,,,,DOI.org (Crossref),,,,C:\Users\Thiago\Zotero\storage\UQUGHF9E\Yang et al. - 2015 - Modeling spatial segregation and travel cost influences on utilitarian walking Towards policy inter.pdf,,Agent-based model; Spatial segregation; Behavior feedback; Socioeconomic disparities; Travel costs; Utilitarian walking,,,,,,,
GT7SKS3H,preprint,2025,"Yang, Senqi; Dane, Gamze; Arentze, Theo",An Agent-Based Model to Simulate Pedestrians’ Affective Experiences and Activities for Evaluating Urban Public Space Design,Hybrid,Decision Support / Policy Evaluation,"Exploratory / Scenario-based, Regression / Statistical Inference",,,,10.2139/ssrn.5090580,https://www.ssrn.com/abstract=5090580,"As urban development increasingly emphasizes creating healthy and inclusive environments to foster positive human-environment interactions and wellbeing, pedestrians’ affective experiences and activity choices are gaining attention as important indicators for design evaluation. While many computational models of pedestrians focus on travel behavior and spatial efficiency, they often overlook the experiential quality of environments, which is critical for urban public spaces. This study proposes an agent-based model (ABM) to simulate pedestrians’ affective experiences, perceptions, and activities in public spaces, offering insights for experiencecentered design decisions. Grounded on a theoretical framework of human-environment interaction, the model is calibrated using estimates from previous experiments. The ABM integrates affective computing, including emotion generation and its effects, while accounting for individual heterogeneity in initial conditions and activity choices. Applied in two cases, the ABM demonstrates its ability to simulate diverse pedestrian responses to design interventions. The results reveal design features that enhance affective experiences, promote diverse activities and optimize space use, highlighting differences between cognitively and emotionally driven individuals. Initially developed for train station areas, this ABM can be expanded to broader urban contexts, serving as a tool for evaluating the experiential quality of public spaces, contributing to urban digital twins for citizens.",Cecília,2025,2026-03-17 22:08:19,2026-03-17 22:08:19,2026-03-17 22:08:19,,,,,,,,,,,SSRN,,en,,,,,DOI.org (Crossref),,,,C:\Users\Thiago\Zotero\storage\CY9X6PBL\Yang et al. - 2025 - An Agent-Based Model to Simulate Pedestrians’ Affective Experiences and Activities for Evaluating Ur.pdf,,,,,,,,,
RH33HE9A,journalArticle,2019,"Watts, Joshua; Morss, Rebecca E.; Barton, C. Michael; Demuth, Julie L.",Conceptualizing and implementing an agent-based model of information flow and decision making during hurricane threats,Hybrid,Explanatory,Local (OAT/OFAT),Environmental Modelling & Software,,13648152,10.1016/j.envsoft.2019.104524,https://linkinghub.elsevier.com/retrieve/pii/S1364815218309472,"This article introduces an agent-based modeling laboratory for investigating how evolving hazard information, propagated through forecaster, media, public official, and peer information networks, affects patterns of public protective-action decisions during hurricane threats. The model, called CHIME ABM, provides a platform for integrating atmospheric science, social science, and computer and information science knowledge and data to explore the complex socio-ecological dynamics of modern hazard information and decision systems from a new perspective. First, the model’s interdisciplinary conceptualization and implementation is described. Results are then presented from experiments demonstrating the model’s behaviors and comparing patterns of evacuation decisions when key agent parameters and the geographical population distribution, forecast skill, and storm are varied. The article illustrates how this type of theoretically and empirically informed digital laboratory can be used to develop new insights into the interactions among environmental hazards, information flow, protective decisions, and societal outcomes.",Cecília,2019-12,2026-03-17 21:46:41,2026-03-17 22:31:20,2026-03-17 22:08:21,104524,,,122,Environmental Modelling & Software,,,,,,,,en,,,,,DOI.org (Crossref),,,,C:\Users\Thiago\Zotero\storage\5B8GYPRB\Watts et al. - 2019 - Conceptualizing and implementing an agent-based model of information flow and decision making during.pdf,,,,,,,,,
SMFPH3KR,journalArticle,2023,"Wang, Yun; Fan, Shilong; Sun, Xiaohua; Liu, Xiaoling",Investigating the deployment of initial public charging infrastructure: Planning-based VS market-based approaches,Hybrid,Explanatory,"Local (OAT/OFAT), Exploratory / Scenario-based",Transportation Research Part D: Transport and Environment,,13619209,10.1016/j.trd.2023.103755,https://linkinghub.elsevier.com/retrieve/pii/S1361920923001529,"An efficient planning of public charging infrastructure is crucial for the uptake of electric vehicles, which requires not only the cost-effectiveness of charging infrastructure construction, but also the effects in accelerating the process of EV promotion. However, the existing studies on the layout of public charging facilities have rarely taken both of these aspects into account. This study aimed to enrich the available literature by evaluating planning-based versus market-based approaches to installing charging piles and optimizing the scheme for initially deploying public charging infrastructure. An agent-based model that integrated the individual heterogeneity of manufacturers and consumers was constructed, with parameter settings that were defined based on the Chinese market. The impact of the initial deployment of public charging piles was compared in terms of planning-based and market-based strategies. The main results indicated a significantly positive effect of public charging piles construction. The market share of passenger EVs at 2040 could increase from 23.58% to 39.38% at most compared to the baseline scenario. Among the two approaches to deploying charging piles, the planning-based strategy proved superior in cultivating a niche market; however, the market-based approach was more cost-efficient from the perspective of long-term market cultivation, allowing savings of up to 14.2% of the investment costs. The study findings provide new evidence and policy implications for the long-term promotion of electric vehicles.",Cecília,2023-06,2026-03-17 21:45:33,2026-03-17 22:31:21,2026-03-17 22:08:23,103755,,,119,Transportation Research Part D: Transport and Environment,Investigating the deployment of initial public charging infrastructure,,,,,,,en,,,,,DOI.org (Crossref),,,,C:\Users\Thiago\Zotero\storage\MT2NXB89\Wang et al. - 2023 - Investigating the deployment of initial public charging infrastructure Planning-based VS market-bas.pdf,,,,,,,,,
HQVSD99X,journalArticle,2025,"Wang, Mei; Liu, Songyuan; Liu, Jiageng; Li, Zhengjun",Agent-based modeling of firm's heterogeneous preferences: Implications for trading and technology adoption in electricity-carbon markets,Hybrid,Decision Support / Policy Evaluation,"Local (OAT/OFAT), Regression / Statistical Inference",Energy Economics,,1409883,10.1016/j.eneco.2025.108688,https://linkinghub.elsevier.com/retrieve/pii/S0140988325005158,"Firm preference and behavior significantly influence carbon market performance and emission reduction efficiency. This paper develops an electricity‑carbon coupled market model, integrating Agent-Based Modeling (ABM) and Multi-Agent Reinforcement Learning (MARL), to analyze the trading and investment behavior of heterogeneous firms in carbon markets. Using calibrated data from China’s energy markets, the study uncovers four key findings. First, “compliance-based trading” behavior drives carbon price and volume surges near compliance deadlines. Second, large firms, with financial and technical advantages, act as first movers in adopting low-carbon technologies. Third, longer payback period reduces carbon prices but promote technological innovation, while stronger technology-oriented expectations boost trading activity, prices, and innovation. Fourth, trading preferences shape market outcomes: arbitrage firms increase short-term price volatility, risk-hedge firms stabilize markets and lead in innovation, and speculative firms strike a balance between price impacts and moderate innovation. Policy recommendations include extending payback period to ease financial pressures and encourage technology diffusion, leveraging large firms’ resources while supporting smaller firms with fiscal incentives, and regulating arbitrage behavior during compliance periods to stabilize carbon markets.",Cecília,2025-08,2026-03-17 21:36:01,2026-03-17 22:31:23,2026-03-17 22:08:26,108688,,,148,Energy Economics,Agent-based modeling of firm's heterogeneous preferences,,,,,,,en,,,,,DOI.org (Crossref),,,,C:\Users\Thiago\Zotero\storage\LRRRYV4F\Wang et al. - 2025 - Agent-based modeling of firm's heterogeneous preferences Implications for trading and technology ad.pdf,,,,,,,,,
FTYALU6B,journalArticle,2016,"Van Asselt, Esther; Osinga, Sjoukje; Bremmers, Harry",Simulating compliance behaviour for effective inspection strategies using agent based modelling,"Hybrid, ""Expert-based (qualitative, interview, participatory)""",Decision Support / Policy Evaluation,Local (OAT/OFAT),British Food Journal,,0007-070X,10.1108/BFJ-05-2015-0175,http://www.emerald.com/bfj/article/118/4/809-823/65014,"Purpose               – The purpose of this paper is to simulate compliance behaviour of entrepreneurs in the Netherlands based on the Table of Eleven: 11 factors determining compliance (based on economic, cognitive, social and institutional factors).                                         Design/methodology/approach               – An Agent-Based Model (ABM) was developed that could incorporate both individual and group behaviour and allowed to evaluate the effect of various intervention strategies. For this purpose, a case study on the compliance of pig farmers with antibiotics legislation in the Netherlands was used.                                         Findings               – The effect of social factors (acceptance of legislation and social influence) on compliance levels was tested as well as the number of inspectors. This showed that the model can help to choose the most optimal intervention strategy depending on the input parameters.                                         Research limitations/implications               – Further expansion of the model may be necessary, e.g. including economic factors, in order to reflect real-life situations more closely.                                         Practical implications               – The model can be used by inspection services to effectively implement their control programme.                                         Originality/value               – The developed ABM is a first attempt to simulate compliance behaviour and as such contributes to the current limited knowledge on effective intervention strategies.",Cecília,2016-04-04,2026-03-17 22:08:27,2026-03-17 22:31:26,2026-03-17 22:08:27,809-823,,4,118,,,,,,,,,en,https://www.emerald.com/insight/site-policies,,,,DOI.org (Crossref),,,,C:\Users\Thiago\Zotero\storage\R7HFSSUD\Van Asselt et al. - 2016 - Simulating compliance behaviour for effective inspection strategies using agent based modelling.pdf,,Agent-based modelling; Compliance; Food safety; Inspection strategy,,,,,,,
W2BM5DQK,journalArticle,2016,"Ulloa, Roberto",CulSim: A simulator of emergence and resilience of cultural diversity,Theoretical (literature),Theoretical / Illustrative,NA,SoftwareX,,23527110,10.1016/j.softx.2016.07.005,https://linkinghub.elsevier.com/retrieve/pii/S2352711016300206,"CulSim is an agent-based computer simulation software that allows further exploration of influential and recent models of emergence of cultural groups grounded in sociological theories. CulSim provides a collection of tools to analyze resilience of cultural diversity when events affect agents, institutions or global parameters of the simulations; upon combination, events can be used to approximate historical circumstances. The software provides a graphical and text-based user interface, and so makes this agent-based modeling methodology accessible to a variety of users from different research fields.",Cecília,2016,2026-03-17 22:08:29,2026-03-17 22:31:28,2026-03-17 22:08:29,150-155,,,5,SoftwareX,CulSim,,,,,,,en,,,,,DOI.org (Crossref),,,,C:\Users\Thiago\Zotero\storage\4ZB3XE4X\Ulloa - 2016 - CulSim A simulator of emergence and resilience of cultural diversity.pdf,,Agent-based models; Cultural diversity; Cultural resilience; Cultural simulations,,,,,,,
57VHNYL3,journalArticle,2015,"Tsai, Yushiou; Zia, Asim; Koliba, Christopher; Bucini, Gabriela; Guilbert, Justin; Beckage, Brian",An interactive land use transition agent-based model (ILUTABM): Endogenizing human-environment interactions in the Western Missisquoi Watershed,"Empirical (micro), Empirical (macro)",Decision Support / Policy Evaluation,Exploratory / Scenario-based,Land Use Policy,,2648377,10.1016/j.landusepol.2015.07.008,https://linkinghub.elsevier.com/retrieve/pii/S0264837715002173,"Forest Transition Theory (FTT) suggests that reforestation may follow deforestation as a result of and interplay between changing social, economic and ecological conditions. We develop a simplistic but empirically data driven land use transition agent-based modeling platform, interactive land use transition agent-based model (ILUTABM), that is able to reproduce the observed land use patterns and link the forest transition to parcel-level heuristic-based land use decisions and ecosystem service (ES). The ILUTABM endogenously links landowners’ land use decisions with ecosystem services (ES) provided by the lands by treating both lands and landowners as interacting agents. The ILUTABM simulates both the land use changes resulting from farmers’ decision behaviors as well as the recursive effects of changing land uses on farmers’ decision behaviors. The ILUTABM is calibrated and validated at 30 m × 30 m spatial resolution using National Land Cover Data (NLCD) 1992, 2001 and 2006 across the western Missisquoi watershed, which is located in the north-eastern US with an estimated area of 283 square kilometers and 312 farmers farming on 16% of the total Missisquoi watershed area. This study hypothesizes that farmers’ land use decisions are made primarily based on their summed expected utilities and that impacts of exogenous socio-economic factors, such as natural disasters, public policies and institutional/social reforms, on farmers’ expected utilities can signiﬁcantly inﬂuence the land use transitions between agricultural and forested lands. Monte Carlo experiments under six various socio-economic conditions combined with different ES valuation schemes are used to assess the sensitivities of the ILUTABM. Goodness-of-ﬁt measures conﬁrm that the ILUTABM is able to reproduce 62% of the observed land use transitions. However, the spatial patterns of the observed land used transitions are more clustered than the simulated counterparts. We ﬁnd that, when farmers value food provisioning Ecosystem Services (ES) more than other ES (e.g., soil and water regulation), deforestation is observed. However, when farmers value less food provisioning than other ES or they value food provisioning and other ES equally, the forest transition is observed. The ILUTABM advances the Forest Transition Theory (FTT) framework by endogenizing the interactions of socio-ecological feedbacks and socio-economic factors in a generalizable model that can be calibrated with empirical data.",Cecília,2015-12,2026-03-17 22:08:31,2026-03-17 22:31:30,2026-03-17 22:08:31,161-176,,,49,Land Use Policy,An interactive land use transition agent-based model (ILUTABM),,,,,,,en,,,,,DOI.org (Crossref),,,,C:\Users\Thiago\Zotero\storage\3KC8UTNU\Tsai et al. - 2015 - An interactive land use transition agent-based model (ILUTABM) Endogenizing human-environment inter.pdf,,Agent-based model; Coupled natural and human system; Land use simulation; Monte Carlo experiment,,,,,,,
LTLYT778,journalArticle,2022,"Tian, Ye; Li, Yudi; Sun, Jian",Stick or carrot for traffic demand management? Evidence from experimental economics,Empirical (micro),"Exploratory, Decision Support / Policy Evaluation",Exploratory / Scenario-based,Transportation Research Part A: Policy and Practice,,9658564,10.1016/j.tra.2022.04.010,https://linkinghub.elsevier.com/retrieve/pii/S0965856422000982,"The debate between stick (penalties) and carrot (rewards) strategies has been widely carried out in various academic realms, including transportation. This paper seeks to compare the instantaneous and longitudinal effectiveness of a traditional penalty-based congestion pricing strategy and an innovative Incentive-Based Traffic Demand Management (IBTDM) strategy using an online interactive laboratory experiment focused on departure time choice. We also investigate the social-economic phenomena of loss aversion and risk aversion. The experimental results show that penalties and rewards can both positively induce sustainable travel behavior. The stronger demand-shifting performance of the penalty-based strategy at first demonstrates that ‘loss aversion’ does exist in TDM, at least initially. However, this loss aversion weakens as the experiment continues, which verifies the myopic loss aversion theory. Moreover, risky decision-making in the gambling games proves the existence of risk seeking, which violates the ‘certainty effect’. To overcome the disadvantage of laboratory experiment that participants need to accomplish the experiment all in once for considerably long time, an agent-based model is calibrated based on real participants’ behavior to further verify the long-term effectiveness of penalties and rewards, and to verify the effectiveness of other optimized penalty/reward schemes. The simulated results based on the agent-based model indicate that the theoretical optimal penalty scheme performs better in general in congestion alleviation, while a more reasonable reward scheme that considers psychological factors can achieve the same effectiveness in terms of total system travel time reduction. The findings of this research can be used to guide the design of TDM strategies, and the behavioral data collection approach based on our laboratory experiment is portable for future studies.",Cecília,2022-06,2026-03-17 22:08:33,2026-03-17 22:31:32,2026-03-17 22:08:33,235-254,,,160,Transportation Research Part A: Policy and Practice,Stick or carrot for traffic demand management?,,,,,,,en,,,,,DOI.org (Crossref),,,,C:\Users\Thiago\Zotero\storage\LA8ZK5VS\Tian et al. - 2022 - Stick or carrot for traffic demand management Evidence from experimental economics.pdf,,Departure Time Choice; Experimental Economics; Loss Aversion; Penalty; Reward; Traffic Demand Management,,,,,,,
S3IHVC6G,journalArticle,2017,"Thomas, Herschel F.",Modeling contagion in policy systems,Theoretical (literature),"Exploratory, Decision Support / Policy Evaluation",Local (OAT/OFAT),Cognitive Systems Research,,13890417,10.1016/j.cogsys.2017.03.003,https://linkinghub.elsevier.com/retrieve/pii/S1389041716301176,"Scholars of the policy process oﬀer compelling explanations for patterns in the aggregate-level attention of policymakers. Yet, we have little systematic understanding of the day-to-day behavior of these individuals. Why does a given policymaker, on a given day, decide to focus on one pressing issue while ignoring many others? I approach this question from a cognitive systems perspective and argue that policymakers are highly interdependent actors who are subject to cognitive limits and have incentives to closely monitor the political environment. These tendencies contribute to the emergence of widespread herd behavior in their individual attention to policy issues, a phenomenon I conceptualize as ‘issue contagion.’ I then utilize the methods of computational social science to build an agentbased simulation model of policymakers’ issue attention over time. I also outline three empirical expectations regarding the density of communication ties between actors, the presence of segmented groups (e.g. political parties and coalitions), and the rate at which actors take cues from one another. Through a series of sensitivity tests, I document the internal validity of the model and show that incremental changes in network density, segmentation, and cue-taking all generate clear and visible trends in the frequency of issue contagion events.",Cecília,2017-08,2026-03-17 22:08:37,2026-03-17 22:31:34,2026-03-17 22:08:37,74-88,,,44,Cognitive Systems Research,,,,,,,,en,,,,,DOI.org (Crossref),,,,C:\Users\Thiago\Zotero\storage\PKWD42E9\Thomas - 2017 - Modeling contagion in policy systems.pdf,,Simulation; Agent-based modeling; Contagion; Agenda-setting; Issue attention,,,,,,,
ZI87HVEZ,journalArticle,2019,"Korkmaz Tan, Rabia; Bora, Şebnem",Adaptive parameter tuning for agent-based modeling and simulation,"Theoretical (literature), ""Synthetic (machine learning, AI, other)""",Theoretical / Illustrative,Metamodeling / Surrogate,SIMULATION,,"0037-5497, 1741-3133",10.1177/0037549719846366,https://journals.sagepub.com/doi/10.1177/0037549719846366,"The purpose of this study was to solve the parameter-tuning problem of complex systems modeled in an agent-based modeling and simulation environment. As a good set of parameters is necessary to demonstrate the target behavior in a realistic way, modeling a complex system constitutes an optimization problem that must be solved for systems with large parameter spaces. This study presents a three-step hybrid parameter-tuning approach for agent-based models and simulations. In the first step, the problem is defined; in the second step, a parameter-tuning process is performed using the following meta-heuristic algorithms: the Genetic Algorithm, the Firefly Algorithm, the Particle Swarm Optimization algorithm, and the Artificial Bee Colony algorithm. The critical parameters of the meta-heuristic algorithms used in the second step are tuned using the adaptive parameter-tuning method. Thus, new meta-heuristic algorithms are developed, namely, the Adaptive Genetic Algorithm, the Adaptive Firefly Algorithm, the Adaptive Particle Swarm Optimization algorithm, and the Adaptive Artificial Bee Colony algorithm. In the third step, the control phase, the algorithm parameters obtained via the adaptive parameter-tuning method and the parameter values of the model obtained from the metaheuristic algorithms are manually provided to the developed tool performing the parameter-tuning process and they are tested. The best results are achieved when the meta-heuristic algorithms that were successful in the optimization process are used with their critical parameters adjusted for optimum results. The proposed approach is tested by using the Predator–Prey model, the Eight Queens model, and the Flow Zombies model, and the results are compared.",Cecília,2019-09,2026-03-17 22:08:39,2026-03-17 22:31:38,2026-03-17 22:08:39,771-796,,9,95,SIMULATION,,,,,,,,en,,,,,DOI.org (Crossref),,,,C:\Users\Thiago\Zotero\storage\JMIFYBZG\Korkmaz Tan e Bora - 2019 - Adaptive parameter tuning for agent-based modeling and simulation.pdf,,Agent-based modeling; parameter tuning; adaptive meta-heuristic algorithms; meta-heuristic algorithms,,,,,,,
X36IXDNW,journalArticle,2025,"Tarne, Ruben; Bezemer, Dirk",Roof or real estate? An agent-based model of housing affordability in The Netherlands,Hybrid,Decision Support / Policy Evaluation,Exploratory / Scenario-based,Structural Change and Economic Dynamics,,0954349X,10.1016/j.strueco.2024.11.014,https://linkinghub.elsevier.com/retrieve/pii/S0954349X24001760,"Housing shortages in monetary economies are defined by affordability, which is the balance between income, savings and borrowing to access housing on one hand and purchase prices and rents, providing access, on the other. Yet analysis often confuses (monetary) affordability with (real) supply shortages. In a heterogeneous-agent housing market model calibrated on survey data, we analyse the housing affordability crisis in the Netherlands since around 2015. We find trade-offs between shocks to the housing supply, to interest rates and to banks’ loanto-value norms by estimating their effects on house prices. Financial and monetary policies are alternatives to supply responses in reducing cyclical house price peaks and average house prices and increasing affordability.",Cecília,2025-03,2026-03-17 21:40:49,2026-03-17 22:31:37,2026-03-17 22:08:41,163-178,,,72,Structural Change and Economic Dynamics,Roof or real estate?,,,,,,,en,,,,,DOI.org (Crossref),,,,C:\Users\Thiago\Zotero\storage\RBD7FCQE\Tarne e Bezemer - 2025 - Roof or real estate An agent-based model of housing affordability in The Netherlands.pdf,,,,,,,,,
2CQNEHUB,journalArticle,2020,"Taghikhah, Firouzeh; Voinov, Alexey; Shukla, Nagesh; Filatova, Tatiana",Exploring consumer behavior and policy options in organic food adoption: Insights from the Australian wine sector,Hybrid,Decision Support / Policy Evaluation,Local (OAT/OFAT),Environmental Science & Policy,,14629011,10.1016/j.envsci.2020.04.001,https://linkinghub.elsevier.com/retrieve/pii/S1462901119314030,"Organic food has important environmental and health beneﬁts, decreasing the toxicity of agricultural production, improving soil quality, and overall resilience of farming. Increasing consumers’ demand for organic food reinforces the rate of organic farming adoption and the level of farmers' risk acceptance. Despite the recorded 20% growth in organically managed farmland, its global land area is still far less than expected, only 1.4%. Increasing demand for organic food is an important pathway towards sustainable food systems. We explore this consumer-centric approach by developing a theoretically- and empirically-grounded agent-based model. Three behavioral theories – theory of planned behavior, alphabet theory, and goal-framing – describe individual food purchasing decisions in response to policies. We take wine sector as an example to calibrate and validate the model for the case study of Sydney, Australia. The discrepancy between consumer intention and purchasing behavior for organic wine can be explained by a locked-in vicious cycle. We assess the eﬀectiveness of diﬀerent policies such as wine taxation, and informational-education campaigns to inﬂuence consumer choices. The model shows that these interventions are non-additive: raising consumer awareness and increasing tax on less environmentally friendly wines simultaneously is more successful in promoting organic wine than the sum of the two policies introduced separately. The phenomenon of undercover altruism ampliﬁes the preference for organic wine, and the tipping point occurs at around 35% diﬀusion rate in the population. This research suggests policy implications to help decision-makers in the food sector make informed decisions about organic markets.",Cecília,2020-07,2026-03-17 21:46:27,2026-03-17 22:33:59,2026-03-17 22:08:43,116-124,,,109,Environmental Science & Policy,Exploring consumer behavior and policy options in organic food adoption,,,,,,,en,,,,,DOI.org (Crossref),,,,C:\Users\Thiago\Zotero\storage\23Q8BTHP\Taghikhah et al. - 2020 - Exploring consumer behavior and policy options in organic food adoption Insights from the Australia.pdf,,,,,,,,,
YIHN552W,journalArticle,2021,"Sun, Lisha; Lubkeman, David",Agent-Based Modeling of Feeder-Level Electric Vehicle Diffusion for Distribution Planning,Hybrid,Decision Support / Policy Evaluation,Exploratory / Scenario-based,IEEE Transactions on Smart Grid,,"1949-3053, 1949-3061",10.1109/TSG.2020.3013641,https://ieeexplore.ieee.org/document/9154470/,"Faced with a rapidly growing electric vehicle (EV) load, distribution planners need a methodology to forecast when and where these loads will likely appear on speciﬁc distribution feeders. This paper proposes a new diffusion forecasting approach for residential EV and charging stations using agent-based modeling. Residential EV adoption is treated as a multi-criteria decision making problem modeled via analytic hierarchy process (AHP). The customer adoption model CANE is developed considering customer characteristics including car age, EV attractiveness valued using logistic regression, neighbor inﬂuences and customer economics. Distribution feeder topology is combined with property geographic information system (GIS) parcels and household travel survey data to determine geographic and electric locations for EV and charging stations. A Monte Carlo method is utilized to obtain the most likely outcome of the stochastic vehicle decision-making process and perform model calibration. The proposed diffusion forecasting approach is demonstrated using actual distribution feeder data. Using the diffusion results, EV impact on system annual peak, energy, losses, transformer aging and feeder upgrades is evaluated using quasi-static time-series power ﬂow analysis. Case analyses are presented that examine the effect of EV price and charging station placement on EV diffusion and distribution feeder impact.",Cecília,2021-01,2026-03-17 22:08:44,2026-03-17 22:33:57,2026-03-17 22:08:44,751-760,,1,12,IEEE Trans. Smart Grid,,,,,,,,en,https://ieeexplore.ieee.org/Xplorehelp/downloads/license-information/IEEE.html,,,,DOI.org (Crossref),,,,C:\Users\Thiago\Zotero\storage\IVYCXZTX\Sun e Lubkeman - 2021 - Agent-Based Modeling of Feeder-Level Electric Vehicle Diffusion for Distribution Planning.pdf,,Agent-based modeling; electric vehicle; Monte Carlo methods; distribution planning; logistic regression,,,,,,,
R4WFRWPN,journalArticle,2018,"Sturley, Charlotte; Newing, Andy; Heppenstall, Alison",Evaluating the potential of agent-based modelling to capture consumer grocery retail store choice behaviours,Empirical (micro),Descriptive / Phenomena-based,NA,"The International Review of Retail, Distribution and Consumer Research",,"0959-3969, 1466-4402",10.1080/09593969.2017.1397046,https://www.tandfonline.com/doi/full/10.1080/09593969.2017.1397046,"Evolving consumer behaviours with regards to store and channel choice, shopping frequency, shopping mission and spending heighten the need for robust spatial modelling tools for use within retail analytics. In this paper, we report on collaboration with a major UK grocery retailer to assess the feasibility of modelling consumer store choice behaviours at the level of the individual consumer. We benefit from very rare access to our collaborating retailers’ customer data which we use to develop a proof-of-concept agent-based model (ABM). Utilising our collaborating retailers’ loyalty card database, we extract key consumer behaviours in relation to shopping frequency, mission, store choice and spending. We build these observed behaviours into our ABM, based on a simplified urban environment, calibrated and validated against observed consumer data. Our ABM is able to capture key spatiotemporal drivers of consumer store choice behaviour at the individual level. Our findings could afford new opportunities for spatial modelling within the retail sector, enabling the complexity of consumer behaviours to be captured and simulated within a novel modelling framework. We reflect on further model development required for use in a commercial context for locationbased decision-making.",Cecília,2018-01,2026-03-17 22:08:46,2026-03-17 22:33:56,2026-03-17 22:08:46,27-46,,1,28,"The International Review of Retail, Distribution and Consumer Research",,,,,,,,en,,,,,DOI.org (Crossref),,,,C:\Users\Thiago\Zotero\storage\UWZZDCJR\Sturley et al. - 2018 - Evaluating the potential of agent-based modelling to capture consumer grocery retail store choice be.pdf,,Agent-based modelling; consumer behaviour; grocery retail; spatial interaction model; store choice,,,,,,,
PMAWT3LB,journalArticle,2016,"Stolz, Jörg",Opening the Black Box. How the Study of Social Mechanisms Can Benefit from the Use of Explanatory Mixed Methods,NA,NA,NA,Analyse & Kritik,,"2365-9858, 0171-5860",10.1515/auk-2016-0112,https://www.degruyter.com/document/doi/10.1515/auk-2016-0112/html,"Abstract             This article argues that analytical sociology an approach that attempts to study social mechanisms ‘without, black boxes’ can benefit from the use of explanatory mixed methods. Analytical sociologists mainly relate their theoretical and agent-based models to representative surveys and experiments. While their central claim is to find and test the actual mechanisms that have produced the explanandum. the mechanisms they postulate often remain speculative. Neither agent-based models, nor experiments or mainstream quantitative methods, give access to some of the central elements of the causal mechanisms and the relevant subjective and objective contextual parameters. One of the most important reasons for this lies in the fact that social reality is changing fast., characterized by strong diversity and complexified by the phenomenon of cultural meanings. I argue that by creating and testing the models of analytical sociology with explanatory mixed methods, researchers have the possibility of getting closer to their object of research and therefore of having the chance to create more valid explanations.",Cecília,2016-05-01,2026-03-17 22:08:48,2026-03-17 22:33:55,2026-03-17 22:08:48,257-286,,1,38,,,,,,,,,en,,,,,DOI.org (Crossref),,,,C:\Users\Thiago\Zotero\storage\RJ6ZRS7A\Stolz - 2016 - Opening the Black Box. How the Study of Social Mechanisms Can Benefit from the Use of Explanatory Mi.pdf,,,,,,,,,
2YHBUQVG,journalArticle,2025,"Sonnenschein, Tabea S.; Scheider, Simon; De Wit, G. Ardine; Woodcock, James; Vermeulen, Roel C.H.",Discovering environmental health effects of transport scenarios through agent-based simulations,Hybrid,Decision Support / Policy Evaluation,Exploratory / Scenario-based,Environment International,,1604120,10.1016/j.envint.2025.109866,https://linkinghub.elsevier.com/retrieve/pii/S0160412025006178,"Urban planning can help tackle environmental health issues. We demonstrate that agent-based simulation can discover unintended as well as intended environmental health effects and social inequalities of intervention scenarios. We developed, calibrated and validated UrbHealth-ABM, an empirically grounded agent-based model of Amsterdam The Netherlands, integrating data and models of individual mobility choices, traffic, air pollution, physical activity and personal exposure. We used the 2019 parking price increase as a natural experiment, confirming the models’ accuracy in predicting traffic reduction. Projections for the planned 2030 no emission zone show a significant reduction of nitrogen dioxide exposure for everyone and an increase in transport-related physical activity, especially for less affluent outer-city residents. However, disproportionate increases in their travel times raise equity concerns. Several 15-minutes city scenarios reveal that although driving may increase to distant destinations, nitrogen dioxide exposure decreases overall. Moreover, transportrelated physical activity might decrease in the Amsterdam context due to shorter active travel distances, but travel time savings could be used for mitigation strategies.",Cecília,2025-12,2026-03-17 22:08:50,2026-03-17 22:33:54,2026-03-17 22:08:50,109866,,,206,Environment International,,,,,,,,en,,,,,DOI.org (Crossref),,,,C:\Users\Thiago\Zotero\storage\663EBH3S\Sonnenschein et al. - 2025 - Discovering environmental health effects of transport scenarios through agent-based simulations.pdf,,Agent-based modeling; Urban planning; Exposome; Exposure modeling; Scenario modeling; Transport interventions,,,,,,,
64INF8ZX,journalArticle,2018,"Singh, Karandeep; Ahn, Chang-Won; Paik, Euihyun; Bae, Jang Won; Lee, Chun-Hee",A Micro-Level Data-Calibrated Agent-Based Model: The Synergy between Microsimulation and Agent-Based Modeling,Empirical (micro),"Predictive, Decision Support / Policy Evaluation","Local (OAT/OFAT), Exploratory / Scenario-based",Artificial Life,,"1064-5462, 1530-9185",10.1162/artl_a_00260,https://direct.mit.edu/artl/article/24/02/128-148/2895,"Artificial life (ALife) examines systems related to natural life, its processes, and its evolution, using simulations with computer models, robotics, and biochemistry. In this article, we focus on the computer modeling, or “soft,” aspects of ALife and prepare a framework for scientists and modelers to be able to support such experiments. The framework is designed and built to be a parallel as well as distributed agent-based modeling environment, and does not require end users to have expertise in parallel or distributed computing. Furthermore, we use this framework to implement a hybrid model using microsimulation and agent-based modeling techniques to generate an artificial society. We leverage this artificial society to simulate and analyze population dynamics using Korean population census data. The agents in this model derive their decisional behaviors from real data (microsimulation feature) and interact among themselves (agent-based modeling feature) to proceed in the simulation. The behaviors, interactions, and social scenarios of the agents are varied to perform an analysis of population dynamics. We also estimate the future cost of pension policies based on the future population structure of the artificial society. The proposed framework and model demonstrates how ALife techniques can be used by researchers in relation to social issues and policies.",Cecília,2018-05,2026-03-17 22:08:52,2026-03-17 22:33:52,2026-03-17 22:08:52,128-148,,2,24,Artificial Life,A Micro-Level Data-Calibrated Agent-Based Model,,,,,,,en,,,,,DOI.org (Crossref),,,,C:\Users\Thiago\Zotero\storage\95MQ6K2P\Singh et al. - 2018 - A Micro-Level Data-Calibrated Agent-Based Model The Synergy between Microsimulation and Agent-Based.pdf,,Agent-based modeling; Artificial life; Artificial society; Social simulation; Policy evaluation; Data-driven simulation; Microsimulation; Virtual society,,,,,,,
5T7CE42N,journalArticle,2025,"Shu, Xinyi; Ye, Chenlei; Xu, Zongxue; Liao, Ruting; Zhang, Silong",A multiscale physically-based approach to urban flood risk assessment using ABM and multi-source remote sensing data,Hybrid,Decision Support / Policy Evaluation,Global (Variance-based),International Journal of Disaster Risk Reduction,,22124209,10.1016/j.ijdrr.2025.105332,https://linkinghub.elsevier.com/retrieve/pii/S2212420925001566,,Cecília,2025-03,2026-03-17 21:39:41,2026-03-17 22:33:51,2026-03-17 22:08:53,105332,,,119,International Journal of Disaster Risk Reduction,,,,,,,,en,,,,,DOI.org (Crossref),,,,C:\Users\Thiago\Zotero\storage\VJJM9Q4Z\Shu et al. - 2025 - A multiscale physically-based approach to urban flood risk assessment using ABM and multi-source rem.pdf,,,,,,,,,
I5Z7BGZF,journalArticle,2023,"Shaaban, Mostafa; Voglhuber-Slavinsky, Ariane; Dönitz, Ewa; Macpherson, Joseph; Paul, Carsten; Mouratiadou, Ioanna; Helming, Katharina; Piorr, Annette",Understanding the future and evolution of agri-food systems: A combination of qualitative scenarios with agent-based modelling,Hybrid,Explanatory,Exploratory / Scenario-based,Futures,,163287,10.1016/j.futures.2023.103141,https://linkinghub.elsevier.com/retrieve/pii/S0016328723000459,"The agri-food system is a vital and complex social-ecological system characterized by interactions between humans and the environment. For such systems, qualitative scenarios (QS) can generate pictures of possible futures, which combined with quantitative modelling allow identifying pathways towards improved resilience and exploring system uncertainties. However, the interpretation of qualitative narratives into quantitative simulation parameters remains challenging due to system complexity. In this study, we translate QS into quantitative agent-based model (ABM) parameters and estimate the likelihood of each scenario in the evolved agri-food system in response to individual actions. We implement a five-step approach consisting of: i) the generation of the QS, ii) the parameterization of the ABM iii) the translation of scenario assumptions into ABM parameters, iv) the validation of our results via an expert workshop, v) the assessment of the scenarios in the evolved system. The results of an illustrative example reveal that, with the implementation of cropping diversification, the system will evolve to a combination of scenario 1, 2, 3 and 4 at probabilities of 9 %, 35 %, 30 % and 26 %, respectively, which change under different management options. Overall, we conclude that QS-ABM combination is a promising approach to provide robust quantitative projections of the agri-food system future.",Cecília,2023-05,2026-03-17 22:08:55,2026-03-17 22:33:50,2026-03-17 22:08:55,103141,,,149,Futures,Understanding the future and evolution of agri-food systems,,,,,,,en,,,,,DOI.org (Crossref),,,,C:\Users\Thiago\Zotero\storage\VBTRWU5C\Shaaban et al. - 2023 - Understanding the future and evolution of agri-food systems A combination of qualitative scenarios.pdf,,Ecosystem services; Capitals; Expert workshop; Foresight studies; Participatory modelling; Social-ecological system,,,,,,,
HMEPUQ2G,journalArticle,2016,"Scott, Nick; Livingston, Michael; Hart, Aaron; Wilson, James; Moore, David; Dietze, Paul","SimDrink: An Agent-Based NetLogo Model of Young, Heavy Drinkers for Conducting Alcohol Policy Experiments",Hybrid,Decision Support / Policy Evaluation,Global (Screening),Journal of Artificial Societies and Social Simulation,,1460-7425,10.18564/jasss.2943,http://jasss.soc.surrey.ac.uk/19/1/10.html,"Aggression and other acute harms experienced in the night-time economy are topics of significant public health concern. Although policies to minimise these harms are frequently proposed, there is often little evidence available to support their effectiveness. In particular, indirect and displacement effects are rarely measured. This paper describes a proof-of-concept agent-based model ‘SimDrink’, built in NetLogo, which simulates a population of 18-25 year old heavy alcohol drinkers on a night out in Melbourne to provide a means for conducting policy experiments to inform policy decisions. The model includes demographic, setting and situational-behavioural heterogeneity and is able to capture any unintended consequences of policy changes. It consists of individuals and their friendship groups moving between private, public-commercial (e.g. nightclub) and public-niche (e.g. bar, pub) venues while tracking their alcohol consumption, spending and whether or not they experience consumption-related harms (i.e. drink too much), are involved in verbal violence, or have difficulty getting home. When compared to available literature, the model can reproduce current estimates for the prevalence of verbal violence experienced by this population on a single night out, and produce realistic values for the prevalence of consumption-related and transport-related harms. Outputs are robust to variations in underlying parameters. Further work with policy makers is required to identify several specific proposed harm reduction interventions that can be virtually implemented and compared. This will allow evidence based decisions to be made and will help to ensure any interventions have their intended effects.",Cecília,2016,2026-03-17 22:08:57,2026-03-17 22:33:48,2026-03-17 22:08:57,10,,1,19,JASSS,SimDrink,,,,,,,en,,,,,DOI.org (Crossref),,,,"C:\Users\Thiago\Zotero\storage\ZJQ5K6LP\Scott et al. - 2016 - SimDrink An Agent-Based NetLogo Model of Young, Heavy Drinkers for Conducting Alcohol Policy Experi.pdf",,NetLogo; Agent-Based model; Alcohol; Heavy drinking; Night-Time economy; SimDrink,,,,,,,
MDVS3GZM,journalArticle,2025,"Scorrano, Mariangela; Danielis, Romeo",Simulating the uptake of electric motorized two-wheelers in Italy. An agent-based model parametrized with a discrete choice experiment,Hybrid,Decision Support / Policy Evaluation,Exploratory / Scenario-based,Case Studies on Transport Policy,,2213624X,10.1016/j.cstp.2025.101382,https://linkinghub.elsevier.com/retrieve/pii/S2213624X25000197,"Electric motorized two-wheelers (e-M2Ws) have the potential to reduce noise and air quality in urban environments. The paper develops an agent-based model, parametrized with a discrete choice experiment, to forecast e-M2Ws’ uptake in Italy. The application considers two market segments: mopeds and (seated) scooters. A scenario analysis is performed assessing the e-M2Ws prospects in different technological and policy scenarios. We find that electric mopeds enjoy a higher consumers’ acceptance than electric scooters. Our model predicts that they might play a relevant role in most scenarios, achieving in 2030 a market share ranging between 21.1 % and 44.2 %. On the contrary, electric scooters have much poorer prospects, achieving in 2030 a maximum of 5.5 % market share.",Cecília,2025-03,2026-03-17 21:39:42,2026-03-17 22:33:47,2026-03-17 22:08:59,101382,,,19,Case Studies on Transport Policy,,,,,,,,en,,,,,DOI.org (Crossref),,,,C:\Users\Thiago\Zotero\storage\RI6V6VM7\Scorrano e Danielis - 2025 - Simulating the uptake of electric motorized two-wheelers in Italy. An agent-based model parametrized.pdf,,,,,,,,,
CEWZT3LG,journalArticle,2025,"Russo, Vanessa; Andrighetto, Giulia; Maretti, Mara; Polizzi, Eugenia; Cecconi, Federico",Homophily and Insularity Dynamics in an Echo Chambers: Computational Models for the Study of the Conspiracy Subculture in Facebook,Hybrid,Explanatory,Exploratory / Scenario-based,Social Indicators Research,,"0303-8300, 1573-0921",10.1007/s11205-024-03461-1,https://link.springer.com/10.1007/s11205-024-03461-1,"The research focuses on developing a computational model (agent-based) to describe and analyse the structure and evolution of a conspiracy bubble within Facebook. The methodological framework relies on a hypothesis, previously validated in other digital contexts, asserting that user groups interested in conspiracy topics form not isolated cliques but rather constitute a subculture characterised by a system of “subjective understanding” (Tucker, W. T. (1965). Max Weber’s verstehen. Sociol Q, 6(2), 157–165) and specific interpretative categories (Russo & Cecconi, Russo, V., Cecconi, F. (2023). Collettivi digitali e cultura della disinformazione. Analisi di una bolla cospirazionista durante la pandemia di Covid-19. Sociologia Italiana, (22).; Barkun, Barkun, A culture of conspiracy: Apocalyptic visions in contemporary America, University of California Press, 2013; Grusauskaite et al., Grusauskaite et al., New Media & Society, 2023). In accordance with this hypothesis, the research design incorporates four types of entities: the conspiracy articles generated in the digital space, the websites where they come from, the public pages and groups where they are shared, and the users engaging with this content. The methodological process unfolds in two phases: (1) descriptive, data mining and analysis of the content and structure of a conspiracy bubble, along with the construction of a relational dataset; (2) experimental, development of the agent-based model, creation of scenarios, model validation, simulation, and subsequent data analysis. The research findings reveal a bubble comprising a singular component characterised by hub nodes functioning as cultural catalysts and specific interpretative categories shared among users. Simulation results show that the network fragments in response to changes in two article properties acting as ‘glue’: political orientation and the incitement of fear and hate.",Cecília,2025-07,2026-03-17 22:09:02,2026-03-17 22:33:44,2026-03-17 22:09:02,1297-1321,,3,178,Soc Indic Res,Homophily and Insularity Dynamics in an Echo Chambers,,,,,,,en,,,,,DOI.org (Crossref),,,,C:\Users\Thiago\Zotero\storage\75MYFN6J\Russo et al. - 2025 - Homophily and Insularity Dynamics in an Echo Chambers Computational Models for the Study of the Con.pdf,,ABM Simulation; Conspiracy subculture; Echo chambers; Social network analysis,,,,,,,
6EZSYD44,journalArticle,2017,"Roy, Debraj; Lees, Michael Harold; Pfeffer, Karin; Sloot, Peter M.A.",Modelling the impact of household life cycle on slums in Bangalore,Hybrid,Decision Support / Policy Evaluation,"Global (Variance-based), Local (OAT/OFAT)","Computers, Environment and Urban Systems",,1989715,10.1016/j.compenvurbsys.2017.03.008,https://linkinghub.elsevier.com/retrieve/pii/S0198971517301527,"According to the United Nations Human Settlements Program (UNHSP), the number of slum households in developing countries continues to grow by a higher proportion as compared to its encompassing city. Traditionally, policy makers have concentrated on population control strategies by focussing on birth rates and rural–urban migration to stem the growth and emergence of slums. However, these strategies have often failed to achieve the desired results. In the present paper we ﬁnd the key underlying processes that explains the observed differences in household life cycle between slum and non-slum households. We ﬁnd that the slum households when compared to nonslum urban households, exhibit a large variation in the household size over the course of their life cycle, which in turn leads to ineﬃciency while building slum resettlement colonies. We have developed an agent based model, namely DynaSlum, to identify the key social determinants that impact the behaviour of a slum household. We use a novel and unique dataset based on the ﬁeld work from 37 slums in Bangalore combined with the NFHS data to calibrate DynaSlum and validate our ﬁndings. This paper presents two major insights to address the challenges. First, we ﬁnd that high rate of home leaving among young adults is the key determinants for the large variation in the life cycle of slum households. Second, we show that reducing home leaving among young adults will reduce the formation number of new slum households and contribute to a higher but stable household size. This will lead to eﬃciency and higher per capita resource consumption when building capacity for slum development (resettlement colonies) as policy makers would be able to plan for a stable household size.",Cecília,2017-07,2026-03-17 22:09:04,2026-03-17 22:33:42,2026-03-17 22:09:04,275-287,,,64,"Computers, Environment and Urban Systems",,,,,,,,en,,,,,DOI.org (Crossref),,,,C:\Users\Thiago\Zotero\storage\DM5MSBXL\Roy et al. - 2017 - Modelling the impact of household life cycle on slums in Bangalore.pdf,,Agent-based models; Population dynamics; Home leaving; Household life cycle; Informal settlement; Slums,,,,,,,
EC9J3KL8,journalArticle,2024,"Ribeiro-Rodrigues, Evelin; Bortoleto, Ana Paula",A systematic review of agent-based modeling and simulation applications for analyzing pro-environmental behaviors,NA,NA,NA,Sustainable Production and Consumption,,23525509,10.1016/j.spc.2024.04.017,https://linkinghub.elsevier.com/retrieve/pii/S2352550924001143,"Understanding people's pro-environmental behavior (PEB) is central to environmental public policy effectiveness. The use of agent-based modeling and simulation (ABMS) to explore these behaviors is increasing in diverse research fields. This paper provides a systematic mapping study to analyze how ABMS has been applied to analyze PEBs. Fifty-six articles published between 2009 and 2021 from different knowledge areas are examined, reviewing each model for similarities and particularities. ABMS is a potential tool for simulating future scenarios to comprehend PEBs, especially in situations that cannot be empirically measured. The studies were investigated considering the behavioral theories, ABMS platform or computer language, simulation characteristics and features, computational model code transparency, and validation employed. Most reviewed studies focused on electric energy consumption or technologies to reduce future demand. However, other subjects, such as waste prevention, consumption, eating habits, and water use, still need to be explored. The theory of planned behavior (TPB) and social norms were the most prevalent behavioral theory and behavioral influence bases to simulate individuals. Still, many other behavioral assumptions are being implemented. Future research should analyze understudied PEBs using ABMS to support the simulation of more realistic scenarios in developing and underdeveloped countries. The conclusion shows the need for more detailed criteria descriptions to understand and replicate these models and how ethics can be an important feature for future ABMS experiments.",Cecília,2024-06,2026-03-17 21:42:54,2026-03-17 22:35:09,2026-03-17 22:09:06,343-362,,,47,Sustainable Production and Consumption,,,,,,,,en,,,,,DOI.org (Crossref),,,,C:\Users\Thiago\Zotero\storage\9QD8TNYC\Ribeiro-Rodrigues e Bortoleto - 2024 - A systematic review of agent-based modeling and simulation applications for analyzing pro-environmen.pdf,,,,,,,,,
KL4DP3UM,journalArticle,2025,"Ravaioli, Giacomo; Lamperti, Francesco; Roventini, Andrea; Domingos, Tiago",Tackling emissions and inequality: policy insights from an agent-based model,Hybrid,Decision Support / Policy Evaluation,"Regression / Statistical Inference, Exploratory / Scenario-based",Journal of Economic Behavior & Organization,,1672681,10.1016/j.jebo.2025.107188,https://linkinghub.elsevier.com/retrieve/pii/S0167268125003075,"Climate change and economic inequality are two critical and interlinked global challenges. The feasibility of jointly reducing greenhouse gas emissions and inequality has often been questioned. Here, we aim to test whether a properly designed mix of progressive and environmental fiscal policies can effectively reduce both while improving economic dynamics. We extend the DSK integrated-assessment agent-based model to combine an income class-based analysis of inequality with an improved accounting of emissions. We calibrate the model to the European Union and employ it to explore how fiscal policies can tackle the coevolution of income inequality and carbon emission. The results show that no single policy in our portfolio can simultaneously reduce inequality and emissions. Redistributing income increases aggregate consumption and hence emissions, whereas environmental taxes risk hampering economic growth and stability. In contrast, a combination of progressive fiscal policies, green subsidies to reduce carbon intensity of production and a mild carbon tax achieves both goals, while increasing employment, growth, stability and the consumption of low-income households. A potential trade-off emerges between increasing economic growth and reducing emissions, mediated by the extent to which green innovations lead to higher productivity. In conclusion, our results show that moving towards a sustainable and inclusive economy needs the co-design of distributive, innovation and mitigation policies.",Cecília,2025-09,2026-03-17 21:33:33,2026-03-17 22:35:08,2026-03-17 22:09:09,107188,,,237,Journal of Economic Behavior & Organization,Tackling emissions and inequality,,,,,,,en,,,,,DOI.org (Crossref),,,,C:\Users\Thiago\Zotero\storage\G9LBLD7C\Ravaioli et al. - 2025 - Tackling emissions and inequality policy insights from an agent-based model.pdf,,,,,,,,,
QKCY3HN8,journalArticle,2016,"Piera, M A; Buil, R; Ginters, E",State space analysis for model plausibility validation in multi-agent system simulation of urban policies,Hybrid,Decision Support / Policy Evaluation,Exploratory / Scenario-based,Journal of Simulation,,"1747-7778, 1747-7786",10.1057/jos.2014.42,https://www.tandfonline.com/doi/full/10.1057/jos.2014.42,,Cecília,2016-08,2026-03-17 22:09:11,2026-03-17 22:35:06,2026-03-17 22:09:11,216-226,,3,10,Journal of Simulation,,,,,,,,en,,,,,DOI.org (Crossref),,,,C:\Users\Thiago\Zotero\storage\26CX4MPT\Piera et al. - 2016 - State space analysis for model plausibility validation in multi-agent system simulation of urban pol.pdf,,model validation; agents; Petri net; state space,,,,,,,
ZW6243QR,journalArticle,2023,"Peng, Yechennan; Rodriguez Lopez, Juan Miguel; Santos, Alexandre Pereira; Mobeen, Muhammad; Scheffran, Jürgen","Simulating exposure-related human mobility behavior at the neighborhood-level under COVID-19 in Porto Alegre, Brazil","Empirical (micro), Empirical (macro)","Explanatory, Decision Support / Policy Evaluation",Exploratory / Scenario-based,Cities,,2642751,10.1016/j.cities.2022.104161,https://linkinghub.elsevier.com/retrieve/pii/S026427512200600X,"Modeling experts have been continually researching the interplay of human mobility and COVID-19 transmission since the outbreak of the pandemic. They tried to address this problem and support the control of the pandemic spreading at the national or regional levels. However, these modeling approaches had little success in producing empirically verifiable results at the neighborhood level due to a lack of data and limited representation of low spatial scales in the models. To fill this gap, this research aims to present an agent-based model to simulate human mobility choices in the context of COVID-19, based on social activities of individuals in the neighborhood. We apply the VIABLE model to the decision-making process of heterogeneous agents, who populate the system’s environment. The agents adapt their mobility and activities autonomously at each iteration to improve their well-being and respond to exposure risks. The study reveals significant temporal variations in mobility choices between the groups of agents with different vulnerability levels under the Covid-19 pandemic. Agents from the same group with similar economic backgrounds tend to select the same mobility patterns and activities leading to segregation at this low scale. We calibrated the model with a focus on Porto Alegre in Brazil.",Cecília,2023-03,2026-03-17 22:09:13,2026-03-17 22:35:05,2026-03-17 22:09:13,104161,,,134,Cities,,,,,,,,en,,,,,DOI.org (Crossref),,,,C:\Users\Thiago\Zotero\storage\TKCXEBVC\Peng et al. - 2023 - Simulating exposure-related human mobility behavior at the neighborhood-level under COVID-19 in Port.pdf,,Agent-based model; Mobility; Covid-19; Exposure; Segregation; Vulnerability,,,,,,,
AI4HRPBC,journalArticle,2023,"Pawar, Shubham; Jha, Ashutosh Kumar",Analysis of Residential Location Choices of Different Socio-Economic Groups and Their Impact on the Density in a City Using Agent Based Modelling,"Empirical (micro), Empirical (macro), ""Synthetic (machine learning, AI, other)""",Explanatory,Regression / Statistical Inference,Applied Spatial Analysis and Policy,,"1874-463X, 1874-4621",10.1007/s12061-022-09461-3,https://link.springer.com/10.1007/s12061-022-09461-3,"The complicated urban settlement pattern is the cause of many problems in the urban area. These settlement patterns can be understood by studying human decisions made while developing the land parcel. In this study, we have proposed an Agent Based Model (ABM) of residential location choice. The model takes social-economic information of households and the development suitability as input data. The household-level information is interpolated with census and annual health survey data using Iterative proportion fitting. The development suitability is generated by regression of development affecting parameters such as Road network, Water supply, Amenities, and Land Rates. ABM for residential location choices is simulated for 2003–2019 time period. For accuracy assessment, the predicted development is compared with actual development. The random forest regression-based model resulted with 60% accuracy and logistic regression model resulted with 53% accuracy. After comparing location suitability and residential choices of different social groups, a divide based on socio-economic status is seen in the city. The location of different amenities and services shapes the density and neighbourhood character of that area.",Cecília,2023-03,2026-03-17 22:09:14,2026-03-17 22:35:04,2026-03-17 22:09:14,119-139,,1,16,Appl. Spatial Analysis,,,,,,,,en,,,,,DOI.org (Crossref),,,,C:\Users\Thiago\Zotero\storage\DVYY6M85\Pawar e Jha - 2023 - Analysis of Residential Location Choices of Different Socio-Economic Groups and Their Impact on the.pdf,,Agent Based Modelling; Residential location choice; Settlement pattern,,,,,,,
XD3649LV,journalArticle,2025,"Pasimeni, Francesco; Ciarli, Tommaso",Coalitions for sustainable consumption: Understanding the emergence of shared ownership in an Agent-Based Model,Theoretical (literature),"Exploratory, Explanatory",Global (Variance-based),Journal of Economic Behavior & Organization,,1672681,10.1016/j.jebo.2025.107026,https://linkinghub.elsevier.com/retrieve/pii/S0167268125001453,"Sharing ownership of goods, like cars or drills, used by a single owner for a small fraction of their life-time, can mitigate environmental impacts. But are consumers ready to give up individual property rights on underutilised goods? We propose a simple model to study conditions favouring consumers purchasing a private good in coalition rather than individually. By exploring the model parameter space, encompassing characteristics and preferences of heterogeneous consumers, those of the private good and of a public service that offers the same service of the good, we identify the emergence of shared ownership. It predominantly occurs under niche conditions: among lower-income consumers with above-average demand, especially when the shared good is relatively small and purchasable in small coalitions — which have lower coordination challenges. Shared ownership reduces the net number of goods in an economy and production-related environmental impact, even in the absence of consumers’ sustainability concerns. Policies reducing the relative price of the shared purchase accelerate the transition to a more sustainable shared consumption. However, we do not find any impact of shared ownership in reducing inequality in accessing goods.",Cecília,2025-07,2026-03-17 22:09:16,2026-03-17 22:35:02,2026-03-17 22:09:16,107026,,,235,Journal of Economic Behavior & Organization,Coalitions for sustainable consumption,,,,,,,en,,,,,DOI.org (Crossref),,,,C:\Users\Thiago\Zotero\storage\A2FR5LDM\Pasimeni e Ciarli - 2025 - Coalitions for sustainable consumption Understanding the emergence of shared ownership in an Agent-.pdf,,Cooperation; Group formation; Shared ownership; Sustainable consumption,,,,,,,
WHESLKHB,journalArticle,2023,"Lu, Peng; Li, Yan; Wen, Feier; Chen, Dianhan",Social Knowledge Enhances Collective Safety: Computational Models and Simulations,Hybrid,Explanatory,Exploratory / Scenario-based,IEEE Transactions on Computational Social Systems,,"2329-924X, 2373-7476",10.1109/TCSS.2022.3163164,https://ieeexplore.ieee.org/document/9756916/,"Under common risks (such as mass shootings), people tend to be selﬁsh and not cooperative, which increases the deaths and injuries of civilians. If some are encouraged to ﬁght bravely against the shooters, the deaths and injuries can be reduced substantially. This forms social knowledge, which helps to enhance social safety. However, we cannot use ﬁeld experiments to calculate social knowledge and evaluate effects. Alternatively, we use an agent-based model to simulate real cases and use counterfactual outcomes to evaluate the beneﬁcial effect of social knowledge. We obtain the optimal solution (with the best matches), based on which we calculate and obtain the social knowledge matrix. Then, we add this matrix into simulations to infer social outcomes. It suggests that social safety has been enhanced substantially: the living chance of shooters has been reduced sharply; the civilian survival rate has been enhanced substantially; and the living chance of heroes themselves has been increased as well. Thus, social safety can be improved, and the effects can be evaluated by computational methods.",Cecília,2023-04,2026-03-17 22:09:18,2026-03-17 22:34:49,2026-03-17 22:09:18,807-818,,2,10,IEEE Trans. Comput. Soc. Syst.,Social Knowledge Enhances Collective Safety,,,,,,,en,https://ieeexplore.ieee.org/Xplorehelp/downloads/license-information/IEEE.html,,,,DOI.org (Crossref),,,,C:\Users\Thiago\Zotero\storage\RBY4RARY\Lu et al. - 2023 - Social Knowledge Enhances Collective Safety Computational Models and Simulations.pdf,,Agent-based model; Buildings; Terrorism; Sociology; Safety; Computational modeling; Injuries; counterforce; Logic gates; social knowledge; terrorism attacks,,,,,,,
RRAWHVGV,journalArticle,2019,"Ozbakan, Tolga A.; Kale, Serdar; Dikmen, Irem",Exploring House Price Dynamics: An Agent-Based Simulation with Behavioral Heterogeneity,Hybrid,"Explanatory, Decision Support / Policy Evaluation",Local (OAT/OFAT),Computational Economics,,"0927-7099, 1572-9974",10.1007/s10614-018-9850-5,http://link.springer.com/10.1007/s10614-018-9850-5,"The objective of this study is to contribute to the understanding of price formations in housing markets through an agent-based simulation that conceptualizes insights from behavioral economics. For this purpose, the study uses a prominent real estate market model as a benchmark and extends it to account for (1) behavioral heterogeneity and (2) dynamic agent interaction. The validation of the model is carried out by using real data from the Turkish housing market. The results show that the introduction of a ﬁtness-based behavior-switching regime with myopic agents improves the extent to which the observed market behavior can be replicated, in comparison to the benchmark model.",Cecília,2019-08,2026-03-17 22:09:19,2026-03-17 22:35:01,2026-03-17 22:09:19,783-807,,2,54,Comput Econ,Exploring House Price Dynamics,,,,,,,en,,,,,DOI.org (Crossref),,,,C:\Users\Thiago\Zotero\storage\8H2TZR2G\Ozbakan et al. - 2019 - Exploring House Price Dynamics An Agent-Based Simulation with Behavioral Heterogeneity.pdf,,Agent-based modeling; Behavioral economics; Evolutionary finance; House prices,,,,,,,
2XPZIYW2,journalArticle,2025,"Oswald, Yannick; Suchak, Keiran; Malleson, Nick",Agent-based models of the United States wealth distribution with Ensemble Kalman Filter,Empirical (macro),"Explanatory, Exploratory",Exploratory / Scenario-based,Journal of Economic Behavior & Organization,,1672681,10.1016/j.jebo.2024.106820,https://linkinghub.elsevier.com/retrieve/pii/S0167268124004347,"The distribution of wealth is central to economic, social, and environmental dynamics. The release of high-frequency distributional data and the rapid pace of the complex global economy makes ‘real-time’ predictions about the distribution of wealth and income increasingly relevant. For instance, during the COVID-19 pandemic in spring 2020, the stock markets experienced a crash followed by a surge within a brief period, evidently reshaping the wealth distribution in the US. Yet economic data, when first released, can be uncertain and need to be readjusted — again specifically so during crisis moments like the pandemic when information about household consumption and business returns is patchy and drastically different from ‘‘businessas-usual’’. Our motivation here is to develop one way of overcoming the problem of uncertain ‘real-time’ data and enable economic simulation methods, such as agent-based models, to accurately predict in ‘real-time’ when combined with newly released data. Therefore, we tested two distinct, parsimonious agent-based models of wealth distribution, calibrated with US data from 1990 to 2022, in conjunction with data assimilation. Data assimilation is essentially applied control theory — a set of algorithms aiming to improve model predictions by integrating ‘real-time’ observational data into a simulation. The algorithm we employed is the Ensemble Kalman Filter (EnKF), which performs well in the context of computationally expensive problems. Our findings reveal that while the base models already align well historically, the EnKF enables a superior fit to the data.",Cecília,2025-01,2026-03-17 22:09:21,2026-03-17 22:35:00,2026-03-17 22:09:21,106820,,,229,Journal of Economic Behavior & Organization,,,,,,,,en,,,,,DOI.org (Crossref),,,,C:\Users\Thiago\Zotero\storage\GTV7HF7J\Oswald et al. - 2025 - Agent-based models of the United States wealth distribution with Ensemble Kalman Filter.pdf,,Agent-based modelling; Data assimilation; Ensemble Kalman filter; Real-time prediction; Wealth inequality,,,,,,,
UQUK9PDK,journalArticle,2025,"Osorio-Antonia, José; Rivas-Tovar, Luis Arturo; Juárez-Pérez, Fredy",Simulation of Corn Production in Chicontepec Veracruz with Agent-Based Modeling,Hybrid,Descriptive / Phenomena-based,NA,Computación y Sistemas,,"2007-9737, 1405-5546",10.13053/cys-29-1-5293,https://www.cys.cic.ipn.mx/ojs/index.php/CyS/article/view/5293,"The objective of this research focused on the simulation of corn production in Chicontepec Veracruz, Mexico, over a period of 5 years, using Agent-Based Modeling with the high-level programming language NetLogo, which allows representing complex interactions between key factors such as: indigenous producers, government institutions at different levels. The complex systems research method made it possible to analyze and simulate the interactions of the parameters or variables: area planted, price per ton of corn, rainfall, fertilizer, government support, indigenous producers. The results found is that corn production in the indigenous municipality of Chicontepec Veracruz, Mexico is highly influenced by the availability of fertilizer inputs, seasonal rains for a more favorable yield, the implementation of crop rotation and adoption of sustainable technologies is indispensable. The findings: it is one of the important economic activities, although production is carried out in a rudimentary way, there is a lack of organization for a collective production that guarantees the recovery of the investment, the crop is rooted in their culture. The limitations encountered in the process of applying the field study are that the indigenous producers did not want to provide data due to the distrust generated by political campaigns.",Cecília,2025-04-01,2026-03-17 21:42:22,2026-03-17 22:34:59,2026-03-17 22:09:23,529-544,,1,29,CyS,,,,,,,,en,,,,,DOI.org (Crossref),,,,C:\Users\Thiago\Zotero\storage\2QGPFYPG\Osorio-Antonia et al. - 2025 - Simulation of Corn Production in Chicontepec Veracruz with Agent-Based Modeling.pdf,,,,,,,,,
M6SB5PYN,journalArticle,2022,"Noeldeke, Beatrice; Winter, Etti; Ntawuhiganayo, Elisée Bahati",Representing human decision-making in agent-based simulation models: Agroforestry adoption in rural Rwanda,Empirical (micro),Decision Support / Policy Evaluation,Regression / Statistical Inference,Ecological Economics,,9218009,10.1016/j.ecolecon.2022.107529,https://linkinghub.elsevier.com/retrieve/pii/S0921800922001914,"Advancing the transition towards more sustainable agriculture requires policy interventions that support farmers’ adoption of sustainable practices. Models can support policy-makers in developing and testing interventions. For these models to provide reliable support, their underlying assumptions need to reflect reality and hence adequately represent human decision-making. This study compares several approaches that represent human decision-making. The comparison is applied to farmers’ decision to adopt agroforestry. An agent-based simulation model is calibrated to a case study in rural Rwanda, where socio-economic survey data was collected from 145 small-scale farmers. Of these farmers, 72 were randomly selected to participate in a roleplaying game, during which the players decided about adopting agroforestry. The game was conducted to validate the tested decision-making approaches. The simulations show that the decision-making approaches predict significantly different agroforestry adoption rates. Compared with the role-playing game, the Theory of Planned Behaviour exhibits the highest validity. Rational choice theory and the econometric approach overestimate implementation. Bounded rationality approaches underestimate the share of adopters. The results highlight the importance of adequately representing farmers’ adoption decisions in models for providing reliable forecasts and effective policy support.",Cecília,2022-10,2026-03-17 22:09:26,2026-03-17 22:34:58,2026-03-17 22:09:26,107529,,,200,Ecological Economics,Representing human decision-making in agent-based simulation models,,,,,,,en,,,,,DOI.org (Crossref),,,,C:\Users\Thiago\Zotero\storage\AN535I5T\Noeldeke et al. - 2022 - Representing human decision-making in agent-based simulation models Agroforestry adoption in rural.pdf,,Agent-based modelling; Decision-making; Bounded rationality; Agroforestry adoption; Rational choice theory; Theory of planned behaviour,,,,,,,
HBLR5CDY,journalArticle,2021,"Nguyen, Hung Khanh; Chiong, Raymond; Chica, Manuel; Middleton, Richard H","Understanding the dynamics of inter-provincial migration in the Mekong Delta, Vietnam: an agent-based modeling study",Hybrid,Descriptive / Phenomena-based,NA,SIMULATION,,"0037-5497, 1741-3133",10.1177/0037549720975128,https://journals.sagepub.com/doi/10.1177/0037549720975128,"Recent large-scale migration flows from rural areas of the Mekong Delta (MKD) to larger cities in the South-East (SE) region of Vietnam have created the largest migration corridor in the country. This migration trend has further contributed to greater rural–urban disparities and widened the development gap between regions. In this study, our aim is to understand the migration dynamics and determine the most critical factors affecting the behavior of migrants in the MKD region. We present an agent-based model and incorporate the Theory of Planned Behavior to effectively break down migration intention into related components and contributing factors. A genetic algorithm is used for automated calibration and sensitivity analysis of model parameters, in order to validate our agent-based model. We further explore the migration behavior of people in certain demographic groups and delineate migration flows across cities and provinces from the MKD to the SE region.",Cecília,2021-04,2026-03-17 22:09:27,2026-03-17 22:34:56,2026-03-17 22:09:27,267-285,,4,97,SIMULATION,"Understanding the dynamics of inter-provincial migration in the Mekong Delta, Vietnam",,,,,,,en,,,,,DOI.org (Crossref),,,,"C:\Users\Thiago\Zotero\storage\WCYK322N\Nguyen et al. - 2021 - Understanding the dynamics of inter-provincial migration in the Mekong Delta, Vietnam an agent-base.pdf",,Agent-based modeling; genetic algorithm; Mekong Delta; migration,,,,,,,
FVBUNMQL,journalArticle,2024,"Min, Huiyu; Cao, Jiuxin; Ge, Jiawei; Liu, Bo",A Multi-Agent System for Fine-Grained Opinion Dynamics Analysis in Online Social Networks,Hybrid,Explanatory,NA,IEEE Transactions on Computational Social Systems,,"2329-924X, 2373-7476",10.1109/TCSS.2022.3219036,https://ieeexplore.ieee.org/document/9950702/,"The inﬂuence and dissemination of users’ opinions are the essence of the opinion dynamics in online social networks (OSNs). Understanding the process of users’ opinion formation and propagation can provide better service for public opinion monitoring and product advertising. However, most opinion dynamics research typically do not distinguish between user opinion formation and propagation, instead focusing on the process of mass opinion polarization. This article presents a multiagent system (MAS) to analyze ﬁne-grained opinion dynamics (FOD) by agent-based modeling (ABM). At the macro level, the MAS-FOD system we designed can produce a statistical analysis of public opinion evolution based on different parameter constellations and analyze the changes in personalized agent opinions. At the micro level, the agent-based model is presented to describe the single user in OSNs as an individualized agent in MAS-FOD. Speciﬁcally, we propose two mechanisms, agent-based opinion formation (AOF) mechanism and agent-based opinion propagation (AOP) mechanism, for agents to form and disseminate opinions, respectively. Meanwhile, multidimensional social inﬂuence features mining from self, local neighbors, and global topic community are deﬁned and used in two mechanisms to train personalized agents to self-adapt to the MAS-FOD system. We demonstrate the rationality and effectiveness of the MASFOD system from two types of experiments: empirical analysis and simulation analysis. The former is driven by empirical social network data to analyze the predictive performance of AOF; the latter simulates the public opinion propagation through the AOP mechanism in the MAS-FOD system. The results demonstrate that: 1) the AOF outperforms SOTA methods in the accuracy of agent opinion prediction; 2) the dissemination effect based on the AOP is more closer to the actual evolution trend of public opinion than the baseline; and 3) the MAS-FOD system can perform ﬁne-grained analysis of opinion dynamics by adjusting different parameters.",Cecília,2024-02,2026-03-17 22:09:29,2026-03-17 22:34:55,2026-03-17 22:09:29,815-828,,1,11,IEEE Trans. Comput. Soc. Syst.,,,,,,,,en,https://ieeexplore.ieee.org/Xplorehelp/downloads/license-information/IEEE.html,,,,DOI.org (Crossref),,,,C:\Users\Thiago\Zotero\storage\NC3RIQIM\Min et al. - 2024 - A Multi-Agent System for Fine-Grained Opinion Dynamics Analysis in Online Social Networks.pdf,,Agent-based modeling (ABM); opinion dynamics; public opinion; multiagent system (MAS); online social networks (OSNs),,,,,,,
LUU4CAWH,journalArticle,2020,"Meluso, John; Austin-Breneman, Jesse; Shaw, Lynette",An Agent-Based Model of Miscommunication in Complex System Engineering Organizations,Theoretical (literature),"Explanatory, Theoretical / Illustrative",Exploratory / Scenario-based,IEEE Systems Journal,,"1932-8184, 1937-9234, 2373-7816",10.1109/JSYST.2019.2940864,https://ieeexplore.ieee.org/document/8852702/,"Communication in engineering organizations affects the performance of the complex systems they design. Miscommunication occurs when communication results in a “deﬁciency” or “problem” that hinders parties from fulﬁlling their individual or collective values. A recent study demonstrated widespread miscommunication in a Fortune 500 engineering ﬁrm about the deﬁnition of “an estimate” in a complex system design context. Building on that work, this article used a Monte Carlo simulation (8800 runs) of an agent-based model to demonstrate how systemic design process miscommunication may affect complex system performance. Each run of the simulation created a unique 1000-artifact system using a network generation algorithm and converged its design through optimization. Systems where estimates communicated “current” designs outperformed systems where estimates communicated “future” projections of their designs instead. Varying the fraction of the population, which uses each deﬁnition of an estimate varied system performance and uncertainty. Whether related to estimate deﬁnitions or more generally, this article demonstrates that miscommunication may affect system performance.",Cecília,2020-09,2026-03-17 21:30:59,2026-03-17 22:34:53,2026-03-17 22:09:31,3463-3474,,3,14,IEEE Systems Journal,,,,,,,,en,https://ieeexplore.ieee.org/Xplorehelp/downloads/license-information/IEEE.html,,,,DOI.org (Crossref),,,,C:\Users\Thiago\Zotero\storage\ADGWMK2N\Meluso et al. - 2020 - An Agent-Based Model of Miscommunication in Complex System Engineering Organizations.pdf,,,,,,,,,
Z6KUUFGM,journalArticle,2015,"Magliocca, Nicholas; McConnell, Virginia; Walls, Margaret",Exploring sprawl: Results from an economic agent-based model of land and housing markets,Hybrid,"Decision Support / Policy Evaluation, Explanatory",Exploratory / Scenario-based,Ecological Economics,,9218009,10.1016/j.ecolecon.2015.02.020,https://linkinghub.elsevier.com/retrieve/pii/S0921800915000671,,Cecília,2015-05,2026-03-17 22:09:33,2026-03-17 22:34:52,2026-03-17 22:09:33,114-125,,,113,Ecological Economics,Exploring sprawl,,,,,,,en,,,,,DOI.org (Crossref),,,,C:\Users\Thiago\Zotero\storage\R5RWBIG9\Magliocca et al. - 2015 - Exploring sprawl Results from an economic agent-based model of land and housing markets.pdf,,Computational methods; Housing density; Land conversion; Urban fringe,,,,,,,
TPFD4D73,journalArticle,2018,"Lux, Thomas",Estimation of agent-based models using sequential Monte Carlo methods,Hybrid,Theoretical / Illustrative,NA,Journal of Economic Dynamics and Control,,1651889,10.1016/j.jedc.2018.01.021,https://linkinghub.elsevier.com/retrieve/pii/S0165188918300356,"Estimation of agent-based models is currently an intense area of research. Recent contributions have to a large extent resorted to simulation-based methods mostly using some form of simulated method of moments estimation (SMM). There is, however, an entire branch of statistical methods that should appear promising, but has to our knowledge never been applied so far to estimate agent-based models in economics and ﬁnance: Markov chain Monte Carlo methods designed for state space models or models with latent variables. This latter class of models seems particularly relevant as agent-based models typically consist of some latent and some observable variables since not all the characteristics of agents would mostly be observable. Indeed, one might often not only be interested in estimating the parameters of a model, but also to infer the time development of some latent variable. However, agent-based models when interpreted as latent variable models would be typically characterized by non-linear dynamics and non-Gaussian ﬂuctuations and, thus, would require a computational approach to statistical inference. Here we resort to Sequential Monte Carlo (SMC) estimation based on a particle ﬁlter. This approach is used here to numerically approximate the conditional densities that enter into the likelihood function of the problem. With this approximation we simultaneously obtain parameter estimates and ﬁltered state probabilities for the unobservable variable(s) that drive(s) the dynamics of the observable time series. In our examples, the observable series will be asset returns (or prices) while the unobservable variables will be some measure of agents’ aggregate sentiment. We apply SMC to two selected agent-based models of speculative dynamics with somewhat different ﬂavor. The empirical application to a selection of ﬁnancial data includes an explicit comparison of the goodness-of-ﬁt of both models.",Cecília,2018-06,2026-03-17 22:09:36,2026-03-17 22:34:51,2026-03-17 22:09:36,391-408,,,91,Journal of Economic Dynamics and Control,,,,,,,,en,,,,,DOI.org (Crossref),,,,C:\Users\Thiago\Zotero\storage\APZL68CS\Lux - 2018 - Estimation of agent-based models using sequential Monte Carlo methods.pdf,,Agent-based models; Markov chain Monte Carlo; Particle filter; Estimation,,,,,,,
ASNYK2Y8,journalArticle,2023,"Lu, Peng; Chen, Dianhan; Zhang, Gang; Ding, Jieying","Online attention dynamics: The triangle framework of theory, big data and simulations",Hybrid,Explanatory,Exploratory / Scenario-based,Expert Systems with Applications,,9574174,10.1016/j.eswa.2023.120900,https://linkinghub.elsevier.com/retrieve/pii/S0957417423014021,"In computational social science era, the theory, big data and simulations should be well combined and deeply integrated, and this work serves as a typical example. Online collective actions have great impacts to societies, and we focus on the life cycle pattern of coexisting multiple online cases. We propose the analysis framework of “Theory-Big Data-simulation” (TDS). The theory includes two essential action rules of netizens. We combined macro-level analysis (big data analysis) and micro-level behavior (agent-based modeling), to surpport the theory. For the big data, macro-level life cycle pattern (persistent) is caused by micro-level individual actions. For macrolevel verification, basic assumption is that netizens are allocating limited attentions to limited coexisting online events, which has been supported by our big data from the Weibo platform (N=197,985). For the micro-level, we use agent-based modeling to verify the behavioral rules of Netizens. We set two agent categories (Netizens & Hots), which behave and interact autonomously. Based on multiple-round simulations, we obtained optimal solution outcomes. Besides, we have implemented mutual validation between big data and agent-based modeling, which has not been considered before. Three big data sets have been applied to check both validity and robustness of our solutions. For the dataset A, we use 89 online cases of the Shaanxi Province in China. For the dataset B, we used 147 online cases of the whole China in 2021. For the dataset C, we used 138 online cases under specific topic (the pandemic). It suggests that three optimal solutions have both validity and robustness. As three big data sets have different levels, cases, topics and durations, the model’s generality can be well supported. Hence, general behavior pattern of the Netizens can be revealed, which is of great significance for investigating human behavior online. Moreover, our work contains rich managerial implications, which helps to improve social simulation and prediction. Also, our TDS analysis framework can support or inspire other researches.",Cecília,2023-12,2026-03-17 21:45:23,2026-03-17 22:34:47,2026-03-17 22:09:38,120900,,,233,Expert Systems with Applications,Online attention dynamics,,,,,,,en,,,,,DOI.org (Crossref),,,,"C:\Users\Thiago\Zotero\storage\ASHRT4EJ\Lu et al. - 2023 - Online attention dynamics The triangle framework of theory, big data and simulations.pdf",,,,,,,,,
X7UZGUSY,journalArticle,2023,"Lu, Peng; Chen, Dianhan; Li, Yan; Wang, Xiaoyong; Yu, Shanping",Agent-Based Model of Mass Campus Shooting: Comparing Hiding and Moving of Civilians,Hybrid,Explanatory,Exploratory / Scenario-based,IEEE Transactions on Computational Social Systems,,"2329-924X, 2373-7476",10.1109/TCSS.2022.3146966,https://ieeexplore.ieee.org/document/9712865/,"The follow-up impact of the campus shooting incident is enormous. Due to a large number of minors (vulnerable groups) and complex building environments, the school is one of the main targets of terrorists. The Sandy Hook Elementary School shooting in 2012 poses a challenge to social and public security. Considering the dichotomous characteristics of the people shot and the impact of the refuge area on the crowd movement in the shooting incident, we use an agent-based model to restore the real target case. Based on the optimal solution, we explore the effects of the number and location of building exits, the scale of the shooter’s attack, and the time to ﬁnd shelter on the shooting results. For building exits, we found that for the environment in the case, the exit location has little impact on the number of casualties, but the increase in the number of exits provides more evacuation routes for the crowd and reduces the number of casualties. Panic will increase the probability of collision and injury. Hiding in a refuge area away from the shooter is effective to avoid shooting injury. At the same time, we propose the critical point of hiding probability. When it is greater than 40%, the faster the escape speed is, the higher the safety is; escape is more likely to replace avoidance in hiding probability less than 40% of environments. These ﬁndings are helpful to guide the building evacuation channel construction and emergency evacuation training.",Cecília,2023-06,2026-03-17 21:31:17,2026-03-17 22:34:41,2026-03-17 22:09:40,994-1003,,3,10,IEEE Trans. Comput. Soc. Syst.,Agent-Based Model of Mass Campus Shooting,,,,,,,en,https://ieeexplore.ieee.org/Xplorehelp/downloads/license-information/IEEE.html,,,,DOI.org (Crossref),,,,C:\Users\Thiago\Zotero\storage\HN3PWXMY\Lu et al. - 2023 - Agent-Based Model of Mass Campus Shooting Comparing Hiding and Moving of Civilians.pdf,,,,,,,,,
KSGREE48,journalArticle,2020,"Loughran, Thomas; Fieldhouse, Edward; Lessard-Phillips, Laurence; Bentley, Lee",Disruptive Norms: Assessing the Impact of Ethnic Minority Immigration on Nonimmigrant Voter Turnout Using a Complex Model,Empirical (micro),Exploratory,Exploratory / Scenario-based,Social Science Computer Review,,"0894-4393, 1552-8286",10.1177/0894439318824264,https://journals.sagepub.com/doi/10.1177/0894439318824264,"This article explores whether introducing an external group into a population with different characteristics to the existing population may lead to behavioral change. Specifically, we test whether introducing ethnic minority immigrants with varying levels of civic duty (commitment to voting) norms into a previously homogenous nonimmigrant ethnic majority population influences voter turnout among the nonimmigrant majority group. The findings have been produced using a complex agentbased model (“the voter model”) where the parameters and characteristics have been developed through the extensive synthesis of existing findings from real-world social science research on voter turnout. The model adopts the KIDS (“Keep It Descriptive Stupid”) approach to this form of modeling complex systems. The model puts a particular emphasis on exploring the dynamic social aspects that influence turnout by focusing on the role of networks and spatial composition factors such as ethnic diversity and levels of internal and external immigration. It uses an approach based on aggregative neighborhood dynamics to go beyond existing static models of the influence of social norms on voting similar to the classic approach of Schelling. The main findings from this article suggest that, other factors being equal, increased levels of immigration lead to a small but significant increase in turnout among the nonimmigrant population and show that higher levels of civic duty among immigrants lead to higher levels of turnout among nonimmigrants over time. This challenges the popular belief that increased immigration and diversity in a specific community will always lead to lower turnout levels.",Cecília,2020-08,2026-03-17 22:09:41,2026-03-17 22:34:40,2026-03-17 22:09:41,422-442,,4,38,Social Science Computer Review,Disruptive Norms,,,,,,,en,,,,,DOI.org (Crossref),,,,C:\Users\Thiago\Zotero\storage\PC5LWZTE\Loughran et al. - 2020 - Disruptive Norms Assessing the Impact of Ethnic Minority Immigration on Nonimmigrant Voter Turnout.pdf,,agent-based modeling; social norms; networks; civic duty; immigration; turnout,,,,,,,
Z3DBXLSZ,journalArticle,2017,"Liu, Zhengchun; Rexachs, Dolores; Epelde, Francisco; Luque, Emilio",A simulation and optimization based method for calibrating agent-based emergency department models under data scarcity,NA,NA,NA,Computers & Industrial Engineering,,3608352,10.1016/j.cie.2016.11.036,https://linkinghub.elsevier.com/retrieve/pii/S0360835216304685,"To tackle the problem of efﬁciently managing increasingly complex systems, simulation models have been widely used. This is because simulation is safer, less expensive, and faster than ﬁeld implementation and experimenting. To achieve high ﬁdelity and credibility in conducting prediction and exploration of the actual system with simulation models, a rigorous calibration and validation procedure should ﬁrstly be applied. However, one of the key issues in calibration is the acquisition of valid source information from the target system. The aim of this study is to develop a systematic method to automatically calibrate a general emergency department model with incomplete data. The simulation-based optimization was used to search for the best value of model parameters. Then we present a case study to particularly demonstrate the way to calibrate an agent-based model of an emergency department with real data scarcity. The case study indicates that the proposed method appears to be capable of properly calibrating and validating the simulation model with incomplete data.",Cecília,2017-01,2026-03-17 22:09:43,2026-03-17 22:34:39,2026-03-17 22:09:43,300-309,,,103,Computers & Industrial Engineering,,,,,,,,en,,,,,DOI.org (Crossref),,,,C:\Users\Thiago\Zotero\storage\JJA2BTG6\Liu et al. - 2017 - A simulation and optimization based method for calibrating agent-based emergency department models u.pdf,,Agent-based model; Model calibration; Emergency department; Simulation-based optimization,,,,,,,
WYXIDE5N,journalArticle,2021,"Liu, Xueying; Madlener, Reinhard",The sky is the limit: Assessing aircraft market diffusion with agent-based modeling,"Empirical (micro), Empirical (macro)",Explanatory,Local (OAT/OFAT),Journal of Air Transport Management,,9696997,10.1016/j.jairtraman.2021.102104,https://linkinghub.elsevier.com/retrieve/pii/S0969699721000879,"This paper presents an agent-based model for the diffusion of new aircraft models. Expanding on the classical economic decision framework, where investment decision-making is entirely based on profitability, our more holistic modeling approach takes into account profitability, flexibility, as well as the environmental impact of new aircraft models in the adoption decision process. Technical parameters, such as the range and passenger number per aircraft model considered, various types of pollutant emissions of the aircraft engine, as well as daily operational data, are used as covariates in the model. In validation for the most common mid-range passenger aircraft models of Airbus and Boeing, our agent-based model produces results that are comparable to observed real-world data on the market diffusion of existing mainstream aircraft models. This result shows the applicability and usefulness of our model, which can subsequently also be applied for studying the diffusion of aircraft models embodying new generations of components. Our simulation shows that a price reduction or a decrease in pollutant emissions of new aircraft models can be expected to lead to more adoption and faster diffusion. Furthermore, our modeling approach demonstrates that a holistic and systematic framework that includes not only profitability (in terms of payback time) but also flexibility (in terms of optimal range and amount of passengers) and environmental impact (in terms of deviation from regulatory standards) can be helpful for modeling the investment decision-making process of airlines.",Cecília,2021-09,2026-03-17 22:09:45,2026-03-17 22:34:37,2026-03-17 22:09:45,102104,,,96,Journal of Air Transport Management,The sky is the limit,,,,,,,en,,,,,DOI.org (Crossref),,,,C:\Users\Thiago\Zotero\storage\YU99C4RC\Liu e Madlener - 2021 - The sky is the limit Assessing aircraft market diffusion with agent-based modeling.pdf,,Environmental benefit; Passenger aircraft models; Technological diffusion; Transportation economics,,,,,,,
D25HPKBP,journalArticle,2025,"Liu, Shuo; Guan, Xiwang; Xia, Haoxiang",Exploring the Dynamics of Group Opinion Bi-polarization Considering Assimilative and Repulsive Social Influences,Theoretical (literature),"Theoretical / Illustrative, Explanatory",Exploratory / Scenario-based,Journal of Systems Science and Systems Engineering,,"1004-3756, 1861-9576",10.1007/s11518-025-5696-2,https://link.springer.com/10.1007/s11518-025-5696-2,"In recent years, the transition of public opinion from diversity to polarization – and the resulting social tensions – has attracted growing scholarly interest. Building on social judgment theory in social psychology, this study extends the classic threshold model by proposing a dual-threshold opinion dynamics framework. The model simultaneously incorporates assimilative and repulsive social inﬂuences from neighboring opinions within a network, where the strength of each inﬂuence is determined by the proportion of neighbors exerting that inﬂuence. Agent-based simulations reveal that the interplay between assimilative and repulsive forces generates complex – and at times counterintuitive – dynamics. Notably, increasing assimilative inﬂuence does not always reduce opinion divergence; on the contrary, when repulsive inﬂuence is weak, it can intensify polarization. Moreover, reducing the density of interpersonal connections can mitigate polarization under strong repulsive inﬂuence but fails to promote consensus. Interestingly, when the repulsion threshold is low and the assimilation threshold is high, an initially polarized opinion distribution proves more eﬀective in curbing bi-polarization than a uniformly random distribution. Although these eﬀects are conﬁned to speciﬁc regions of the parameter space, simulation results conﬁrm that the observed patterns are robust across more realistic network structures.",Cecília,2025-10,2026-03-17 21:33:28,2026-03-17 22:34:36,2026-03-17 22:09:46,576-593,,5,34,J. Syst. Sci. Syst. Eng.,,,,,,,,en,,,,,DOI.org (Crossref),,,,C:\Users\Thiago\Zotero\storage\4UPPKJ3D\Liu et al. - 2025 - Exploring the Dynamics of Group Opinion Bi-polarization Considering Assimilative and Repulsive Socia.pdf,,,,,,,,,
MHR73IE4,journalArticle,2020,"Liu, Dongya; Zheng, Xinqi; Wang, Hongbin","Land-use Simulation and Decision-Support system (LandSDS): Seamlessly integrating system dynamics, agent-based model, and cellular automata",Hybrid,Decision Support / Policy Evaluation,NA,Ecological Modelling,,3043800,10.1016/j.ecolmodel.2019.108924,https://linkinghub.elsevier.com/retrieve/pii/S0304380019304326,"This article aims to construct a Land-use Simulation and Decision-Support system (LandSDS) to comprehensively explore the interference and impact of natural environment, individual choice, and national macro-policies on land use and cover change. LandSDS takes full advantage of system dynamics (SD) model, agent-based model (ABM), cellular automata (CA) model, and Geographic Information System (GIS): (1) On the one hand, SD model controls land-use area change on macro level. On the other hand, by passing the parameters values from SD model to CA model, the iterations of CA model are controlled macroscopically, and at the same time, the transition rules in the CA model are aﬀected microscopically by SD model; (2) By simulating the complex selection behaviors of diﬀerent agents, ABM enforces or participates in the cells’ transformation behaviors in CA model on the micro evolution scale; (3) Taking CA model as a breakthrough point, the micro-cell unit is used to realize the data exchange and communication between SD-ABM-CA by integrating CA with SD and CA with ABM; and (4) Using GIS’s powerful spatial computing and data processing capabilities, the simulation results are further analyzed and processed to obtain more eﬀective information. LandSDS can solve the top-down data analysis and graphic visualization problems caused by target data or policy mutations, and can also handle the data and graphic visualization problems caused by the temporal and spatial changes of cell units. The system solves the analysis methods and technical problems about the top-down and bottom-up seamless integration of the spatial and temporal models. Beijing urban expansion was taken as an example to demonstrate the availability of the system.",Cecília,2020-02,2026-03-17 21:46:37,2026-03-17 22:33:41,2026-03-17 22:09:48,108924,,,417,Ecological Modelling,Land-use Simulation and Decision-Support system (LandSDS),,,,,,,en,,,,,DOI.org (Crossref),,,,"C:\Users\Thiago\Zotero\storage\JH5BUQSA\Liu et al. - 2020 - Land-use Simulation and Decision-Support system (LandSDS) Seamlessly integrating system dynamics, a.pdf",,,,,,,,,
ARC8E5DK,journalArticle,2022,"Lin, Chung-Yi; Yang, Y.C. Ethan; Malek, Keyvan; Adam, Jennifer C.",An investigation of coupled natural human systems using a two-way coupled agent-based modeling framework,Hybrid,Decision Support / Policy Evaluation,Local (OAT/OFAT),Environmental Modelling & Software,,13648152,10.1016/j.envsoft.2022.105451,https://linkinghub.elsevier.com/retrieve/pii/S1364815222001578,"Improving the understanding of coupled natural human systems (CNHS) can better inform environmental policymaking. We investigated the co-evolution (i.e., bidirectional interactions) issues in CNHS via two-way coupling RiverWare (RW; a river-reservoir routing model) with agent-based models (ABMs, human decision models) in the Yakima River Basin in Washington, US. Results show that coupled models can better capture the historical irrigation diversion (human) and streamflow (nature) dynamics. We further demonstrated the effect of social norms (i.e., the influence of neighbors) among farmers and tested a “water reallocation” scenario to evaluate the influence of water policies on irrigation diversion behaviors. Detailed model structure and parameter uncertainty analysis are suggested to further quantify the benefit of CNHS models in multi-level water resources governance.",Cecília,2022-09,2026-03-17 22:09:50,2026-03-17 22:33:40,2026-03-17 22:09:50,105451,,,155,Environmental Modelling & Software,,,,,,,,en,,,,,DOI.org (Crossref),,,,C:\Users\Thiago\Zotero\storage\Q8FDUUA9\Lin et al. - 2022 - An investigation of coupled natural human systems using a two-way coupled agent-based modeling frame.pdf,,Complex water systems; Social norm effect; Social-environmental systems; Water reallocation; Yakima river basin,,,,,,,
NC2MQK96,journalArticle,2022,"Liang, Xin; Lu, Tingting; Yishake, Gulinigaer",How to promote residents’ use of green space: An empirically grounded agent-based modeling approach,Empirical (micro),Decision Support / Policy Evaluation,Exploratory / Scenario-based,Urban Forestry & Urban Greening,,16188667,10.1016/j.ufug.2021.127435,https://linkinghub.elsevier.com/retrieve/pii/S1618866721004623,"One focus of those responsible for making urban policies has been the improvement of green space effectiveness, including environmental plans and eco-city initiatives. In the evaluation of policy effectiveness, residents’ needs, values and preferences are critical but often overlooked. This study proposes an agent-based model (ABM) for simulating the effectiveness of policy measures on residents’ decision making with regard to the use of green space. Using a residential questionnaire survey conducted in Shanghai, China, we model individual decision making with artificial neural networks that account for the heterogeneous characteristics and imperfect rationality in the decision-making process, and compare three policy scenarios in local green space provision. The results of the model illustrate the unequal effectiveness of green space policies among different social groups and different types of green space (i.e., urban parks, neighborhood parks, and community gardens), and the sensitivity analysis suggests the key factors in different stages of green space provision. Based on the results, we argue that tailored policies are needed in order to meet residents’ heterogeneous needs; in fact, relatively “soft” policies, particularly those that promote social interaction and participation, play a significant role in the appeal of green space use. Finally, policy suggestions are provided for the optimization of green space provision.",Cecília,2022-01,2026-03-17 22:09:52,2026-03-17 22:33:39,2026-03-17 22:09:52,127435,,,67,Urban Forestry & Urban Greening,How to promote residents’ use of green space,,,,,,,en,,,,,DOI.org (Crossref),,,,C:\Users\Thiago\Zotero\storage\6AS8XFNM\Liang et al. - 2022 - How to promote residents’ use of green space An empirically grounded agent-based modeling approach.pdf,,Agent-based modeling; Decision making; Green space; Policy evaluation; Urban China,,,,,,,
UYMDMSC4,journalArticle,2019,"Li, Weihua; Bai, Quan; Zhang, Minjie",A Multi-agent System for Modelling Preference-Based Complex Influence Diffusion in Social Networks,Empirical (micro),"Exploratory, Decision Support / Policy Evaluation",Exploratory / Scenario-based,The Computer Journal,,"0010-4620, 1460-2067",10.1093/comjnl/bxy078,https://academic.oup.com/comjnl/article/62/3/430/5067534,,Cecília,2019-03-01,2026-03-17 22:09:54,2026-03-17 22:33:37,2026-03-17 22:09:54,430-447,,3,62,,,,,,,,,en,https://academic.oup.com/journals/pages/open_access/funder_policies/chorus/standard_publication_model,,,,DOI.org (Crossref),,,,C:\Users\Thiago\Zotero\storage\Y3KGYZRN\Li et al. - 2019 - A Multi-agent System for Modelling Preference-Based Complex Influence Diffusion in Social Networks.pdf,,agent-based model; complex influence; influence maximization; influence propagation,,,,,,,
4D5WL2G3,journalArticle,2025,"Li, Shouwei; Peng, Bo; Li, Baochen; Shi, Yan",Cooperation in structured populations via coupled reputation and learning: A spatial evolutionary game approach,Theoretical (literature),"Theoretical / Illustrative, Explanatory",NA,BioSystems,,3032647,10.1016/j.biosystems.2025.105630,https://linkinghub.elsevier.com/retrieve/pii/S0303264725002400,"This study presents an agent-based model to investigate cooperation dynamics in spatial evolutionary games by integrating memory-based reputation tracking with heterogeneous adaptive learning. Agents interact on a lattice network and update their strategies based on both neighbors’ historical cooperation rates and payoff differences, governed by a modified Fermi rule with individual sensitivity parameters. Simulation results demonstrate that this dual-layered mechanism sustains cooperation even under strong defection incentives and limited interaction ranges. The model also reveals how memory length and learning heterogeneity jointly influence spatial cooperation patterns and strategy diversity. These findings offer new insights into decentralized mechanisms that promote cooperation in structured populations, with implications for evolutionary biology, distributed systems, and behavioral economics.",Cecília,2025-12,2026-03-17 22:09:56,2026-03-17 22:33:36,2026-03-17 22:09:56,105630,,,258,BioSystems,Cooperation in structured populations via coupled reputation and learning,,,,,,,en,,,,,DOI.org (Crossref),,,,C:\Users\Thiago\Zotero\storage\R3ACBTZZ\Li et al. - 2025 - Cooperation in structured populations via coupled reputation and learning A spatial evolutionary ga.pdf,,Agent-based modeling; Adaptive learning; Cooperation dynamics; Memory-based reputation; Spatial evolutionary games,,,,,,,
XSQTPC64,journalArticle,2016,"Li, Jingjing; Oyana, Tonny J.; Mukwaya, Paul I.",An examination of historical and future land use changes in Uganda using change detection methods and agent-based modelling,Hybrid,Predictive,"Exploratory / Scenario-based, Regression / Statistical Inference",African Geographical Review,,"1937-6812, 2163-2642",10.1080/19376812.2016.1189836,https://www.tandfonline.com/doi/full/10.1080/19376812.2016.1189836,,Cecília,2016-09,2026-03-17 22:09:57,2026-03-17 22:33:34,2026-03-17 22:09:57,247-271,,3,35,African Geographical Review,,,,,,,,en,,,,,DOI.org (Crossref),,,,C:\Users\Thiago\Zotero\storage\USF6B2UF\Li et al. - 2016 - An examination of historical and future land use changes in Uganda using change detection methods an.pdf,,agent-based model; simulation; agricultural land use; change detection; land cover change,,,,,,,
YH8PHY4P,journalArticle,2020,"Li, Feixue; Li, Zhifeng; Chen, Honghua; Chen, Zhenjie; Li, Manchun","An agent-based learning-embedded model (ABM-learning) for urban land use planning: A case study of residential land growth simulation in Shenzhen, China",Hybrid,"Predictive, Decision Support / Policy Evaluation","Exploratory / Scenario-based, Regression / Statistical Inference",Land Use Policy,,2648377,10.1016/j.landusepol.2020.104620,https://linkinghub.elsevier.com/retrieve/pii/S0264837719303254,"A forward-looking urban land use plan is crucial to a city’s sustainability, which requires a deep understanding of human-environment interactions between different domains, and modelling them soundly. One of the key challenges of modelling these interactions is to understand and model how human individuals make and develop their location decisions by learning that then shape urban land-use patterns. To investigate this issue, we have constructed an extended experience-weighted attraction learning model to represent the human agents’ learning when they make location decisions. Consequently, we propose and have developed an agent-based learningembedded model (ABM-learning) for residential land growth simulation that incorporates a learning model, a decision-making model, a land use conversion model and the constraint of urban land use master plan. The proposed model was used for a simulation of the residential land growth in Shenzhen city, China. By validating the model against empirical data, the results showed that the site-specific accuracy of the model has been improved when embedding learning model. The analysis on the simulation accuracies has proved the argument that modelling individual-level learning matters in the agent’s decision model and the agent-based models. We also applied the model to predict residential land growth in Shenzhen from 2015 to 2035, and the result can be a reference for land-use allocation in detailed planning of Shenzhen. The ABM-learning is applicable to studying the past urban growth trajectory, aiding in the formulation of detailed residential land and public service facility planning and assessing the land use planning effectiveness.",Cecília,2020-06,2026-03-17 22:10:01,2026-03-17 22:33:33,2026-03-17 22:10:01,104620,,,95,Land Use Policy,An agent-based learning-embedded model (ABM-learning) for urban land use planning,,,,,,,en,,,,,DOI.org (Crossref),,,,C:\Users\Thiago\Zotero\storage\V8PDLIKH\Li et al. - 2020 - An agent-based learning-embedded model (ABM-learning) for urban land use planning A case study of r.pdf,,ABM-learning; Agent-Based modelling; Experience-Weighted attraction learning model; Residential land growth; Shenzhen city,,,,,,,
IM6UUWFU,journalArticle,2025,"Letschert, Jonas; Müller, Birgit; Dressler, Gunnar; Möllmann, Christian; Stelzenmüller, Vanessa",Simulating fishery dynamics by combining empirical data and behavioral theory,Hybrid,Decision Support / Policy Evaluation,Global (Screening),Ecological Modelling,,3043800,10.1016/j.ecolmodel.2025.111036,https://linkinghub.elsevier.com/retrieve/pii/S0304380025000225,"Understanding human decision-making in the context of complex fisheries socio-ecological systems remains one of the key challenges for ecosystem-based management. Agent-based models (ABM) are increasingly seen as one of the most promising methods to simulate human decision-making. In many fishery models, human behavior is highly simplified and reduced to an economic motivation, although scientific literature suggests that it is more multi‑facetted. Here, we present FISHCODE a spatio-temporal ABM for German fisheries in the southern North Sea. Our decision‑making submodel combines different behavioral motivations, i.e. habitual behavior, profitmaximization, competition, conformism, and planning insecurity. Using highly resolved information on fishing trips, we parameterized model parameters either straight from data or through pattern‑oriented modelling. Model validation showed that model outputs were in realistic ranges when compared to observed data. We applied FISHCODE to assess scenarios of two growing challenges to fisheries in the North Sea: expansions of offshore wind farms and increasing fuel prices.",Cecília,2025-02,2026-03-17 21:42:07,2026-03-17 22:33:32,2026-03-17 22:10:03,111036,,,501,Ecological Modelling,,,,,,,,en,,,,,DOI.org (Crossref),,,,C:\Users\Thiago\Zotero\storage\ZXFHPX2V\Letschert et al. - 2025 - Simulating fishery dynamics by combining empirical data and behavioral theory.pdf,,,,,,,,,
QRDTFKBM,journalArticle,2017,"León-Medina, Francisco J.",Analytical sociology and its ‘syntax’ for explanation,NA,NA,NA,Social Science Information,,"0539-0184, 1461-7412",10.1177/0539018417733820,https://journals.sagepub.com/doi/10.1177/0539018417733820,"Analytical sociology is a set of rules for the construction of causal explanations in the social sciences. In this article, I critically assess the value and evolution of this ‘syntax’ for explanation and the concept of social mechanisms on which it relies. I also offer a proposal on how to reform and expand the ideal-typical analytical research path. In short, my proposal is characterized by (a) a generative conception of explanation; (b) a conception of social mechanisms as causal chains of micro-level (that is, individual) events; (c) a denial of downward and upward causation; and (d) a focus on testing the generative sufficiency and describing the generative processes of empirically calibrated agent-based models.",Cecília,2017-12,2026-03-17 22:10:05,2026-03-17 22:33:30,2026-03-17 22:10:05,502-525,,4,56,Social Science Information,,,,,,,,en,,,,,DOI.org (Crossref),,,,C:\Users\Thiago\Zotero\storage\TMZB4PU9\León-Medina - 2017 - Analytical sociology and its ‘syntax’ for explanation.pdf,,agent-based models; analytical sociology; causality; explanation; social mechanisms,,,,,,,
K3V5YRDE,journalArticle,2024,"Le, Thi Ha Lien; Kristiansen, Paul; Vo, Brenda; Moss, Jonathan; Welch, Mitchell",Understanding factors influencing farmers’ crop choice and agricultural transformation in the Upper Vietnamese Mekong Delta,Hybrid,Decision Support / Policy Evaluation,"Local (OAT/OFAT), Exploratory / Scenario-based",Agricultural Systems,,0308521X,10.1016/j.agsy.2024.103899,https://linkinghub.elsevier.com/retrieve/pii/S0308521X24000490,"CONTEXT: The Vietnamese Mekong Delta (VMD) is an Asian mega-delta which is vulnerable to climate change and sea level rise, and is undergoing demographic change. Farmers are encouraged to shift from rice monocultures to more diversified and flood-based cropping options to adapt to climate change, lessen negative environmental impacts and manage labour productivity. However, this transformation takes place slowly, especially in the flood-zone areas of the Upper VMD. There is currently limited understanding of farmers’ complex decision-making that considers the dynamic interactions between farmers, socio-economic circumstances and biophysical environments in this sub-region.",Cecília,2024-04,2026-03-17 22:10:07,2026-03-17 22:33:29,2026-03-17 22:10:07,103899,,,216,Agricultural Systems,,,,,,,,en,,,,,DOI.org (Crossref),,,,C:\Users\Thiago\Zotero\storage\42BMLKZU\Le et al. - 2024 - Understanding factors influencing farmers’ crop choice and agricultural transformation in the Upper.pdf,,Climate change; Decision-making; Market access; Mechanisation; Rice-based farming systems; Risk preference,,,,,,,
YXH2EMZ4,journalArticle,2018,"Le Pira, Michela",Transport planning with stakeholders : an agent-based modelling approach,"Hybrid, ""Expert-based (qualitative, interview, participatory)"", Empirical (micro)",Decision Support / Policy Evaluation,Exploratory / Scenario-based,International journal of transport economics,,17242185,10.19272/201806701002,https://doi.org/10.19272/201806701002,"Transport planners and economists have to face the challenges of modern cities while also dealing with multiple stakeholders and conflicting interests. Decisions should derive from a trade-off between the optimal solution and the most accepted one. Models and simulations are typically used as decision-support tools for technical/economic analyses. This paper proposes a novel modelling approach for a stakeholder analysis, aimed at investigating the complex phenomenon of consensus formation and the collective behaviour that can emerge from an interaction process.",Cecília,2018,2026-03-17 22:10:09,2026-03-17 22:33:27,2026-03-17 22:10:09,,,XLV,,,Transport planning with stakeholders,,,,,Fabrizio Serra,IT,en,,,,,DOI.org (CSL JSON),,,,C:\Users\Thiago\Zotero\storage\VZWHDAJJ\Le Pira - 2018 - Transport planning with stakeholders  an agent-based modelling approach.pdf,,Agent-based simulation; Analytic hierarchy process; Public participation; Delphi method; Multi-criteria decision-making methods; Transport planning,,,,,,,
IWEK7GYD,journalArticle,2021,"Kukacka, Jiri; Kristoufek, Ladislav",Does parameterization affect the complexity of agent-based models?,Theoretical (literature),"Theoretical / Illustrative, Descriptive / Phenomena-based",Exploratory / Scenario-based,Journal of Economic Behavior & Organization,,1672681,10.1016/j.jebo.2021.10.007,https://linkinghub.elsevier.com/retrieve/pii/S0167268121004339,"We examine the complexity of ﬁnancial returns generated by popular agent-based models through studying multifractal properties of such time series. Speciﬁcally, we are interested in the sensitivity of the models to their parameter settings and whether some patterns emerge in the connection between complexity and a speciﬁc type of parameter. We ﬁnd that (i) herding behavior mostly boosts the model complexity as measured by multifractality, (ii) various in-built stabilizing factors increase model complexity, while (iii) the role of the intensity of choice, the number of agents, as well as the chartists’ representation have rather model-speciﬁc effects. Finally, the core feature driving the model complexity seems to be the implementation of a switching mechanism governing agents’ interactions. The heterogeneous set of nine analyzed models thus offers some universal concepts that hold across their range. Our results also indicate that complex dynamics are observed not only for the benchmark parameter settings but also for other combinations of parameter values for most models. This opens new avenues for future research and speciﬁcally motivates examining the models in more detail by focusing on other dynamic properties in addition to the herein presented multifractality.",Cecília,2021-12,2026-03-17 22:10:12,2026-03-17 22:33:25,2026-03-17 22:10:12,324-356,,,192,Journal of Economic Behavior & Organization,,,,,,,,en,,,,,DOI.org (Crossref),,,,C:\Users\Thiago\Zotero\storage\2YT9F5HA\Kukacka e Kristoufek - 2021 - Does parameterization affect the complexity of agent-based models.pdf,,Complex systems; Detrended fluctuation analysis; Financial agent-based models; Multifractal sensitivity analysis; Parameterization,,,,,,,
LGLXN7DL,journalArticle,2022,"Krumm, Alexandra; Süsser, Diana; Blechinger, Philipp",Modelling social aspects of the energy transition: What is the current representation of social factors in energy models?,NA,NA,NA,Energy,,3605442,10.1016/j.energy.2021.121706,https://linkinghub.elsevier.com/retrieve/pii/S036054422101954X,"Computer-based models provide decision-makers with techno-economic insights into transition pathways for decarbonising energy systems. Such models mainly focus on techno-economic aspects and do not adequately represent the social aspects of the energy transition, although there is broad consensus that these non-technical factors are important drivers and constraints. To map the current integration and identify perspectives for future research, we ask: Which model types are particularly good at integrating social aspects? What social aspects are represented in energy models? How are these social aspects integrated? We analysed publications that apply these energy models to investigate which and how models integrate social aspects within three main modelling steps: (i) storyline, scenario, and input parameter, (ii) optimisation/simulation process and (iii) model output discussion. Results show that social aspects are mainly integrated through exogenous assumptions and output discussions. We also identify models that go beyond technical potential and pure cost optimisation/simulation. All model types integrate behaviour and lifestyle; some address public acceptance, but not transformation dynamics. Only agent-based models integrate heterogeneity of actors and public ownership. We conclude that a better representation of social aspects in energy models is needed, and that there is a high potential to improve this by combining different model types and conducting interdisciplinary research.",Cecília,2022-01,2026-03-17 22:10:13,2026-03-17 22:33:24,2026-03-17 22:10:13,121706,,,239,Energy,Modelling social aspects of the energy transition,,,,,,,en,,,,,DOI.org (Crossref),,,,C:\Users\Thiago\Zotero\storage\N7BJD8BH\Krumm et al. - 2022 - Modelling social aspects of the energy transition What is the current representation of social fact.pdf,,Energy policy; Social aspects; Energy modelling; Social science,,,,,,,
A9XDVJ8Q,preprint,2024,"Kremer, Elise; Reissl, Severin; Fierro, Luca Eduardo; Emmerling, Johannes; Lamperti, Francesco; Roventini, Andrea","Energy Price Shocks in the European Union: Macroeconomic Impacts, Distributional Effects and Policy Responses",Empirical (macro),"Decision Support / Policy Evaluation, Explanatory",Exploratory / Scenario-based,,,,10.2139/ssrn.4945346,https://www.ssrn.com/abstract=4945346,"The macroeconomic consequences of energy shocks, their distributional effects, and the potential remedies have recently scaled up the EU policy agenda. In this paper, we employ an agent-based, stock-flow consistent model empirically calibrated to the EU27 economy to evaluate the macroeconomic effects of an energy price shock akin to that which took place in 2022. Our focus is on a scenario in which the economy experiences a sudden, sharp increase in the price of imported fossil fuels, which affects the price of energy and thereby firms’ production costs and output prices. We show that the magnitude and persistence of the resulting inflationary episode, as well as the effects on functional income distribution, employment and economic activity, strongly depend on government intervention, the sensitivity of nominal wage claims to inflation, and the extent to which increases (and subsequent decreases) in the price of energy inputs are passed on into final output prices. We find that an empirically calibrated mix of transfer payments can be very effective in mitigating the macroeconomic impacts of the energy price shock. However, such policy interventions are never able to fully countervail the shift towards profits of the income distribution. Additional price-targeting measures to ensure the full pass-through of energy price decreases once the shock recedes offer a solution to this issue.",Cecília,2024,2026-03-17 22:10:15,2026-03-17 22:10:15,2026-03-17 22:10:15,,,,,,Energy Price Shocks in the European Union,,,,,SSRN,,en,,,,,DOI.org (Crossref),,,,"C:\Users\Thiago\Zotero\storage\4P8SACXH\Kremer et al. - 2024 - Energy Price Shocks in the European Union Macroeconomic Impacts, Distributional Effects and Policy.pdf",,,,,,,,,
RTQ5JALT,journalArticle,2015,"Krejci, Caroline C; Stone, Richard T; Dorneich, Michael C; Gilbert, Stephen B",Analysis of Food Hub Commerce and Participation Using Agent-Based Modeling: Integrating Financial and Social Drivers,Empirical (micro),Predictive,Exploratory / Scenario-based,,,,,,"Objective: Factors influencing long-term viability of an intermediated regional food supply network (food hub) were modeled using agent-based modeling techniques informed by interview data gathered from food hub participants. Background: Previous analyses of food hub dynamics focused primarily on financial drivers rather than social factors and have not used mathematical models. Method: Based on qualitative and quantitative data gathered from 22 customers and 11 vendors at a midwestern food hub, an agent-based model (ABM) was created with distinct consumer personas characterizing the range of consumer priorities. A comparison study determined if the ABM behaved differently than a model based on traditional economic assumptions. Further simulation studies assessed the effect of changes in parameters, such as producer reliability and the consumer profiles, on long-term food hub sustainability. Results: The persona-based ABM model produced different and more resilient results than the more traditional way of modeling consumers. Reduced producer reliability significantly reduced trade; in some instances, a modest reduction in reliability threatened the sustainability of the system. Finally, a modest increase in price-driven consumers at the outset of the simulation quickly resulted in those consumers becoming a majority of the overall customer base. Conclusion: Results suggest that social factors, such as desire to support the community, can be more important than financial factors.",,,2026-03-17 22:10:17,2026-03-17 22:33:23,,,,,,,,,,,,,,en,,,,,Zotero,,,,C:\Users\Thiago\Zotero\storage\BJDWVXA5\Krejci et al. - Analysis of Food Hub Commerce and Participation Using Agent-Based Modeling Integrating Financial an.pdf,,sustainability; simulation; dynamic systems modeling; ethnographic observations; organizational behavior,,,,,,,
E68ASNVA,journalArticle,2017,"Koutiva, Ifigeneia; Makropoulos, Christos",Exploring the effects of domestic water management measures to water conservation attitudes using agent based modelling,Hybrid,Decision Support / Policy Evaluation,Global (Variance-based),Water Supply,,"1606-9749, 1607-0798",10.2166/ws.2016.161,https://iwaponline.com/ws/article/17/2/552/28183/Exploring-the-effects-of-domestic-water-management,"The urban water system’s sustainable evolution requires managing both water supply and water demand within a complete urban water cycle framework. Such an approach, however, requires tools to analyse and simulate the complete system including both physical and cultural environments. One of the main challenges, in this regard, is the design and development of tools able to simulate the society’s water demand behaviour and the way policy measures affect it. The effects of these policy measures are a function of personal attitudes that subsequently lead to the formation of people’s behaviours. This work focuses on the exploration of social impact theory on water conservation attitudes of urban households. A model is designed and implemented using agent based modelling. The developed model’s ability to represent social structure and mechanisms of social inﬂuences is tested against historical data from the 1988–1994 drought of Athens, Greece as a case study.",Cecília,2017-03-01,2026-03-17 22:10:18,2026-03-17 22:33:21,2026-03-17 22:10:18,552-560,,2,17,,,,,,,,,en,,,,,DOI.org (Crossref),,,,C:\Users\Thiago\Zotero\storage\FD5EBAP8\Koutiva e Makropoulos - 2017 - Exploring the effects of domestic water management measures to water conservation attitudes using ag.pdf,,Agent based modelling; Water conservation; Social impact theory; Urban water demand management,,,,,,,
9XZWL65D,journalArticle,2017,"Kong, Lingqiang; Tian, Guangjin; Ma, Bingran; Liu, Xiaojuan","Embedding ecological sensitivity analysis and new satellite town construction in an agent-based model to simulate urban expansion in the beijing metropolitan region, China",Empirical (micro),"Decision Support / Policy Evaluation, Predictive","Regression / Statistical Inference, Exploratory / Scenario-based",Ecological Indicators,,1470160X,10.1016/j.ecolind.2017.07.009,https://linkinghub.elsevier.com/retrieve/pii/S1470160X17304223,"As the national center for politics and culture, Beijing’s urbanization level is very high. Many policies within the proposed Beijing–Tianjin–Hebei region coordinated development plan aﬀect the expansion of urban land. Therefore, it is very important to predict urban land use changes in Beijing for planning and management purposes. In this paper, we integrated of MAS (multi-agent system) and CA (cellular automata) to simulate new satellite towns construction and ecological sensitivity impact on land use change. Physical and social driving factors were used in the combined model. The MAS involved the actions of three types of agent: regional authorities, property developers, and residents. The study used the CA model to simulate the neighborhood eﬀects of urban land use, and the MAS model to simulate agents’ decisions. The new satellite towns and an ecological sensitivity analysis were embedded in the model to simulate the impact of decision making by the Beijing government on urban land expansion. Based on the land use data of 2005, the urban land area in 2010, 2015, 2020, and 2025 was predicted using the CA-MAS model. Urban expansion occurred faster during 2015–2025 than during the previous 10 years. Three land use types, i.e., cropland, woodland, and rural residential land, were the major sources of urban expansion. With respect to government decision making, the satellite towns were the priority areas of urban development, and urban development was restricted in ecologically sensitive areas. The New Districts of Urban Development were projected to become the main areas of future urban expansion in Beijing. The area designated for urban expansion around the ecologically sensitive areas was small. The results demonstrate that satellite towns and ecological sensitivity have large impacts on urban expansion. The results of this study will help to protect ecologically sensitive land, while enabling harmonious expansion of the city.",Cecília,2017-11,2026-03-17 22:10:20,2026-03-17 22:31:40,2026-03-17 22:10:20,233-249,,,82,Ecological Indicators,,,,,,,,en,,,,,DOI.org (Crossref),,,,C:\Users\Thiago\Zotero\storage\KDJZQ2R4\Kong et al. - 2017 - Embedding ecological sensitivity analysis and new satellite town construction in an agent-based mode.pdf,,Multi-agent system; Cellular automata; Beijing; Ecological sensitivity; New satellite town,,,,,,,
VD6XMVAI,journalArticle,2019,"Koch, Jennifer; Dorning, Monica A.; Van Berkel, Derek B.; Beck, Scott M.; Sanchez, Georgina M.; Shashidharan, Ashwin; Smart, Lindsey S.; Zhang, Qiang; Smith, Jordan W.; Meentemeyer, Ross K.",Modeling landowner interactions and development patterns at the urban fringe,Hybrid,"Decision Support / Policy Evaluation, Explanatory","Exploratory / Scenario-based, Regression / Statistical Inference",Landscape and Urban Planning,,1692046,10.1016/j.landurbplan.2018.09.023,https://linkinghub.elsevier.com/retrieve/pii/S0169204618310594,"Population growth and unrestricted development policies are driving low-density urbanization and fragmentation of peri-urban landscapes across North America. While private individuals own most undeveloped land, little is known about how their decision-making processes shape landscape-scale patterns of urbanization over time. We introduce a hybrid agent-based modeling (ABM) – cellular automata (CA) modeling approach, developed for analyzing dynamic feedbacks between landowners’ decisions to sell their land for development, and resulting patterns of landscape fragmentation. Our modeling approach builds on existing conceptual frameworks in land systems modeling by integrating an ABM into an established grid-based land-change model – FUTURES. The decision-making process within the ABM involves landowner agents whose decision to sell their land to developers is a function of heterogeneous preferences and peer-influences (i.e., spatial neighborhood relationships). Simulating landowners’ decision to sell allows an operational link between the ABM and the CA module. To test our hybrid ABM-CA approach, we used empirical data for a rapidly growing region in North Carolina for parameterization. We conducted a sensitivity analysis focusing on the two most relevant parameters—spatial actor distribution and peer-influence intensity—and evaluated the dynamic behavior of the model simulations. The simulation results indicate different peer-influence intensities lead to variable landscape fragmentation patterns, suggesting patterns of spatial interaction among landowners indirectly affect landscape-scale patterns of urbanization and the fragmentation of undeveloped forest and farmland.",Cecília,2019-02,2026-03-17 22:10:22,2026-03-17 22:31:43,2026-03-17 22:10:22,101-113,,,182,Landscape and Urban Planning,,,,,,,,en,,,,,DOI.org (Crossref),,,,C:\Users\Thiago\Zotero\storage\MEN7V9XD\Koch et al. - 2019 - Modeling landowner interactions and development patterns at the urban fringe.pdf,,Agent-based modeling; Urbanization; Integrated modeling; Land systems science; Scenario simulations; Willingness to sell,,,,,,,
8WKFHJ2J,journalArticle,2020,"Koc, Kerim; Işık, Zeynep",A multi-agent-based model for sustainable governance of urban flood risk mitigation measures,"""Expert-based (qualitative, interview, participatory)""","Explanatory, Exploratory",Exploratory / Scenario-based,Natural Hazards,,"0921-030X, 1573-0840",10.1007/s11069-020-04205-3,https://link.springer.com/10.1007/s11069-020-04205-3,"Consequences of urban floods increased and diversified in terms of social, economical and environmental effects, due to the dense and unplanned urbanization in areas at risk of flooding. Reducing the potential damage of flood is one of the most effective and sustainable reduction strategies of flood risks through adopting adequate urban flood risk mitigation measures (UFRM). The main objective of this study is to ascertain urban floods and develop a model identifying UFRM in accordance with their importance in reducing the effects of floods by employing the concept of multi-agent systems. Social, economical and environmental-based agents were modelled in the agent environment to consider the three dimensions of sustainability in the proposed model. Thirteen negotiation strategies were developed for the agents to negotiate with each other. An illustrative case study was then performed to test the proposed model features, and the results were thoroughly analysed. Sensitivity analysis was conducted to specify the most sensitive strategies over the changing fuzziness level of agents. It was observed that the best strategy differs with respect to short-, medium- and long-term gains significantly, which, in turn, lead to alterations in the list of UFRM. This could provide different risk mitigation plans for different regions with their changing resources. In summary, this study provides an innovative multi-agent-based model that can be performed to specify the most urgent UFRM which can be used by disaster coordination and management authorities as a decision-making input.",Cecília,2020-10,2026-03-17 22:10:24,2026-03-17 22:31:45,2026-03-17 22:10:24,1079-1110,,1,104,Nat Hazards,,,,,,,,en,,,,,DOI.org (Crossref),,,,C:\Users\Thiago\Zotero\storage\YY3WV52F\Koc e Işık - 2020 - A multi-agent-based model for sustainable governance of urban flood risk mitigation measures.pdf,,Flood risk factors; Flood risk governance; Multi-agent-based model; Risk mitigation measures; Urban flood,,,,,,,
IW4LJQYH,journalArticle,2021,"Kim, Dongjun; Yun, Tae-Sub; Moon, Il-Chul; Bae, Jang Won",Automatic calibration of dynamic and heterogeneous parameters in agent-based models,"Empirical (micro), Empirical (macro), ""Synthetic (machine learning, AI, other)""",Explanatory,"Metamodeling / Surrogate, Regression / Statistical Inference",Autonomous Agents and Multi-Agent Systems,,"1387-2532, 1573-7454",10.1007/s10458-021-09528-4,https://link.springer.com/10.1007/s10458-021-09528-4,"Simulation has been applied to diverse domains such as urban growth modeling and market dynamics modeling. Some of these applications may require validations, based on some real-world observations modeled in the simulation. This validation can be conducted as either qualitative face-validation or quantitative empirical validation; however, as the importance and accumulation of data grows, the importance of quantitative validation has been highlighted in recent studies. The key component of quantitative validation is finding a calibrated set of parameters to regenerate the real-world observations in the simulation models. While the parameter of interest to be calibrated has hitherto been fixed throughout simulation executions, we expand the static parameter calibration in two dimensions in this study, dynamically and heterogeneously. The dynamic calibration changes the parameter values over the simulation period by reflecting the simulation output trend, and the heterogeneous calibration changes the parameter values per simulated entity clusters by considering the similarities of the entity states. We experimented with the proposed calibrations on a hypothetical case and a real-world case. For the hypothetical scenario, we used the wealth distribution model to illustrate how our calibration works. For the real-world scenario, we selected the real estate market model. The models were selected, because of two reasons. First, they have heterogeneous entities, being agent-based models. Second, they are agentbased models exhibiting real-world trends over time.",Cecília,2021-10,2026-03-17 22:10:26,2026-03-17 22:31:47,2026-03-17 22:10:26,46,,2,35,Auton Agent Multi-Agent Syst,,,,,,,,en,,,,,DOI.org (Crossref),,,,C:\Users\Thiago\Zotero\storage\8TSL6ZXN\Kim et al. - 2021 - Automatic calibration of dynamic and heterogeneous parameters in agent-based models.pdf,,Agent-based model; Machine learning; Parameter calibration; Simulation validation,,,,,,,
SA7Q2P2S,journalArticle,2019,"Kanno, T.; Koike, S.; Suzuki, T.; Furuta, K.",Human-centered modeling framework of multiple interdependency in urban systems for simulation of post-disaster recovery processes,Theoretical (literature),"Explanatory, Theoretical / Illustrative","Exploratory / Scenario-based, Local (OAT/OFAT)","Cognition, Technology & Work",,"1435-5558, 1435-5566",10.1007/s10111-018-0510-2,http://link.springer.com/10.1007/s10111-018-0510-2,"This paper presents a human-centered modeling framework of urban systems to capture various types of interdependency underlying urban sociotechnical and socioeconomic systems. The proposed framework consists of three major subsystems: civil life, manufacturing/service industry, and lifeline infrastructure. This framework classifies nine different types of interdependencies existing within and between these three subsystems. This paper also presents a computer simulation of the post-disaster recovery process of urban systems considering various interdependencies captured by the modeling framework. We adopt an agent-based model incorporating a network model for implementing the three subsystems as well as the various types of interdependencies. A sensitivity analysis was conducted based on the R4 framework of disaster resilience to verify and validate the simulation model. The simulation results were generally consistent with the predictions made by the R4 framework, suggesting that the model was implemented properly and can capture the multiple interdependencies behind the urban systems.",Cecília,2019-05,2026-03-17 22:10:28,2026-03-17 22:31:49,2026-03-17 22:10:28,301-316,,2,21,Cogn Tech Work,,,,,,,,en,,,,,DOI.org (Crossref),,,,C:\Users\Thiago\Zotero\storage\VEUFDZ8P\Kanno et al. - 2019 - Human-centered modeling framework of multiple interdependency in urban systems for simulation of pos.pdf,,Agent-based model; Interdependency; Critical infrastructure; Disaster resilience; Network model,,,,,,,
WPQLDWDX,journalArticle,2017,"Kandiah, Venu; Binder, Andrew R.; Berglund, Emily Z.",An Empirical Agent‐Based Model to Simulate the Adoption of Water Reuse Using the Social Amplification of Risk Framework,Empirical (micro),Decision Support / Policy Evaluation,Exploratory / Scenario-based,Risk Analysis,,"0272-4332, 1539-6924",10.1111/risa.12760,https://onlinelibrary.wiley.com/doi/10.1111/risa.12760,"Abstract             Water reuse can serve as a sustainable alternative water source for urban areas. However, the successful implementation of large‐scale water reuse projects depends on community acceptance. Because of the negative perceptions that are traditionally associated with reclaimed water, water reuse is often not considered in the development of urban water management plans. This study develops a simulation model for understanding community opinion dynamics surrounding the issue of water reuse, and how individual perceptions evolve within that context, which can help in the planning and decision‐making process. Based on the social amplification of risk framework, our agent‐based model simulates consumer perceptions, discussion patterns, and their adoption or rejection of water reuse. The model is based on the “risk publics” model, an empirical approach that uses the concept of belief clusters to explain the adoption of new technology. Each household is represented as an agent, and parameters that define their behavior and attributes are defined from survey data. Community‐level parameters—including social groups, relationships, and communication variables, also from survey data—are encoded to simulate the social processes that influence community opinion. The model demonstrates its capabilities to simulate opinion dynamics and consumer adoption of water reuse. In addition, based on empirical data, the model is applied to investigate water reuse behavior in different regions of the United States. Importantly, our results reveal that public opinion dynamics emerge differently based on membership in opinion clusters, frequency of discussion, and the structure of social networks.",Cecília,2017-10,2026-03-17 22:10:29,2026-03-17 22:31:51,2026-03-17 22:10:29,2005-2022,,10,37,Risk Analysis,,,,,,,,en,http://onlinelibrary.wiley.com/termsAndConditions#am,,,,DOI.org (Crossref),,,,C:\Users\Thiago\Zotero\storage\4ZN5SEVQ\Kandiah et al. - 2017 - An Empirical Agent‐Based Model to Simulate the Adoption of Water Reuse Using the Social Amplificatio.pdf,,agent-based model; opinion dynamics; Acceptance-resistance; risk perceptions; social amplification of risk; water reuse,,,,,,,
D6HLQRLJ,journalArticle,2015,"Joffre, Olivier M.; Bosma, Roel H.; Ligtenberg, Arend; Tri, Van Pham Dang; Ha, Tran Thi Phung; Bregt, Arnold K.",Combining participatory approaches and an agent-based model for better planning shrimp aquaculture,"""Expert-based (qualitative, interview, participatory)"", Empirical (micro)","Decision Support / Policy Evaluation, Communication / Education",Exploratory / Scenario-based,Agricultural Systems,,0308521X,10.1016/j.agsy.2015.10.006,https://linkinghub.elsevier.com/retrieve/pii/S0308521X15300378,,Cecília,2015-12,2026-03-17 22:10:31,2026-03-17 22:31:53,2026-03-17 22:10:31,149-159,,,141,Agricultural Systems,,,,,,,,en,,,,,DOI.org (Crossref),,,,C:\Users\Thiago\Zotero\storage\UA25Q87J\Joffre et al. - 2015 - Combining participatory approaches and an agent-based model for better planning shrimp aquaculture.pdf,,Agent-based model; Farmer decision-making; Participatory modeling; Role playing game; Shrimp farming; Vietnam,,,,,,,
8NCUZWZ8,journalArticle,2025,"Jiménez, Andrea Navarro",Agent-based modeling and reinforcement learning for equitable waste transitions in Costa Rica: A national policy stress-test,"Empirical (macro), ""Synthetic (machine learning, AI, other)""",Decision Support / Policy Evaluation,Local (OAT/OFAT),Journal of Cleaner Production,,9596526,10.1016/j.jclepro.2025.147103,https://linkinghub.elsevier.com/retrieve/pii/S0959652625024606,"Household recycling in Costa Rica remains limited, with ≈94 % of waste landfilled and pronounced urban–rural disparities. Existing studies typically apply city-level ABMs or operations-focused RL; a national, equity-aware simulator that links geospatial access, household behavior, and system costs has been missing. This study fills that gap with the first national-scale, equity-aware ABM–RL policy stress-test for household recycling in Latin America, delivering a transferable decision tool for SDG-aligned planning. A multi-model framework connects geospatial accessibility, an agent-based model (ABM), a reinforcement-learning (RL) module, and an economic evaluation with one-way sensitivity and discounted indicators. The ABM uses a classifier to simulate household decisions as a function of access, location, and incentives; the RL layer adapts actions via reward feedback that balances avoided CO2 against distance, time, and fatigue costs. Province-level material flows (generated, recycled, landfilled) and environmental outcomes (CO2e avoided; organics-to-biogas proxy) are quantified, and system costs are reported nationally (total, $/t, $/kg CO2e). Under a fixed-infrastructure stress-test, the ABM yields modest participation (≈11–13 %), whereas the RL configuration stabilizes below 1 % once access and effort penalties are internalized—indicating that adaptive learning alone cannot overcome structural access barriers. Economically, the ABM is more cost-effective than RL in this scope in both single-year and discounted terms. Sensitivity analysis identifies facility setup (CAPEX) as the dominant cost driver, with labor and maintenance secondary. Interpreted through intertemporal valuation, results show that access conditions govern behavioral and climate outcomes and concentrate cost risks.",Cecília,2025-12,2026-03-17 22:10:33,2026-03-17 22:31:55,2026-03-17 22:10:33,147103,,,535,Journal of Cleaner Production,Agent-based modeling and reinforcement learning for equitable waste transitions in Costa Rica,,,,,,,en,,,,,DOI.org (Crossref),,,,C:\Users\Thiago\Zotero\storage\UCBJQWJK\Jiménez - 2025 - Agent-based modeling and reinforcement learning for equitable waste transitions in Costa Rica A nat.pdf,,Agent-based modeling (ABM); Circular economy; Economic evaluation; Environmental economics; Reinforcement learning (RL); Spatial accessibility; Waste management,,,,,,,
NCMP9LFF,journalArticle,2018,"Jiang, Guoyin; Liu, Shan; Liu, Wenping; Xu, Yan",Agent-based modeling and simulation of the decision behaviors of e-retailers,"Empirical (micro), Hybrid","Decision Support / Policy Evaluation, Exploratory","Exploratory / Scenario-based, Regression / Statistical Inference",Industrial Management & Data Systems,,0263-5577,10.1108/IMDS-07-2017-0321,http://www.emerald.com/imds/article/118/5/1094-1113/175357,Purpose – Social media facilitates consumer exchanges on product opinions and provides comprehensive knowledge of online products. The interaction between consumers and e-retailers evolves into a collective set of dynamics within a complex system. Agent-based modeling is well suited to stimulate such complex systems. The purpose of this paper is to integrate agent-based model and technique for order performance by similarity to ideal solution (TOPSIS) to simulate decision behaviors of e-retailers in competitive online markets.,Cecília,2018-08-13,2026-03-17 22:10:35,2026-03-17 22:31:57,2026-03-17 22:10:35,1094-1113,,5,118,IMDS,,,,,,,,en,https://www.emerald.com/insight/site-policies,,,,DOI.org (Crossref),,,,C:\Users\Thiago\Zotero\storage\BEFI7VUW\Jiang et al. - 2018 - Agent-based modeling and simulation of the decision behaviors of e-retailers.pdf,,Agent-based modelling; Collective dynamics; Cross-selling; E-commerce; TOPSIS,,,,,,,
YNRUGCSZ,journalArticle,2025,"Ji, Tingting; Stankov, Ivana; Egan, Niles Sherman; Lich, Kristen Hassmiller; Thornton, Rachel L.J.; Wang, Qi; Igusa, Takeru; Wei, Hsi-Hsien; Matson, Pamela A.",Investigating the impacts of alcohol outlet zoning policy on alcohol consumption and access to non-alcoholic services: A spatial agent-based simulation,"Empirical (micro), Empirical (macro)",Explanatory,NA,Health & Place,,13538292,10.1016/j.healthplace.2025.103489,https://linkinghub.elsevier.com/retrieve/pii/S1353829225000796,"Debates continue over the effectiveness of limiting alcohol outlet density in reducing alcohol consumption, and its broader impacts on access to non-alcoholic services in low-income urban communities remain underexplored. This study addresses this gap by investigating the impacts of alcohol outlet zoning policies on alcohol consumption and walkable access to non-alcoholic services in low-income urban communities with different baseline densities of liquor and grocery stores. We developed a spatial agent-based model of Baltimore City neighborhoods, simulating the closure of non-conforming liquor stores following the city’s zoning code rewrite. The model was calibrated using national survey data and empirical research on alcohol consumption and walkable access to alcohol, food, lottery, and ATM outlets by subgroups. We observed non-linear relationships and differences by gender and employment status in the effects of liquor store closures on heavy drinking, with policies showing limited effectiveness in neighborhoods with high baseline liquor store density. While the policies had minimal impact on access to food and ATMs due to high prevalence of grocery stores, they reduced access to lottery services. Our modeling approach serves as a valuable decision-making tool for policymakers to explore hypothetical scenarios, identify tipping points of policy impacts, and provide actionable insights into the complex interactions between zoning policies and neighborhood dynamics concerning alcohol consumption and access to essential goods and services.",Cecília,2025-07,2026-03-17 21:37:12,2026-03-17 22:31:59,2026-03-17 22:10:37,103489,,,94,Health & Place,Investigating the impacts of alcohol outlet zoning policy on alcohol consumption and access to non-alcoholic services,,,,,,,en,,,,,DOI.org (Crossref),,,,C:\Users\Thiago\Zotero\storage\4TX2L29P\Ji et al. - 2025 - Investigating the impacts of alcohol outlet zoning policy on alcohol consumption and access to non-a.pdf,,,,,,,,,
NJMQQSPT,journalArticle,2025,"Javan Salehi, Maryam; Shourian, Mojtaba",A coupled agent-based and hydrological modelling approach using value-belief-norm theory to simulate anthropogenic impacts on water resources,Hybrid,"Exploratory, Explanatory",Local (OAT/OFAT),Journal of Hydrology,,221694,10.1016/j.jhydrol.2025.134056,https://linkinghub.elsevier.com/retrieve/pii/S0022169425013940,"This study presents a novel socio-hydrological modelling approach to examine anthropogenic impacts by simulating human water use behaviour within a coupled human-hydrological system. It integrates an agentbased model (ABM), grounded in the Value-Belief-Norm (VBN) theory, with the distributed SWAT-MODFLOW model to capture agents’ decision-making processes. The VBN framework and behavioural rules in ABM are informed by field surveys of farmers in the Mahabad River Basin. The ABM-SWAT-MODFLOW model is validated against observed data using Nash-Sutcliffe efficiency (NS) and the coefficient of determination (R2) for runoff, along with Mean Absolute Error (MAE) and Root Mean Square Error (RMSE) for groundwater levels. Calibration results (NS = 0.61, R2 = 0.69, MAE = 1.16, RMSE = 1.92) and validation results (NS = 0.52, R2 = 0.60, MAE = 1.65, RMSE = 2.00) indicate satisfactory performance. The study further explores the effects of improved financial conditions on the hydrological regime through three scenarios. Findings reveal that higher incomes increase farmers’ preference for low-water-consuming crops, leading to a rise in Mahabad River discharge into Urmia Lake by 26.22 %, 27.08 %, and 42.77 % across the scenarios. Concurrently, the average groundwater drawdown in the Mahabad aquifer decreases from 0.66 m to 0.55, 0.51, and 0.17 m, respectively. These results underscore the significant influence of farmers’ economic conditions on socio-hydrological interactions, offering valuable insights for water resource management.",Cecília,2025-12,2026-03-17 21:32:17,2026-03-17 22:32:01,2026-03-17 22:10:38,134056,,,662,Journal of Hydrology,,,,,,,,en,,,,,DOI.org (Crossref),,,,C:\Users\Thiago\Zotero\storage\RGXW54SC\Javan Salehi e Shourian - 2025 - A coupled agent-based and hydrological modelling approach using value-belief-norm theory to simulate.pdf,,,,,,,,,
SSYS56FB,journalArticle,2015,"Jang, Tae-Seok",Identification of Social Interaction Effects in Financial Data,Empirical (macro),"Descriptive / Phenomena-based, Explanatory",NA,Computational Economics,,"0927-7099, 1572-9974",10.1007/s10614-013-9415-6,http://link.springer.com/10.1007/s10614-013-9415-6,"In this paper, we present a stochastic agent-based model and extend an artiﬁcial ﬁnancial market by considering a stochastic process of market fundamentals. The model predicts that groups of noise traders are busy communicating when market uncertainty is high. In particular, we examine the effects of social interactions on price movements, based on parameter estimation of the group behavior. As traders’ reactions to new information act much like an endogenous shock on return volatility, however, we cannot easily ﬁnd an exact solution for the model with social interactions. Thus, simulation-based inference is used for the model validation; we investigate whether our artiﬁcial economy can match the empirical moments observed in ﬁve major foreign exchange data sets (as closely as possible). The results indicate that the return volatility under scrutiny can be robustly decomposed into news (45–55 %) and social interaction effects (45–55 %).",Cecília,2015-02,2026-03-17 22:10:40,2026-03-17 22:32:03,2026-03-17 22:10:40,207-238,,2,45,Comput Econ,,,,,,,,en,http://www.springer.com/tdm,,,,DOI.org (Crossref),,,,C:\Users\Thiago\Zotero\storage\RAZVE56R\Jang - 2015 - Identification of Social Interaction Effects in Financial Data.pdf,,Agent-based model; Simulation-based inference; Model validation; Social interaction; News; Noise trader,,,,,,,
6865RESI,journalArticle,2025,"Jafari, Afshin; Singh, Dhirendra; Gunn, Lucy; Both, Alan; Giles-Corti, Billie",Modelling the impact of road infrastructure on cycling moving speed,Empirical (micro),"Decision Support / Policy Evaluation, Predictive","Regression / Statistical Inference, Exploratory / Scenario-based",Journal of Cycling and Micromobility Research,,29501059,10.1016/j.jcmr.2024.100049,https://linkinghub.elsevier.com/retrieve/pii/S2950105924000408,"Cycling for transport is a sustainable alternative to using motorised vehicles for daily trips and is a key form of micromobility. Travel time is a critical factor influencing cycling route choice behaviour and uptake. Thus, it is important to understand the factors affecting cycling travel time and speed and their impact on cycling behaviour. In this study, an agent-based transport simulation model with heterogeneous cycling speeds was developed and used for Melbourne to study the impact of a hypothetical traffic signal optimisation intervention along six key cycling corridors. Linear regression and random forest models were used to identify factors affecting cycling speed, which informed the parameters of the agent-based model. Simulation outputs showed, on average, an increase of 4.1 % in the number of cyclists on the corridors, as existing cyclists chose to use these corridors, and an average reduction in cyclists’ moving travel time of 6.2 % for those using the intervention corridors (excluding time spent waiting at traffic signals). The findings provide insights into the effects of road attributes on cycling speed and behaviour, as well as the effectiveness of interventions aimed at reducing cycling delays. These insights are valuable for developing solutions to optimise urban infrastructure for micromobility, enhancing the efficiency and appeal of cycling as a viable transport option.",Cecília,2025-03,2026-03-17 21:41:57,2026-03-17 22:32:06,2026-03-17 22:10:42,100049,,,3,Journal of Cycling and Micromobility Research,,,,,,,,en,,,,,DOI.org (Crossref),,,,C:\Users\Thiago\Zotero\storage\UCLKFAVK\Jafari et al. - 2025 - Modelling the impact of road infrastructure on cycling moving speed.pdf,,,,,,,,,
AH2LF42J,journalArticle,2019,"Al Irsyad, Muhammad Indra; Halog, Anthony; Nepal, Rabindra",Estimating the impacts of financing support policies towards photovoltaic market in Indonesia: A social-energy-economy-environment model simulation,Hybrid,Decision Support / Policy Evaluation,"Local (OAT/OFAT), Exploratory / Scenario-based",Journal of Environmental Management,,3014797,10.1016/j.jenvman.2018.09.069,https://linkinghub.elsevier.com/retrieve/pii/S030147971831079X,"This study develops a hybrid energy agent-based model that integrates the input–output analysis, environmental factors and socioeconomic characteristics of rural and urban households in Indonesia. We use the model to estimate the effects of four solar energy policy interventions on photovoltaic (PV) investments, government expenditure, economic outputs, CO2e emissions and the uses of steel, aluminium, concrete and energy. The results of our analysis call for the abolition of the PV donor gift policy, the improvement of production efficiency in the PV industry and the establishment of after-sales services and rural financing institutions. A 100 W peak (Wp) PV under this recommendation would be affordable for 80.6% of rural households that are projected to be without access to electricity in 2029. Net metering is the most effective policy for encouraging urban people to invest in PV in a situation where fossil energy prices are increasing and PV prices are declining. A donor gift policy may induce USD 51.9 new economic outputs for every Wp of PV operating to capacity in 2029, but would require a subsidy of USD 18.6/Wp. The recommended policies do not require subsidies and reduce CO2eq emissions and the consumption of aluminium, energy, steel and concrete by between 83.1% and 89.7% more than the existing policy. Several policy implications are discussed in response to these findings. As a contribution to energy modelling literature, the model can be used for other developing countries by merely changing its data.",Cecília,2019-01,2026-03-17 22:10:44,2026-03-17 22:32:07,2026-03-17 22:10:44,464-473,,,230,Journal of Environmental Management,Estimating the impacts of financing support policies towards photovoltaic market in Indonesia,,,,,,,en,,,,,DOI.org (Crossref),,,,C:\Users\Thiago\Zotero\storage\8IQLCQ2L\Al Irsyad et al. - 2019 - Estimating the impacts of financing support policies towards photovoltaic market in Indonesia A soc.pdf,,Agent-based modelling; Developing country; Input-output analysis; Socioeconomic; Solar energy policy,,,,,,,
VP9MLS5V,journalArticle,2023,"Huang, Ruopeng; Liu, Guiwen; Li, Kaijian; Liu, Zhengxuan; Fu, Xinyue; Wen, Jun",Evolution of residents' cooperative behavior in neighborhood renewal: An agent-based computational approach,Empirical (micro),Explanatory,"Local (OAT/OFAT), Exploratory / Scenario-based","Computers, Environment and Urban Systems",,1989715,10.1016/j.compenvurbsys.2023.102022,https://linkinghub.elsevier.com/retrieve/pii/S0198971523000856,"The cooperative behavior of residents is complex and influenced by their complicated social relationships. This complexity is especially noticeable in neighborhood renewal, so the government does not know how to promote residents’ cooperative behavior. Therefore, this study proposes an agent-based model (ABM) to investigate the development of residents’ cooperative behavior in neighborhood renewal. Based on a questionnaire survey among residents of old neighborhoods in China, the parameters of ABM were determined in this study. Then, controlled experiments were conducted to investigate the effects of general trust among residents and government control of neighborhood renewal on cooperation patterns in renewal projects. In addition, this study examines the effects of different types of social network structures (small-world, scale-free, and random networks) on the evolution of residents’ cooperative behaviors. The simulation results show that when residents’ initial willingness to agree to renewal projects is high, their close social relationships need to be managed by the government to achieve better outcomes. Conversely, if initial willingness is low, residents’ close relationships may pose a challenge to the government. In addition, government-led renewal projects should be encouraged to a greater extent. This study confirms that the different social network structures have an influence on the development of residents’ cooperative behavior. The results of this study provide concrete evidence for understanding the factors that contribute to the emergence of residents’ cooperative behavior and for studying the effects of government intervention on neighborhood renewal projects. In addition, the results of this study provide theoretical support for future studies of residents’ social network structures.",Cecília,2023-10,2026-03-17 22:10:46,2026-03-17 22:33:20,2026-03-17 22:10:46,102022,,,105,"Computers, Environment and Urban Systems",Evolution of residents' cooperative behavior in neighborhood renewal,,,,,,,en,,,,,DOI.org (Crossref),,,,C:\Users\Thiago\Zotero\storage\45EVDELF\Huang et al. - 2023 - Evolution of residents' cooperative behavior in neighborhood renewal An agent-based computational a.pdf,,Agent-based model; Social network; Cooperative behavior; Neighborhood renewal,,,,,,,
ACQPQKCF,journalArticle,2022,"Huang, Qiuyi; Zheng, Xiaoping; Zhang, Mengjie; Zhang, Xiaoshuan",Agent-based modeling of the word-of-mouth effect on promoting brand-name agricultural products,Hybrid,"Explanatory, Exploratory",Exploratory / Scenario-based,Journal of Economic Interaction and Coordination,,"1860-711X, 1860-7128",10.1007/s11403-022-00349-6,https://link.springer.com/10.1007/s11403-022-00349-6,"Developing brand agricultural products (BAPs) has become a strategic choice for consumption upgrading and agricultural modernization in China. As a powerful marketing method, word-of-mouth (WOM) is rarely applied to BAPs. Based on the particularity of the agricultural environment and products in China, this paper focuses on the WOM behavior of consumers regarding BAPs. An agent-based simulation model was designed, including attitude and motivation functions. The former determines consumers’ attitudes toward BAPs, whereas the latter determines whether consumers will spread information by WOM. The model was validated, and some parameters were measured through a survey of Beijing consumers. Then, experiments were conducted to simulate the evolution process of consumers’ attitudes and willingness to engage in WOM and the inﬂuence of consumer heterogeneity on WOM spreading. Exploratory ﬁndings mainly show that (1) only when the strength of WOM marketing reaches a certain degree can it affect consumer attitudes toward BAPs, (2) in the early stage of WOM spreading, the greater the strength of economic stimulation to consumers, the greater the rate of WOM communication, and (3) the higher the education level of the target group of WOM marketing, the higher the efﬁciency of WOM communication.",Cecília,2022-07,2026-03-17 22:10:48,2026-03-17 22:33:18,2026-03-17 22:10:48,875-896,,3,17,J Econ Interact Coord,,,,,,,,en,,,,,DOI.org (Crossref),,,,C:\Users\Thiago\Zotero\storage\IJLUVBJ3\Huang et al. - 2022 - Agent-based modeling of the word-of-mouth effect on promoting brand-name agricultural products.pdf,,Agent-based model (ABM); Brand agricultural products (BAPs); Brand attitude; Willingness to spread; Word-of-mouth (WOM),,,,,,,
STZAR7XW,journalArticle,2023,"Hou, Yu; Liu, Yi; Xu, Xiaoyu; Fan, Yunfei; Ma, Shimeng; Wang, Sufen",Grid-scale crop dynamic layout optimization model considering stakeholders' cropping preferences and practice behaviours,Hybrid,Explanatory,"Exploratory / Scenario-based, Regression / Statistical Inference",Ecological Indicators,,1470160X,10.1016/j.ecolind.2023.110963,https://linkinghub.elsevier.com/retrieve/pii/S1470160X23011056,"Rapid population growth has led to an increasing demand for food, accompanied by an increase in the resources invested in producing food, and the extensive food production practices have placed a huge burden on the environment. There is an urgent desire of need to find a sustainable model of food production. Therefore, this study attempted to develop a dynamic regional grid-scale crop layout model (ABCAMODP-Crop) combining agent-based model, multi-objective programming, dynamic programming and cellular automata model to promote more sustainable food production from a supply-side perspective. The model can: (1) take into account the planting preferences and practical behaviours of government and farmer as stakeholders in crop layout; (2) further weigh the conflicts among the various objectives that stakeholders are concerned with from resource, environmental, nutritional and economic dimensions; (3) consider the impact of the previous year’s crop layout on the next year’s crop placement; and (4) obtain grid-scale accurate crop layout solutions by considering the spatial variability of optimization parameters and the neighborhood effects of crop layout cells. The model was applied to the Shiyang River Basin in China to verify its usefulness. Over the entire planning period, crop layout schemes optimized with the objective of integrating irrigation water productivity, environmental impact, nutrient availability and economic benefits have higher comprehensive benefits than the original scheme, with an increase in average irrigation water productivity per unit area of 14.55%, an increase in total yield of 14.45%, an increase in total carbohydrate availability of 7.39%, an increase in total calcium availability of 18.74%, an increase in total net carbon sequestration of 8.05%, an increase in total net benefit of 20.08%. The model developed allows for a holistic view of crop layout and guides decision-makers in a rational distribution of regional crops, thus promoting more sustainable food production. It can equally be extended to other regions as a generic modelling framework.",Cecília,2023-11,2026-03-17 22:10:49,2026-03-17 22:34:34,2026-03-17 22:10:49,110963,,,155,Ecological Indicators,,,,,,,,en,,,,,DOI.org (Crossref),,,,C:\Users\Thiago\Zotero\storage\EYFCEF4X\Hou et al. - 2023 - Grid-scale crop dynamic layout optimization model considering stakeholders' cropping preferences and.pdf,,Agent-based model; Cellular automata; Crop rotation; Dynamic programming; Crop layout; Multi-objective programming,,,,,,,
89VFHR8X,journalArticle,2025,"Hosszú, Zsuzsanna; Borsos, András; Mérő, Bence; Vágó, Nikolett",The optimal choice of scaling in economic agent-based models,Empirical (macro),Exploratory,Exploratory / Scenario-based,Journal of Economic Behavior & Organization,,1672681,10.1016/j.jebo.2025.106928,https://linkinghub.elsevier.com/retrieve/pii/S0167268125000484,"In economics, two strategies are typically employed to reduce the size and complexity of models: (i) using representative agents by aggregating the actual entities, (ii) and downscaling, i.e. using only a sample of agents. While the first strategy has been studied in detail in mainstream economics, the implications of the second option – which is mainly used in complexity economics – are underresearched. This paper contributes to filling this gap by proposing a protocol for sensitivity analysis with respect to the scaling choice in these models. We introduce this protocol in a dual manner. First, we identify three main theoretical channels via which scaling can influence complex economic ABMs: (i) idiosyncratic shocks, (ii) information loss due to insufficient interactions, and (iii) the distribution of the characteristics of agents. Second, we analyse the implications of these mechanisms by assessing the trade-offs between three fundamental measures of model performance: precision, accuracy and running time, with different downscaling levels ranging between 0.25%–100% of the full population. We illustrate our approach using the model of Mérő et al. (2023), which is suitable for representing the housing market of Hungary at any scale in this interval (from 10,000 to 4 million agents). We show that in this model there is a non-trivial relationship between the scaling factor and the model performance. Not only does the model’s accuracy and precision depend on the model size in a non-linear manner, we also found that the evaluation of a scenario at a given level of precision takes only three to four times longer with 100 times more agents.",,2025-04,2026-03-17 21:39:38,2026-03-17 22:34:33,2026-03-17 22:10:51,106928,,,232,Journal of Economic Behavior & Organization,,,,,,,,en,,,,,DOI.org (Crossref),,,,C:\Users\Thiago\Zotero\storage\Q7DFYJ5Z\Hosszú et al. - 2025 - The optimal choice of scaling in economic agent-based models.pdf,,,,,,,,,
EIACC839,journalArticle,2023,"Hołyst, Janusz A.",Why does history surprise us?,Theoretical (literature),"Theoretical / Illustrative, Explanatory",NA,Journal of Computational Science,,18777503,10.1016/j.jocs.2023.102137,https://linkinghub.elsevier.com/retrieve/pii/S1877750323001977,"The Russian military aggression against Ukraine in February 2022 unveiled the illusory nature of our faith in the stability of the global political system. This belief was largely rooted in our short-term observations and naive expectations that political structures and social relationships were fixed points in the evolution of history. However, the reality is that we cannot assume the socio-political order we know to be the sole possible state, nor should we expect the transition to new solutions to occur smoothly. This study presents three agent-based models demonstrating how changes in socio-political structures can exhibit a discontinuous nature. These models include a social impact model with a strong leader, a model of interactions among competing social groups, and a model of structural balance dynamics. The discontinuous changes observed stem from the multistability of multiagent models, and the resulting transitions are both irreversible and exhibit hysteresis behaviour. All the transitions considered correspond to tipping points and the critical parameter values calculated through analytical approaches agree with the results of agent-based numerical simulations. The outcomes of these models exhibit qualitative agreement with historical data, particularly concerning the causes of the First World War and Adolf Hitler’s ascent to absolute power in Germany, while also complementing observed variations in connection density within echo chambers formed by conservative and liberal communities in U.S.",Cecília,2023-11,2026-03-17 22:10:53,2026-03-17 22:34:31,2026-03-17 22:10:53,102137,,,73,Journal of Computational Science,,,,,,,,en,,,,,DOI.org (Crossref),,,,C:\Users\Thiago\Zotero\storage\7FY4KUPE\Hołyst - 2023 - Why does history surprise us.pdf,,Communities; Discontinuous phase transition; Fold catastrophe; Social impact; Structural balance; Tipping points,,,,,,,
I43FTG73,journalArticle,2016,"Chliaoutakis, Angelos; Chalkiadakis, Georgios",Agent-based modeling of ancient societies and their organization structure,Hybrid,"Explanatory, Theoretical / Illustrative",Exploratory / Scenario-based,Autonomous Agents and Multi-Agent Systems,,"1387-2532, 1573-7454",10.1007/s10458-016-9325-9,http://link.springer.com/10.1007/s10458-016-9325-9,"Some of the most interesting questions one can ask about early societies, are about people and their relations, and the nature and scale of their organization. In this work, we attempt to answer such questions with approaches introduced by multiagent systems. Speciﬁcally, we developed a generic agent-based model (ABM) for simulating ancient societies. Unlike most existing ABMs used in archaeology, our model includes agents that are autonomous and utility-based. Our model can (and does) also incorporate different social organization paradigms and technologies used in ancient societies. Equipped with such paradigms, our model allows us to explore the transition from a simple to a more complex society by focusing on the historical social dynamics—i.e., the ﬂexibility and evolution of power relationships depending on social context and time. As a case study, we employ our model to evaluate the impact of the implemented social and technological paradigms on an artiﬁcial Early Bronze Age “Minoan” society located at a particular region of the island of Crete. Model parameter choices are based on archaeological evidence and studies, but are not biased towards any speciﬁc assumption. Results over a number of different simulation scenarios demonstrate an impressive sustainability for settlements consisting of and adopting a socio-economic organization model based on self-organization, and which was inspired by a recent framework for modern self-organizing agent organizations. This is the ﬁrst time a self-organization approach is incorporated in an archaeology ABM system.",Cecília,2016-11,2026-03-17 22:10:55,2026-03-17 22:32:33,2026-03-17 22:10:55,1072-1116,,6,30,Auton Agent Multi-Agent Syst,,,,,,,,en,,,,,DOI.org (Crossref),,,,C:\Users\Thiago\Zotero\storage\FLTSQGXS\Chliaoutakis e Chalkiadakis - 2016 - Agent-based modeling of ancient societies and their organization structure.pdf,,Agent-based modeling; Multi-agent systems; Self-organization; Social archaeology,,,,,,,
MLEHCUPU,journalArticle,2018,"Heydari, Babak; Pennock, Michael J.",Guiding the behavior of sociotechnical systems: The role of agent‐based modeling,Theoretical (literature),"Explanatory, Theoretical / Illustrative",NA,Systems Engineering,,"1098-1241, 1520-6858",10.1002/sys.21435,https://incose.onlinelibrary.wiley.com/doi/10.1002/sys.21435,"Performance and success for many sociotechnical systems depend on the way the social and the technical parts interact and coevolve with each other. Such dynamic interactions are increasingly becoming an essential part of design and governance of many emerging systems such as sharing economy platforms and critical infrastructures. This paper makes a case for an agentbased approach to support the design and governance of sociotechnical systems and asserts that agent-based modeling (ABM) and simulation, with certain suggested revisions, can be a powerful methodology in this domain. This paper addresses three goals: The first is to make a case for using ABM in the analysis, design, and governance of sociotechnical systems due to systemic trends that increase the relevance of ABM. The second goal is to point to a crucial difference between the application of ABM to natural, social, and physical systems, where most of the ABM literature resides and its application to sociotechnical systems. As a part of this goal, we will focus on using ABM as a design tool to guide the behavior of sociotechnical systems at higher levels of abstraction by changing parameters at lower levels. The third goal is to provide a perspective on the often controversial topic of model validation for ABM and discuss various levels of expectations and flavors of validation for ABM. To this end, and building on the framework proposed under the second goal, we present a process that we call quasi-validation as a suggested high-level framework to gain confidence in using agent-based models for intervention-based scenario studies. Finally, we discuss a set of future research directions in ABM for design and governance of sociotechnical systems.",Cecília,2018-05,2026-03-17 22:10:57,2026-03-17 22:34:30,2026-03-17 22:10:57,210-226,,3,21,Systems Engineering,Guiding the behavior of sociotechnical systems,,,,,,,en,,,,,DOI.org (Crossref),,,,C:\Users\Thiago\Zotero\storage\TBD7ZNG2\Heydari e Pennock - 2018 - Guiding the behavior of sociotechnical systems The role of agent‐based modeling.pdf,,agent-based modeling; simulation; validation; complexity; sociotechnical systems; emergence; bottom-up modeling; complex networks; governance of complex systems,,,,,,,
CFIN2EW3,journalArticle,2016,"Henderson, Jesse D; Abt, Robert C",An Agent-Based Model of Heterogeneous Forest Landowner Decisionmaking,Hybrid,Explanatory,"Exploratory / Scenario-based, Regression / Statistical Inference",Forest Science,,"0015-749X, 1938-3738",10.5849/forsci.15-018,https://academic.oup.com/forestscience/article/62/4/364/4583932,"The Forest Agent-Based Landowner Economy (FABLE) model simulates a market where private forest landowner agents with heterogeneous preferences cast bids using normative decisionmaking rules. In doing so, the model connects two areas of study important to the forest economics literature: market behavior and behavior of individual forest landowners. The model constructs heterogeneity by separating agents into those who bid based on a valuation of timber and those who bid based on an amenity value. Furthermore, discount rates vary among agents and stand age is drawn from an empirical age class distribution of North Carolina’s southern coastal plain. Model outputs include price, removals, average harvest age, and age class structure. A sensitivity analysis on demand curve and amenity value scenarios shows expected economic relationships as exhibited by model outputs and by implicit supply and inventory elasticities. For the majority of scenarios, these elasticity estimates, which are not predetermined but represent an emergent property of the model, are consistent with empirical estimates. Equilibrium dynamics mimic long-wave inventory cycles found historically, rather than simple steady-state solutions.",Cecília,2016-08-01,2026-03-17 22:10:59,2026-03-17 22:34:29,2026-03-17 22:10:59,364-376,,4,62,,,,,,,,,en,,,,,DOI.org (Crossref),,,,C:\Users\Thiago\Zotero\storage\SISXZ8MM\Henderson e Abt - 2016 - An Agent-Based Model of Heterogeneous Forest Landowner Decisionmaking.pdf,,Amenity value; Artificial market; Forest economics; Natural resource management; Optimal harvest,,,,,,,
VNVA538Y,journalArticle,2022,"Hassen, Fathi Said; Kalla, Mahdi; Dridi, Hadda",Using agent-based model and Game Theory to monitor and curb informal houses: A case study of Hassi Bahbah city in Algeria,Hybrid,Decision Support / Policy Evaluation,Exploratory / Scenario-based,Cities,,2642751,10.1016/j.cities.2022.103617,https://linkinghub.elsevier.com/retrieve/pii/S0264275122000567,"According to a United Nations report, the proportion of the urban population living in informal houses worldwide had reached 23.5% in 2018, which means over 1 billion people have been living in slums, and an estimated 3 billion people will be requiring affordable housing by 2030. Slums are often linked to developing countries, where weak governance and misled socio-economic choices aggravate the situation and lead to continual conflict with the authorities. This research aims to model this conflict through Game Theory and shed the light on the different parameters that influence the decision-making process and finally propose a management model to limit the spread of this phenomenon as much as possible. This model will be applied in the city of Hassi Bahbah using ABM, the results of the game modeling allowed us to extract the delta threshold which will allow decisionmakers to know when they have to make decisions. Our study aims to offer decision-makers a tool based on our model, allowing them to better manage and thus monitor the evolution of informal houses. The authors hope that the findings could provide means and insights for policies and strategic directions in land uses and planning systems.",Cecília,2022-06,2026-03-17 22:11:01,2026-03-17 22:34:27,2026-03-17 22:11:01,103617,,,125,Cities,Using agent-based model and Game Theory to monitor and curb informal houses,,,,,,,en,,,,,DOI.org (Crossref),,,,C:\Users\Thiago\Zotero\storage\978ICSCM\Hassen et al. - 2022 - Using agent-based model and Game Theory to monitor and curb informal houses A case study of Hassi B.pdf,,Agent-based model; Urban planning; Game theory; Informal houses,,,,,,,
PBQAJVCK,journalArticle,2022,"Hashemi Aslani, Zohreh; Omidvar, Babak; Karbassi, Abdolreza",Integrated model for land-use transformation analysis based on multi-layer perception neural network and agent-based model,"Hybrid, Empirical (micro), ""Synthetic (machine learning, AI, other)""","Predictive, Decision Support / Policy Evaluation","Metamodeling / Surrogate, Regression / Statistical Inference",Environmental Science and Pollution Research,,"0944-1344, 1614-7499",10.1007/s11356-022-19392-8,https://link.springer.com/10.1007/s11356-022-19392-8,"The efficacy of land-use changes on aquatic ecosystems has been extensively studied in recent decades. Water resource management needs to understand the relationship between land-use change patterns and water quality, especially in urban areas. Hence, recognizing spatial–temporal changes in land use is required for sustainable development and proper water resource management. This research has developed an integrated model based on agent-based model (ABM) and multi-layer perceptron (MLP) neural network technique to predict the future land-use transformation tested on the North Ahvaz watershed, Iran. Random forest-supervised classification technique was applied to derive the land-use maps using Landsat 1989, 2004, and 2019 images in the Google Earth Engine (GEE) platform. The overall accuracy of classified land-use images was 0.82, 0.81, and 0.84, respectively, with the kappa coefficient of 0.74, 0.72, and 0.78. Land-use change analysis and generating transition potential maps were carried out in land change modeler (LCM) through MLP based on seven driving factors. Then, the land-use map for 2019 (for validation) and 2040 was simulated using the transition potential map and an agent-based approach. The ABM scenario was farmers’ and urban landowners’ decisions to convert undeveloped and unprotected lands to residential lands. The results showed that residential areas and pasture lands would grow by 67.96 km2 and 64.63 km2, and agricultural and barren lands would degrade about 84.19 km2 and 47.98 km2 during 2019–2040, respectively. Predicting land-use change through the integrated MLP-ABM model may be used to evaluate the effects of land-use change coming out of human decision-making.",,2022-08,2026-03-17 22:11:02,2026-03-17 22:34:26,2026-03-17 22:11:02,59770-59783,,39,29,Environ Sci Pollut Res,,,,,,,,en,,,,,DOI.org (Crossref),,,,C:\Users\Thiago\Zotero\storage\8JRTNEDQ\Hashemi Aslani et al. - 2022 - Integrated model for land-use transformation analysis based on multi-layer perception neural network.pdf,,Agent-based model; Human decision-making; Google Earth Engine; Land-use change; Multi-layer perceptron (MLP); Transition potential maps,,,,,,,
HRUYRMQM,journalArticle,2023,"Harik, G.; Alameddine, Ibrahim; Zurayk, R.; El-Fadel, M.",An integrated socio-economic agent-based modeling framework towards assessing farmers’ decision making under water scarcity and varying utility functions,"Hybrid, Empirical (micro), ""Expert-based (qualitative, interview, participatory)""","Predictive, Decision Support / Policy Evaluation","Local (OAT/OFAT), Exploratory / Scenario-based",Journal of Environmental Management,,3014797,10.1016/j.jenvman.2022.117055,https://linkinghub.elsevier.com/retrieve/pii/S0301479722026287,"A spatio-temporal Agent Based Modeling (ABM) framework is developed to probabilistically predict farmers’ decisions concerning their future farming practices when faced with potential water scarcity induced by future climate change. The proposed framework forecasts farmers’ behavior assuming varying utility functions. The functionality of the proposed ABM is illustrated in an agriculturally dominated plain along the Eastern Mediterranean coastline. The model results indicated that modelling farmers as agents, who were solely interested in optimizing their agro-business budget, was only able to reproduce 35% of the answers provided by the farmers through a administered field questionnaire. Model simulations highlighted the importance of representing the farmers’ combined socio-economic attributes when assessing their future decisions on land tenure. This approach accounts for social factors, such as the farmers’ attitudes, subjective norms, social influence, memories of previous civil unrest and farming traditions, in addition to their economic utility to model farmer decision making. Under this scenario, correspondence between model simulations and farmers’ answers reached 95%. Additionally, the model results show that when faced with the negative impacts of climate change, the majority of farmers seek adaptive measures, such as changing their crops and/or seeking new water sources, only when future water shortages were predicted to be low to moderate. Most opt to cease farming and allow their lands to urbanize or go fallow, when future water shortages were predicted to be high. Meanwhile, incorporating and modeling the social influence structures within the ABM diminished farmers’ willingness to adapt and doubled their propensity to sell or quit their land. The proposed framework is able to account for a variety of utility functions and to successfully capture the actions and interactions between farmers and their environment; thus, it represents an innovative modeling approach for assessing farmers’ behavior and decision-making in the face of future climate change. The nonspecific structure of the framework allows its application at any agriculturally dominated setting facing future water shortages promulgated by a changing climate.",,2023-03,2026-03-17 22:11:05,2026-03-17 22:34:25,2026-03-17 22:11:04,117055,,,329,Journal of Environmental Management,,,,,,,,en,,,,,DOI.org (Crossref),,,,C:\Users\Thiago\Zotero\storage\3UD8VBMI\Harik et al. - 2023 - An integrated socio-economic agent-based modeling framework towards assessing farmers’ decision maki.pdf,,Agent-based modeling; Water scarcity; Climate change; Farmers' decision-making,,,,,,,
GHRUTLVI,journalArticle,2019,"Haghani, Milad; Sarvi, Majid",Imitative (herd) behaviour in direction decision-making hinders efficiency of crowd evacuation processes,"Hybrid, Empirical (micro)","Exploratory, Explanatory","Local (OAT/OFAT), Exploratory / Scenario-based",Safety Science,,9257535,10.1016/j.ssci.2018.12.026,https://linkinghub.elsevier.com/retrieve/pii/S0925753518309275,"Humans use social information to improve their decisions in scenarios that involve uncertainty. Previous research has shown that this social inﬂuence can have positive or negative outcomes depending on the context of decision and characteristics of the system. A particular scenario where the social information matters is the collective escape where behaviour of others could be used as an extra source of information and thus, inﬂuence the decision-making. The question is whether there could be any beneﬁt for escaping human crowds to display imitative tendencies (or the so-called ‘herd’ behaviour) in their decision making. Here, we investigate this question in relation to exit direction decision-making through extensive computer simulation analyses. Using parameteric models of decision making, we increased the imitative tendency of (behaviourally) homogenous crowds on a continuum, simulated the escape process and outputted measures of system eﬃciency. We examined a broad range of simulated scenarios in terms of the shape of the environment, exit visibility and spatial distribution of exit capacities. Results showed that for none of the scenarios we tested, the escaping crowd could beneﬁt from ampliﬁed tendencies to imitate peers. Our numerical analyses suggested that, at least when familiar with escape routes, there is no rationale for blindly following the direction choices of the crowd in emergency scenarios. Strong tendency to copy direction choices of the crowd could substantially hinder the process of evacuations and increase the risk of casualty. These ﬁndings have potential implications for evacuation training guidlines. They provide insights into how individuals should be guided/instructed to conduct themselves in case of an emergency in order to facilitate and optimise the evacuation process. A question for future research is how imitation (herding) in other aspects of escape behaviour (such as movement initiation or adapting (changing) direction choices) can inﬂuence the system.",,2019-04,2026-03-17 22:11:07,2026-03-17 22:34:23,2026-03-17 22:11:07,49-60,,,114,Safety Science,,,,,,,,en,,,,,DOI.org (Crossref),,,,C:\Users\Thiago\Zotero\storage\EPZ2XRN5\Haghani e Sarvi - 2019 - Imitative (herd) behaviour in direction decision-making hinders efficiency of crowd evacuation proce.pdf,,Agent-based models; Social influence; Behavioural contagion; Indoor evacuation modelling; Peer imitation; Simulated escape behaviour,,,,,,,
KF52PPBU,journalArticle,2022,"Haag, Fridolin; Miñarro, Sara; Chennu, Arjun",Which predictive uncertainty to resolve? Value of information sensitivity analysis for environmental decision models,Hybrid,Decision Support / Policy Evaluation,"Exploratory / Scenario-based, Regression / Statistical Inference",Environmental Modelling & Software,,13648152,10.1016/j.envsoft.2022.105552,https://linkinghub.elsevier.com/retrieve/pii/S1364815222002523,"Uncertainties in environmental decisions are large, but resolving them is costly. We provide a framework for value of information (VoI) analysis to identify key predictive uncertainties in a decision model. The approach addresses characteristics that complicate this analysis in environmental management: dependencies in the probability distributions of predictions, trade-offs between multiple objectives, and divergent stakeholder perspectives. For a coral reef fisheries case, we predict ecosystem and fisheries trajectories given different management alternatives with an agent-based model. We evaluate the uncertain predictions with preference models based on utility theory to find optimal alternatives for stakeholders. Using the expected value of partially perfect information (EVPPI), we measure how relevant resolving uncertainty for various decision attributes is. The VoI depends on the stakeholder preferences, but not directly on the width of an attribute’s probability distribution. Our approach helps reduce costs in structured decision-making processes by prioritizing data collection efforts.",,2022-12,2026-03-17 22:11:09,2026-03-17 22:34:21,2026-03-17 22:11:09,105552,,,158,Environmental Modelling & Software,Which predictive uncertainty to resolve?,,,,,,,en,,,,,DOI.org (Crossref),,,,C:\Users\Thiago\Zotero\storage\7ZJVYBQT\Haag et al. - 2022 - Which predictive uncertainty to resolve Value of information sensitivity analysis for environmental.pdf,,Uncertainty; Agent-based modeling; Sensitivity analysis; Multi-criteria decision analysis; Coral reef management,,,,,,,
NIKBDFR9,journalArticle,2022,"Guo, Naliang; Shi, Chenchen; Yan, Meng; Gao, Xing; Wu, Feng",Modeling agricultural water-saving compensation policy: An ABM approach and application,Hybrid,Decision Support / Policy Evaluation,"Exploratory / Scenario-based, Regression / Statistical Inference, Local (OAT/OFAT)",Journal of Cleaner Production,,9596526,10.1016/j.jclepro.2022.131035,https://linkinghub.elsevier.com/retrieve/pii/S0959652622006692,"With the increasing conflict between water availability and demand on a global scale, regulating water user behavior from the bottom-up perspective has gained attention from both water managers and researchers. This paper presents an agent-based model (ABM) to simulate the farmer behavior under changing physical and institutional environments in a case study of Miyun Reservoir watershed, China. The ABM model simulates the complex adaptive systems of agricultural water users under an agricultural water-saving compensation policy. The model we developed in this study characterizes agents’ sensitivity, learning capability, and information radius, which impacts agricultural income and water consumption of a household. By applying this model to a local ‘paddy to dryland’ subsidy policy program aiming at reshaping the agricultural water-saving behavior, the results show that this policy program reduces agricultural water consumption while also reducing household agricultural income. The policy depends on administrative intervention and financial subsidies at first to ensure compliance and gradually shape household behavior in the long run. And we also propose a suitable subsidy range of 250–350 yuan for this policy program in the long run. The model we built can help to understand agricultural water use adaptation to both anthropogenic and environmental interventions. This research also contributes to the coupled natural and human systems study with the bottom-up agent-based model, and the empirical case study provides solid policy implications for the agricultural water use allocation and adaptative management at the watershed scale.",,2022-04,2026-03-17 22:11:11,2026-03-17 22:34:20,2026-03-17 22:11:11,131035,,,344,Journal of Cleaner Production,Modeling agricultural water-saving compensation policy,,,,,,,en,,,,,DOI.org (Crossref),,,,C:\Users\Thiago\Zotero\storage\3H4K65Y9\Guo et al. - 2022 - Modeling agricultural water-saving compensation policy An ABM approach and application.pdf,,ABM; ODD protocol; Agricultural water user; Policy assessment,,,,,,,
ZT7F2GEC,journalArticle,2016,"Guilfoos, Todd; Pape, Andreas Duus",Predicting human cooperation in the Prisoner’s Dilemma using case-based decision theory,Hybrid,"Explanatory, Predictive",Regression / Statistical Inference,Theory and Decision,,"0040-5833, 1573-7187",10.1007/s11238-015-9495-y,http://link.springer.com/10.1007/s11238-015-9495-y,"In this paper, we show that Case-based decision theory, proposed by Gilboa and Schmeidler (Q J Econ 110(3):605–639, 1995), can explain the aggregate dynamics of cooperation in the repeated Prisoner’s Dilemma, as observed in the experiments performed by Camera and Casari (Am Econ Rev 99:979–1005, 2009). Moreover, we ﬁnd CBDT provides a better ﬁt to the dynamics of cooperation than does the existing Probit model, which is the ﬁrst time such a result has been found. We also ﬁnd that humans aspire to a payoff above the mutual defection outcome but below the mutual cooperation outcome, which suggests they hope, but are not conﬁdent, that cooperation can be achieved. Finally, our best-ﬁtting parameters suggest that circumstances with more details are easier to recall. We make a prediction for future experiments: if the repeated PD were run for more periods, then we would be begin to see an increase in cooperation, most dramatically in the second treatment, where history is observed but identities are not. This is the ﬁrst application of Case-based decision theory to a strategic context and the ﬁrst empirical test of CBDT in such a context. It is also the ﬁrst application of bootstrapped standard errors to an agent-based model.",,2016-01,2026-03-17 22:11:12,2026-03-17 22:34:18,2026-03-17 22:11:12,1-32,,1,80,Theory Decis,,,,,,,,en,,,,,DOI.org (Crossref),,,,C:\Users\Thiago\Zotero\storage\VFE39Q7Y\Guilfoos e Pape - 2016 - Predicting human cooperation in the Prisoner’s Dilemma using case-based decision theory.pdf,,Learning; Experimental economics; Agent-based computational economics; Case-based decision theory; Prisoner’s Dilemma,,,,,,,
UGXA3NS2,journalArticle,2020,"Guerrero, Omar A.",Decentralized markets and the emergence of housing wealth inequality,Empirical (micro),"Explanatory, Decision Support / Policy Evaluation",Exploratory / Scenario-based,"Computers, Environment and Urban Systems",,1989715,10.1016/j.compenvurbsys.2020.101541,https://linkinghub.elsevier.com/retrieve/pii/S019897152030274X,"Recent studies suggest that the traditional determinants of housing wealth are insufficient to explain its current inequality levels. Thus, they argue that efforts should focus on understanding institutional factors. From the perspective of complex adaptive systems, institutions are more than the ‘the rules of the game’, they also consider the interaction protocols or the ‘algorithm’ through which agents engage in socioeconomic activities. By viewing markets as complex adaptive systems, I develop a model that allows estimating how much housing wealth inequality is attributable to the market institution. It combines virtues from two different modeling traditions: (1) the microeconomic foundations from overlapping-generation models and (2) the explicit interaction protocols of agent-based models. Overall, the model generates prices and housing inequality endogenously and from bottom-up; without needing to impose assumptions about the aggregate behavior of the market (such as market equilibrium). It accounts for economic and institutional factors that are important to housing consumption decisions (e.g., wages, consumption of goods, non-labor income, government transfers, taxes, etc.). I calibrate the model with the British Wealth and Assets Survey at the level of each individual household (i.e., ~25 million agents). By performing counter-factual simulations that control for data heterogeneity, I estimate that, in the United Kingdom, the decentralized protocol interaction of the housing market contributes with one to two thirds of the Gini coefficient. I perform policy experiments and compare the outcomes between an expansion in the housing stock, a sales tax, and an inheritance tax. The results raise concerns about the limitations of traditional policies and call for a careful re-examination of housing wealth inequality.",,2020-11,2026-03-17 22:11:15,2026-03-17 22:34:16,2026-03-17 22:11:15,101541,,,84,"Computers, Environment and Urban Systems",,,,,,,,en,,,,,DOI.org (Crossref),,,,C:\Users\Thiago\Zotero\storage\XXT52J3Y\Guerrero - 2020 - Decentralized markets and the emergence of housing wealth inequality.pdf,,Agent-based model; Life cycle; Inequality; Housing; Micro-data,,,,,,,
Z9WR8K4H,journalArticle,2017,"Grovermann, Christian; Schreinemachers, Pepijn; Riwthong, Suthathip; Berger, Thomas",‘Smart’ policies to reduce pesticide use and avoid income trade-offs: An agent-based model applied to Thai agriculture,Hybrid,Decision Support / Policy Evaluation,Exploratory / Scenario-based,Ecological Economics,,9218009,10.1016/j.ecolecon.2016.09.031,https://linkinghub.elsevier.com/retrieve/pii/S0921800916311454,,,2017-02,2026-03-17 22:11:16,2026-03-17 22:34:14,2026-03-17 22:11:16,91-103,,,132,Ecological Economics,‘Smart’ policies to reduce pesticide use and avoid income trade-offs,,,,,,,en,,,,,DOI.org (Crossref),,,,C:\Users\Thiago\Zotero\storage\DZC2GDGR\Grovermann et al. - 2017 - ‘Smart’ policies to reduce pesticide use and avoid income trade-offs An agent-based model applied t.pdf,,Multi-agent systems; Developing countries; Ex-ante assessment; Integrated pest management; Pesticide policy,,,,,,,
J255TRZN,journalArticle,2024,"Golazad, SeyedeZahra; Heravi, Gholamreza; AminShokravi, Amir; Mohammadi, Abbas","Integrating GIS, agent-based, and discrete event simulation to evaluate patient distribution policies for enhancing urban healthcare access network resilience",Hybrid,Decision Support / Policy Evaluation,"Local (OAT/OFAT), Exploratory / Scenario-based",Sustainable Cities and Society,,22106707,10.1016/j.scs.2024.105559,https://linkinghub.elsevier.com/retrieve/pii/S2210670724003858,"Ensuring healthcare network resilience during urban disasters is crucial for sustainability and public safety. This study evaluates patient distribution policies in healthcare networks through a case study following a simulated earthquake scenario to enhance resilience during such events. By integrating geographic information systems (GIS) to model road impacts, agent-based modeling (ABM) for patient movements, and discrete event simulation (DES) for hospital queues, six distribution policies were evaluated. The analysis prioritized two metrics: patient waiting times and unmet treatment demands within four days post-disaster. Results revealed that policies emphasizing minimal hospital wait times demonstrated superior performance, reducing average waiting times by 71% and unmet demands compared to proximity-based approaches. Sensitivity analyses highlighted human behavior’s influence, with increased personal vehicle usage adversely impacting resilience. Conversely, expanding hospital capacities substantially improved resilience indicators. The findings underscore the importance of informed policymaking focused on wait time reduction to enhance healthcare access resilience. Incorporating real-time hospital wait times into ambulance dispatch decisions emerged as a promising strategy. This multi-method simulation approach provides valuable insights into optimizing emergency response for resilient urban healthcare systems.",,2024-09,2026-03-17 21:42:38,2026-03-17 22:34:13,2026-03-17 22:11:18,105559,,,111,Sustainable Cities and Society,,,,,,,,en,,,,,DOI.org (Crossref),,,,"C:\Users\Thiago\Zotero\storage\7KQ94PNN\Golazad et al. - 2024 - Integrating GIS, agent-based, and discrete event simulation to evaluate patient distribution policie.pdf",,,,,,,,,
3WWMHYFK,journalArticle,2021,"Ghoreishi, Mohammad; Sheikholeslami, Razi; Elshorbagy, Amin; Razavi, Saman; Belcher, Kenneth",Peering into agricultural rebound phenomenon using a global sensitivity analysis approach,Empirical (macro),Decision Support / Policy Evaluation,Global (Variance-based),Journal of Hydrology,,221694,10.1016/j.jhydrol.2021.126739,https://linkinghub.elsevier.com/retrieve/pii/S0022169421007897,"Modernizing traditional irrigation systems has long been recognized as a means to reduce water losses. However, empirical evidence shows that this practice may not necessarily reduce water use in the long run; in fact, in many cases, the converse is true—a concept known as the rebound phenomenon. This phenomenon is at the heart of a fundamental research gap in the explicit evaluation of co-evolutionary dynamics and interactions among socioeconomic and hydrologic factors in agricultural systems. This gap calls for the application of systems-based methods to evaluate such dynamics. To address this gap, we use a previously developed Agent-Based Agricultural Water Demand (ABAD) model, applied to the Bow River Basin (BRB) in Canada. We perform a time-varying variance-based global sensitivity analysis (GSA) on the ABAD model to examine the individual effect of factors, as well as their joint effect, that may give rise to the rebound phenomenon in the BRB. Our results show that economic factors dominantly control possible rebounds. Although social interaction among farmers is found to be less influential than the irrigation expansion factor, its interaction effect with other factors becomes more important, indicating the highly interactive nature of the underlying socio-hydrological system. Based on the insights gained via GSA, we discuss several strategies, including community participation and water restrictions, that can be adopted to avoid the rebound phenomenon in irrigation systems. This study demonstrates that a timevarying variance-based GSA can provide a better understanding of the co-evolutionary dynamics of the sociohydrological systems and can pave the way for better management of water resources.",,2021-11,2026-03-17 22:11:20,2026-03-17 22:34:12,2026-03-17 22:11:20,126739,,,602,Journal of Hydrology,,,,,,,,en,,,,,DOI.org (Crossref),,,,C:\Users\Thiago\Zotero\storage\LT5AVVQZ\Ghoreishi et al. - 2021 - Peering into agricultural rebound phenomenon using a global sensitivity analysis approach.pdf,,Agent-based modeling; Agricultural rebound phenomenon; Bow River Basin; Socio-hydrology; Time-varying sensitivity analysis,,,,,,,
WGWI3MFG,journalArticle,2018,"Ghazali, Mahboubeh; Honar, Tooraj; Nikoo, Mohammad Reza",A hybrid TOPSIS-agent-based framework for reducing the water demand requested by stakeholders with considering the agents’ characteristics and optimization of cropping pattern,Hybrid,Decision Support / Policy Evaluation,Exploratory / Scenario-based,Agricultural Water Management,,3783774,10.1016/j.agwat.2017.12.014,https://linkinghub.elsevier.com/retrieve/pii/S0378377417304067,"According to the research performed, the agricultural sector is the major water consumer. Therefore, reducing the demand and the use of water in this sector has an effective role in solving the problems related to water scarcity. In this study, a hybrid TOPSIS-agent-based model has been developed to ﬁnd a solution for this problem in the six management regions of Doroudzan irrigation and drainage network, in Fars province, Iran. Two main groups of agents consisting of the government and stakeholders were considered. All farmers who lived in the same village assumed as an agricultural agent. Some inﬂuential parameters such as neighbors’ impacts, training, penalties and incentives were considered in the agentbased model (ABM). In some previous ABM models, the same coefﬁcients applied for all agents. However, without considering the stakeholders’ characteristics and conditions of each agent and region, there might be the threat of making unfeasible theoretical decisions. Therefore, in this study, the TOPSIS method was linked to ABM to determine the uniqueness of these coefﬁcients for each agent. The ABM coefﬁcients were determined by TOPSIS method through the use of the demographic, social, economic and cultural variables and expert’s viewpoints. Water demand requested by farmers was calculated based on the existing cropping pattern and the reduction of that was determined by the developed model in different climatic conditions (wet, normal and drought). The results showed that the water requested by the farmers, before applying the ABM, were 7.6, 18.2 and 45%, and after that they were 1.37, 3.5 and 1.09% more than the allocatable water in wet, normal and drought conditions, respectively. In order to reduce the water demand requested by farmers and maintain the effect of management tools (training, penalties and incentives), a cropping pattern optimization model with regard to deﬁcit irrigation was developed. © 2017 Elsevier B.V. All rights reserved.",,2018-02,2026-03-17 22:11:22,2026-03-17 22:34:10,2026-03-17 22:11:22,71-85,,,199,Agricultural Water Management,,,,,,,,en,,,,,DOI.org (Crossref),,,,C:\Users\Thiago\Zotero\storage\Y8ZTA96Y\Ghazali et al. - 2018 - A hybrid TOPSIS-agent-based framework for reducing the water demand requested by stakeholders with c.pdf,,Agent-based model; Deficit irrigation; Expert's viewpoint; Farmers’ income; Management tools; TOPSIS method,,,,,,,
2XW4ITHG,journalArticle,2022,"Ghaderi, Mohammad","Public health interventions in the face of pandemics: Network structure, social distancing, and heterogeneity","Theoretical (literature), ""Synthetic (machine learning, AI, other)""",Decision Support / Policy Evaluation,"Regression / Statistical Inference, Exploratory / Scenario-based",European Journal of Operational Research,,3772217,10.1016/j.ejor.2021.08.015,https://linkinghub.elsevier.com/retrieve/pii/S0377221721006834,"Complexity, resulting from interactions among many components, is a characterizing feature of healthcare systems and related decisions. It scales up in the face of pandemics that give rise to multiple sources of uncertainty and where various contextual factors interact with each other and with policy parameters that combine to yield outcome distributions. This paper proposes a uniﬁed agent-based modeling framework to derive qualitative insights that assist and inform policy decisions related to pandemics. The general framework comprises a contagion model that explicates exogenous policy-relevant variables, as well as their links with features of the environment in which the policy decisions will be implemented. Furthermore, the framework identiﬁes sources of uncertainty at different system layers. The characterization of the macro level, for example, as manifested in the network structure, encompasses two constitutive factors. These two factors, in turn, capture much of the stochasticity that results from the network’s inherent randomness. By synthesizing the model components further into a broader agent-based model, the current framework also accounts for heterogeneous micro-level attributes that collectively yield macrolevel outcomes. Several stylized examples help establish insights into the overall tendency of complex systems to produce multidimensional outputs. A comprehensive, controlled, computational experiment offers further evidence across a range of scenarios and various policy conditions.",,2022-05,2026-03-17 22:11:25,2026-03-17 22:34:08,2026-03-17 22:11:25,1016-1031,,3,298,European Journal of Operational Research,Public health interventions in the face of pandemics,,,,,,,en,,,,,DOI.org (Crossref),,,,"C:\Users\Thiago\Zotero\storage\PBKKRVEB\Ghaderi - 2022 - Public health interventions in the face of pandemics Network structure, social distancing, and hete.pdf",,Agent-based models; Decision support systems; Contagion; Random networks; Stochastic simulation,,,,,,,
NPPJBW6E,journalArticle,2017,"Gao, Baojun; Chan, Wai Kin; Deng, Xuefei",Generative Agent-Based Modeling and Empirical Validation of the Size Distribution of Hospitals,Theoretical (literature),"Exploratory, Descriptive / Phenomena-based","Exploratory / Scenario-based, Regression / Statistical Inference","IEEE Transactions on Systems, Man, and Cybernetics: Systems",,"2168-2216, 2168-2232",10.1109/TSMC.2016.2587163,http://ieeexplore.ieee.org/document/7523208/,"The hospital system is a complex service system in which patients and hospitals interact and make their decisions based on bounded rationality and information. In this paper, we develop a generative agent-based model to simulate the behavior of a hospital service system. Our model combines agent-based simulation and queueing models to mimic the hospital service processes. Our goal is to simulate and understand the growth and size distribution of hospitals. This simulation model includes agents for supply elements (i.e., hospitals with different resources and expansion strategies) and demand elements (i.e., patients with different preferences for their hospital selections) in a hospital service system. Three important questions are investigated: 1) what is the emergent size distribution of hospitals? 2) what key factors inﬂuence the size distribution? and 3) how sensitive is the size distribution to these key factors? Simulation results show that the size distribution is neither power law nor lognormal. Rather, the distribution is leptokurtic, and more skewed than normal but less skewed than lognormal. This result contradicts those in extant literature on the size distributions of human and natural systems, including cities, ﬁrms, power-grids, and citation network. We conduct a set of experiments to identify the generative mechanisms for the hospital size distribution and to test the robustness of the results. The model was validated empirically by using a U.S. hospital size dataset.",,2017-11,2026-03-17 21:31:19,2026-03-17 22:32:13,2026-03-17 22:11:27,3089-3100,,11,47,"IEEE Trans. Syst. Man Cybern, Syst.",,,,,,,,en,https://ieeexplore.ieee.org/Xplorehelp/downloads/license-information/IEEE.html,,,,DOI.org (Crossref),,,,C:\Users\Thiago\Zotero\storage\PDVE9KSZ\Gao et al. - 2017 - Generative Agent-Based Modeling and Empirical Validation of the Size Distribution of Hospitals.pdf,,,,,,,,,
TTDM3A2U,journalArticle,2020,"Gabardo, Francisco Adilson; Porcile, Gabriel; Pereima, João Basilio",Sectoral labour reallocation: An agent-based model of structural change and growth,Empirical (macro),Explanatory,Exploratory / Scenario-based,EconomiA,,15177580,10.1016/j.econ.2019.03.003,https://linkinghub.elsevier.com/retrieve/pii/S1517758018300912,"The shift of labour out of the agricultural sector and into the manufacturing and services sectors seems to be an important factor in explaining why some countries are so much richer than others. Therefore, understanding not only the driving mechanisms and forces behind the process of structural change but also how these mechanisms interact and reinforce each other becomes crucial. In the present work, we develop an agent-based model (ABM) where structural change is driven by income and relative prices effect. The income effect is generated by the assumption of a simple non-homothetic hierarchical demand structure where consumers spend their wealth following a particular priority ordering. The relative prices effect results from different sectoral productivity growth rates. The model is capable of theoretically replicating the dynamics of structural change where labour is reallocated across the three macro-sectors of agriculture, manufacturing and services. We have calibrated the model’s parameters, so that the artiﬁcial employment share trajectories would match those of Sweden for the period of 1890–2010. The results suggest that, the income and relative prices effect are complementary in generating a process of structural change of the type experienced by developed economies. If some assumptions regarding agents’ behaviour and sectoral relative conditions are respected, the model shows that it possible to theoretically yield structural changes in an agent-based model focusing only on ﬁrst principles such as tastes and technologies.",,2020-05,2026-03-17 22:11:28,2026-03-17 22:32:15,2026-03-17 22:11:28,209-232,,2,21,EconomiA,Sectoral labour reallocation,,,,,,,en,,,,,DOI.org (Crossref),,,,C:\Users\Thiago\Zotero\storage\PV2NKCDS\Gabardo et al. - 2020 - Sectoral labour reallocation An agent-based model of structural change and growth.pdf,,Agent-based model; Structural change; Growth; Income effect; Relative-price effect,,,,,,,
PPUWQCSP,journalArticle,2019,"Fitzpatrick, B. G.",Issues in Reproducible Simulation Research,NA,NA,NA,Bulletin of Mathematical Biology,,"0092-8240, 1522-9602",10.1007/s11538-018-0496-1,http://link.springer.com/10.1007/s11538-018-0496-1,"In recent years, serious concerns have arisen about reproducibility in science. Estimates of the cost of irreproducible preclinical studies range from 28 billion USD per year in the USA alone (Freedman et al. in PLoS Biol 13(6):e1002165, 2015) to over 200 billion USD per year worldwide (Chalmers and Glasziou in Lancet 374:86–89, 2009). The situation in the social sciences is not very different: Reproducibility in psychological research, for example, has been estimated to be below 50% as well (Open Science Collaboration in Science 349:6251, 2015). Less well studied is the issue of reproducibility of simulation research. A few replication studies of agent-based models, however, suggest the problem for computational modeling may be more severe than for laboratory experiments (Willensky and Rand in JASSS 10(4):2, 2007; Donkin et al. in Environ Model Softw 92:142–151, 2017; Bajracharya and Duboz in: Proceedings of the symposium on theory of modeling and simulation—DEVS integrative M&S symposium, pp 6–11, 2013). In this perspective, we discuss problems of reproducibility in agent-based simulations of life and social science problems, drawing on best practices research in computer science and in wet-lab experiment design and execution to suggest some ways to improve simulation research practice.",,2019-01,2026-03-17 22:11:30,2026-03-17 22:32:17,2026-03-17 22:11:30,1-6,,1,81,Bull Math Biol,,,,,,,,en,,,,,DOI.org (Crossref),,,,C:\Users\Thiago\Zotero\storage\DCU838EM\Fitzpatrick - 2019 - Issues in Reproducible Simulation Research.pdf,,Agent-based models; Validation; Computational lab notebook; Simulation reproducibility; Test-driven development; Version control,,,,,,,
RLQC4V23,journalArticle,2019,"Fatas-Villafranca, Francisco; Fernández-Márquez, Carlos M.; Vázquez, Francisco J.",Consumer social learning and industrial dynamics,Theoretical (literature),"Theoretical / Illustrative, Exploratory","Exploratory / Scenario-based, Local (OAT/OFAT)",Economics of Innovation and New Technology,,"1043-8599, 1476-8364",10.1080/10438599.2018.1433582,https://www.tandfonline.com/doi/full/10.1080/10438599.2018.1433582,"In this paper, we propose an agent-based model in which industrial dynamics depend on consumer social learning and firm innovation efforts. We draw on behavioral economics and consumer psychology to model consumer learning as a process of social adaptation-cumindividual novelties which operates within a stochastic dynamic network. In our model, consumers create original patterns of behavior, but they also imitate similar others through a (degree-dependent) influencebiased process of change. Likewise, consumer behavior is shaped by firms which attempt to capture larger market shares. Thus, we propose a model in which consumers update their position (tastes) in a product characteristics space through innovation and adaptation, and co-evolve with profit-seeking firms which observe and shape evolving consumer behavior. We simulate the resulting market process obtaining trajectories and stationary states for the degree of industrial concentration, the number of producers, and certain features of the industry lifecycle.",,2019-02-17,2026-03-17 22:11:32,2026-03-17 22:32:19,2026-03-17 22:11:32,119-141,,2,28,Economics of Innovation and New Technology,,,,,,,,en,,,,,DOI.org (Crossref),,,,C:\Users\Thiago\Zotero\storage\6G7N97LL\Fatas-Villafranca et al. - 2019 - Consumer social learning and industrial dynamics.pdf,,agent-based models; innovation; Consumer learning; evolutionary economics; industrial dynamics,,,,,,,
7H2HYJ3G,journalArticle,2016,"Entwisle, Barbara; Williams, Nathalie E.; Verdery, Ashton M.; Rindfuss, Ronald R.; Walsh, Stephen J.; Malanson, George P.; Mucha, Peter J.; Frizzelle, Brian G.; McDaniel, Philip M.; Yao, Xiaozheng; Heumann, Benjamin W.; Prasartkul, Pramote; Sawangdee, Yothin; Jampaklay, Aree",Climate shocks and migration: an agent-based modeling approach,"Empirical (micro), Hybrid","Explanatory, Exploratory",Exploratory / Scenario-based,Population and Environment,,"0199-0039, 1573-7810",10.1007/s11111-016-0254-y,http://link.springer.com/10.1007/s11111-016-0254-y,,,2016-09,2026-03-17 22:11:33,2026-03-17 22:32:20,2026-03-17 22:11:33,47-71,,1,38,Popul Environ,Climate shocks and migration,,,,,,,en,,,,,DOI.org (Crossref),,,,C:\Users\Thiago\Zotero\storage\WHPJC5XV\Entwisle et al. - 2016 - Climate shocks and migration an agent-based modeling approach.pdf,,Agent-based model; Migration; Weather; Climate change; Thailand,,,,,,,
JU63Q5RA,journalArticle,2025,"Domenico, Jacopo Di; Catalano, Michele; Riccetti, Luca",Scaling and forecasting in a data-driven agent-based model: Applications to the Italian macroeconomy,Empirical (macro),Predictive,"Exploratory / Scenario-based, Regression / Statistical Inference",Economic Modelling,,2649993,10.1016/j.econmod.2025.107046,https://linkinghub.elsevier.com/retrieve/pii/S0264999325000410,"Agent-based models typically replicate stylized facts but lack macroeconomic forecasting capabilities. Recent advancements aim to make these models data-driven, enabling predictive applications in macroeconomics. Using data primarily from Eurostat (1996–2019), we calibrate an increasingly popular data-driven model to the Italian economy and evaluate the forecasting performance of macroeconomic variables for both Austria and Italy across various model scales. Our findings show that scale has no impact on forecast accuracy. To enhance the model we test modifications to agents’ expectations and firms’ production plans, and run long-term simulations to explore model dynamics and identify areas for refinement. The results demonstrate the model’s adaptability to different country specifications, with forecasting performance comparable to basic econometric models. Scale analysis and long-term analysis reveal unexplored heterogeneity and suggest that the model should further leverage the potential of agent-based microfoundations to improve forecasting.",,2025-06,2026-03-17 21:38:20,2026-03-17 22:32:22,2026-03-17 22:11:35,107046,,,147,Economic Modelling,Scaling and forecasting in a data-driven agent-based model,,,,,,,en,,,,,DOI.org (Crossref),,,,C:\Users\Thiago\Zotero\storage\FRP3PTZV\Domenico et al. - 2025 - Scaling and forecasting in a data-driven agent-based model Applications to the Italian macroeconomy.pdf,,,,,,,,,
5PHT2RJP,journalArticle,2021,"Ding, Ke Jack; Gilligan, Jonathan M.; Yang, Y.C. Ethan; Wolski, Piotr; Hornberger, George M.","Assessing food–energy–water resources management strategies at city scale: An agent-based modeling approach for Cape Town, South Africa",Hybrid,Decision Support / Policy Evaluation,"Local (OAT/OFAT), Exploratory / Scenario-based","Resources, Conservation and Recycling",,9213449,10.1016/j.resconrec.2021.105573,https://linkinghub.elsevier.com/retrieve/pii/S0921344921001804,"The impact of human activities and climate change occurs across a range of spatial and temporal scales, and the city or regional scale is critical for managing food–energy–water (FEW) resources. We develop a coupled humannatural system model for Cape Town, South Africa, which consists of an agent-based model and a regional hydrologic model, to study the FEW nexus connecting the agricultural, urban, and hydroelectric generation sectors. We use the model to compare three policies—a simple adaptive approach, adaptation with free water to indigent households, and water supply augmentation—and assess their ability to provide reliable FEW services to the different stakeholders under four different climate scenarios, representing moderate to severe amounts of warming. Our results indicate that Cape Town is likely to face increasing water stress as temperatures rise, and that adaptation strategies could effectively mitigate the effects of water limitations and avoid severe failures in providing FEW services across sectors. One way to manage demand for FEW services is by adjusting water price tariffs, but high prices create inequality in access to water for households with different incomes. Our analysis suggests that the water supply system in Cape Town may already be at, if not over, its sustainable capacity within the FEW nexus. Our model serves as a test-bed for assessing policies to manage stresses on water resources for the benefit of stakeholders across FEW sectors. This model can be adapted to cities and regions around the globe.",,2021-07,2026-03-17 22:11:37,2026-03-17 22:32:23,2026-03-17 22:11:37,105573,,,170,"Resources, Conservation and Recycling",Assessing food–energy–water resources management strategies at city scale,,,,,,,en,,,,,DOI.org (Crossref),,,,C:\Users\Thiago\Zotero\storage\ZHY67Q79\Ding et al. - 2021 - Assessing food–energy–water resources management strategies at city scale An agent-based modeling a.pdf,,"Agent-based model; Cape Town, South Africa; Coupled human-natural system model; Demand-side management; Drought mitigation; Food–energy–water Nexus",,,,,,,
ITAH3DB2,preprint,2024,"Bok, Michiel  De; Tavasszy, Lóránt  A.; Thoen, Sebastiaan; Eggers, Larissa; Kourouniotti, Ioanna",Mass-Gt: An Empirical Model for the Simulation of Freight Policies,"Empirical (micro), Hybrid",Decision Support / Policy Evaluation,"Exploratory / Scenario-based, Regression / Statistical Inference",,,,10.2139/ssrn.4993631,https://www.ssrn.com/abstract=4993631,"Despite the importance of urban freight transportation for the accessibility and livability of cities, few systematic, quantitative and empirical methods exist which allow an impact assessment of urban freight transportation solutions or policies. There is a lack of transparent literature on the full specification and estimation of these models, which not only hampers continued research, but also the development of evidence-based urban freight transport policies. We present the urban freight simulator Multi-Agent Simulation System for Goods Transport (MASS-GT) with its full specification and empirical implementation for a study area in The Netherlands. It concerns an agent-based model based on a framework of discrete choice and optimization models, which describes logistic choices of shippers, carriers, producers and consumers. The disaggregate level of detail allows the analysis of a wide variety of logistic developments and policies across all or specific logistic segments. The model is estimated and validated using a variety of data sources: truck trip diaries, supply/use statistics, an e-commerce demand survey, traffic counts and other relevant statistics. The article presents the full specifications of the model and their empirical estimation, including the data sources used. Also, the validity of the model is evaluated using road freight traffic counts. Finally, examples of applications of the model to case studies are provided.",,2024,2026-03-17 22:11:39,2026-03-17 22:11:39,2026-03-17 22:11:39,,,,,,Mass-Gt,,,,,SSRN,,en,,,,,DOI.org (Crossref),,,,C:\Users\Thiago\Zotero\storage\RJ7FPVL5\Bok et al. - 2024 - Mass-Gt An Empirical Model for the Simulation of Freight Policies.pdf,,,,,,,,,
9K9YBFW6,journalArticle,2022,"Daly, Aisling J.; De Visscher, Lander; Baetens, Jan M.; De Baets, Bernard","Quo vadis, agent-based modelling tools?",NA,NA,NA,Environmental Modelling & Software,,13648152,10.1016/j.envsoft.2022.105514,https://linkinghub.elsevier.com/retrieve/pii/S1364815222002146,"Agent-based models (ABMs) are an increasingly popular choice for simulating large systems of interacting components, and have been applied across a wide variety of natural and environmental systems. However, ABMs can be incredibly disparate and often opaque in their formulation, implementation, and analysis. This can impede critical assessment and re-implementation, and jeopardize the reproducibility and conclusions of ABM studies. In this review, we survey recent work towards standardization in ABM methodology in several aspects: model description and documentation, model implementation, and model analysis and inference.",,2022-11,2026-03-17 21:45:48,2026-03-17 22:32:25,2026-03-17 22:11:40,105514,,,157,Environmental Modelling & Software,,,,,,,,en,,,,,DOI.org (Crossref),,,,"C:\Users\Thiago\Zotero\storage\KZPYAD5A\Daly et al. - 2022 - Quo vadis, agent-based modelling tools.pdf",,,,,,,,,
R4HELRJ9,journalArticle,2020,"Dacrema, Eugenio; Benati, Stefano",The mechanics of contentious politics: an agent-based modeling approach,Theoretical (literature),Theoretical / Illustrative,NA,The Journal of Mathematical Sociology,,"0022-250X, 1545-5874",10.1080/0022250X.2020.1753187,https://www.tandfonline.com/doi/full/10.1080/0022250X.2020.1753187,"Contentious politics” has become the main label to define a wide range of previously separated fields of research encompassing topics such as collective action, radicalization, armed insurgencies, and terrorism. Over the past two decades, scholars have tried to bring these various strands together into a unified field of study. In so doing, they have developed a methodology to isolate and analyze the common social and cognitive mechanisms underlying several diverse historical phenomena such as “insurgencies,” “revolutions,” “radicalization,” or “terrorism.” A multidisciplinary approach was adopted open to contributions from diverse fields such as economics, sociology, and psychology. The aim of this paper is to add to the multidisciplinarity of the field of Contentious Politics (CP) and introduce the instruments of Agent-Based Modeling and network game-theory to the study of some fundamental mechanisms analyzed within this literature. In particular, the model presented in this paper describes the dynamics of one process, here defined as “the radicalization of politics,” and its main underlying mechanisms. Their mechanics are analyzed in diverse social contexts differentiated by the values of four parameters: the extent of repression, inequality, social tolerance, and interconnectivity. The model can be used to explain the basic dynamics underlying different phenomena such as the development of radicalization, populism, and popular rebellions. In the final part, different societies characterized by diverse values of the aforementioned four parameters are tested through Python simulations, thereby offering an overview of the different outcomes that the mechanics of our model can shape according to the contexts in which they operate.",,2020-07-02,2026-03-17 21:46:26,2026-03-17 22:32:26,2026-03-17 22:11:42,163-198,,3,44,The Journal of Mathematical Sociology,The mechanics of contentious politics,,,,,,,en,,,,,DOI.org (Crossref),,,,C:\Users\Thiago\Zotero\storage\R5P64LFA\Dacrema e Benati - 2020 - The mechanics of contentious politics an agent-based modeling approach.pdf,,,,,,,,,
8CRGIXME,journalArticle,2024,"Cunha, Priscila Dos Reis; Rodrigues Neto, Camilo; Morsello, Carla",Revisiting decision-making assumptions to improve deforestation predictions: Evidence from the Amazon,"Empirical (micro), Hybrid","Explanatory, Predictive","Local (OAT/OFAT), Exploratory / Scenario-based",Ecological Economics,,9218009,10.1016/j.ecolecon.2024.108327,https://linkinghub.elsevier.com/retrieve/pii/S0921800924002246,"Commodity agriculture is one of the primary drivers of global deforestation, although the contribution of smallscale agriculture is increasing. Understanding deforestation requires comprehension of the human decisionmaking processes that drive land-use choices. Despite that, there are limited studies about the decisionmaking process of non-Western Educated Industrialized Rich and Democratic societies. Hence, research and policies on land use/land cover change often assume smallholders’ behavior is driven by monetary/food goals (Income Optimization), disregarding previous evidence suggesting otherwise. People may seek to minimize work drudgeries (Time Optimization) or may establish a minimum amount of working time (Time Budget). Through an agent-based model, we investigated which decision-making assumptions-Time Optimization, Time Budget or the combination of both- best explained Khĩsˆetjˆe’s behavior, a Brazilian Amazon indigenous society, by comparing deforestation predictions with historical records. Our results suggest indigenous people’s decisions are better represented by the (less used) minimum working time assumptions (Budget rule). Models following the Budget rule were also less sensitive to unpredictability in the food amount obtained by a household. The results imply that time categorization may be more prevalent than initially anticipated and could contribute to managing the unpredictability of natural resource availability.",,2024-11,2026-03-17 22:11:44,2026-03-17 22:32:27,2026-03-17 22:11:44,108327,,,225,Ecological Economics,Revisiting decision-making assumptions to improve deforestation predictions,,,,,,,en,,,,,DOI.org (Crossref),,,,C:\Users\Thiago\Zotero\storage\A5ZB27VN\Cunha et al. - 2024 - Revisiting decision-making assumptions to improve deforestation predictions Evidence from the Amazo.pdf,,Behavioral economics; Chayanov; Indigenous people; Mental accounting; Time fungibility; WEIRD western educated industrialized rich democratic,,,,,,,
NZH43DPA,journalArticle,2018,"Choi, Byungjoo; Lee, SangHyun",An Empirically Based Agent-Based Model of the Sociocognitive Process of Construction Workers’ Safety Behavior,Hybrid,"Explanatory, Theoretical / Illustrative","Local (OAT/OFAT), Exploratory / Scenario-based, Regression / Statistical Inference",Journal of Construction Engineering and Management,,"0733-9364, 1943-7862",10.1061/(ASCE)CO.1943-7862.0001421,https://ascelibrary.org/doi/10.1061/%28ASCE%29CO.1943-7862.0001421,"Workers’ unsafe behaviors have a substantial impact on construction safety. To regulate workers’ unsafe behavior, construction practitioners have mainly used formal controls (e.g., penalties). However, the formal approaches may not be effective at eliciting desired behavioral changes in improving safety behavior. Therefore, recently, researchers have paid more attention to how unsafe behaviors are produced. In this regard, cognitive models of safety behavior and empirical evidence on social influence have been suggested. However, there is a noticeable paucity of research investigating the mechanism behind the link between cognitive process, social influence, site risk, and safety behavior. In this paper, an empirically based agent-based model that incorporates theoretical and empirical findings of the sociocognitive process of workers’ safety behaviors is developed. The model is used to conduct experiments examining how the sociocognitive process interacts with safety management interventions (i.e., strictness and frequency of management feedback, and project identification) and influences workers’ safety behaviors across different site risk conditions (i.e., low-, modest-, and high-risk conditions). The results demonstrated that all three interventions contribute to decreasing the incident rate. Also, the interaction effects of the interventions in different site risk conditions were found using the parameter sweeping. The results indicated that (1) promoting workers’ project identification would be an effective strategy in the modest-risk site condition; (2) other interventions should be combined after achieving the medium strictness of management feedback in the high-risk site condition; and (3) other interventions would not be effective without very strict management feedback in the low-risk site condition. This paper contributes to the body of knowledge on construction safety by extending the authors’ understanding of the role of sociocognitive process and its interaction with the environment in shaping workers’ safety behaviors. Additionally, the experiment results are expected to lay a strong foundation for developing effective safety management interventions in the construction projects. DOI: 10.1061/(ASCE)CO.1943-7862.0001421. © 2017 American Society of Civil Engineers.",,2018-02,2026-03-17 22:11:46,2026-03-17 22:32:31,2026-03-17 22:11:46,4017102,,2,144,J. Constr. Eng. Manage.,,,,,,,,en,,,,,DOI.org (Crossref),,,,C:\Users\Thiago\Zotero\storage\KM7JCY5F\Choi e Lee - 2018 - An Empirically Based Agent-Based Model of the Sociocognitive Process of Construction Workers’ Safety.pdf,,Agent-based modeling; Labor and personnel issues; Safety behavior; Safety management; Sociocognitive process,,,,,,,
UU4CZU6C,journalArticle,2017,"Cimellaro, Gian Paolo; Ozzello, Fabrizio; Vallero, Alessio; Mahin, Stephen; Shao, Benshun",Simulating earthquake evacuation using human behavior models,Hybrid,Decision Support / Policy Evaluation,"Local (OAT/OFAT), Exploratory / Scenario-based",Earthquake Engineering & Structural Dynamics,,"0098-8847, 1096-9845",10.1002/eqe.2840,https://onlinelibrary.wiley.com/doi/10.1002/eqe.2840,"In classical earthquake risk assessment, the human behavior is actually not taken into account in risk assessment. Agent-based modeling is a simulation technique that has been applied recently in several ﬁelds, such as emergency evacuation. The paper is proposing a methodology that includes in agent-based models the human behavior, considering the anxiety effects generated by the crowd and their inﬂuence on the evacuation delays. The proposed model is able to take into account the interdependency between the earthquake evacuation process, and the corresponding damage of structural and non-structural components that is expressed in term of fragility curves. The software REPAST HPC has been used to implement the model, and as a case study, the earthquake evacuation by a mall located in Oakland has been used. The human behavior model has been calibrated through a survey using a miscellaneous sample from different countries. The model can be used to test future scenarios and help local authorities in situations where the human behavior plays a key role. Copyright © 2017 John Wiley & Sons, Ltd.",,2017-05,2026-03-17 21:46:55,2026-03-17 22:32:28,2026-03-17 22:11:48,985-1002,,6,46,Earthq Engng Struct Dyn,,,,,,,,en,http://onlinelibrary.wiley.com/termsAndConditions#vor,,,,DOI.org (Crossref),,,,C:\Users\Thiago\Zotero\storage\CPX6S53F\Cimellaro et al. - 2017 - Simulating earthquake evacuation using human behavior models.pdf,,,,,,,,,
GY947FT9,journalArticle,2025,"Choi, Moongi; Seo, Jiwoo; Hohl, Alexander",Agent-based travel scheduler: decomposing OD data for predicting individual travel schedules through agent-based modeling,"Empirical (micro), Hybrid","Predictive, Decision Support / Policy Evaluation","Metamodeling / Surrogate, Regression / Statistical Inference",Journal of Geographical Systems,,"1435-5930, 1435-5949",10.1007/s10109-025-00458-3,https://link.springer.com/10.1007/s10109-025-00458-3,"This study introduces the Agent-Based Travel Scheduler (ABTS) model, designed to predict individual travel schedules by decomposing GPS-based aggregated Origin–Destination data according to demographic features and trip purposes. ABTS improves upon traditional models by generating detailed individual travel schedules based on agent-based modeling within an activity-based framework. The model’s accuracy is refined through robust validation by calibrating key parameters that influence individual travel patterns in both spatial and temporal dimensions. Applied to Milwaukee, Wisconsin, USA, the model demonstrated 83% accuracy in estimating travel patterns, including the movements of different age groups across weekdays and weekends, by time of day, trip purpose and destination. However, it showed reduced performance in densely populated downtown areas and locations where special events that attract large crowds occurred, highlighting opportunities for further refinement. ABTS offers advantages in computational efficiency, flexibility in parameter adjustment and adaptability to various urban scenarios, making it a valuable tool for policy analysis and urban planning.",,2025-04,2026-03-17 21:39:37,2026-03-17 22:32:30,2026-03-17 22:11:49,257-282,,2,27,J Geogr Syst,Agent-based travel scheduler,,,,,,,en,,,,,DOI.org (Crossref),,,,C:\Users\Thiago\Zotero\storage\H277Y4ZX\Choi et al. - 2025 - Agent-based travel scheduler decomposing OD data for predicting individual travel schedules through.pdf,,,,,,,,,
JG7GH52G,journalArticle,2015,"Carrillo-Hermosilla, Javier",Technological Diffusion and Standardization Patterns: An Industrial Taxonomy,Empirical (micro),Theoretical / Illustrative,Local (OAT/OFAT),Journal of Economic Issues,,"0021-3624, 1946-326X",10.1080/00213624.2015.1013889,http://www.tandfonline.com/doi/full/10.1080/00213624.2015.1013889,"This study expands on the results of a previous article I (Javier CarrilloHermosilla) co-wrote with Gregory Unruh (2006) and published in this journal. The present paper aims to identify and evaluate the relationships existing between the main characteristics of industries and the attributes of the technology standardization processes within them. To achieve this goal, six different sensitivity analyses were carried out on the effects of incremental modifications in the parameters of our agent based model (ABM). In addition to increasing returns, long term stability, or persistent standards, appears to require other variables, such as a low innovation rate, high user survival rates, durable capital, high switching costs, and/or high barriers entry. The results of the simulation allowed us to corroborate a number of intuitions from economics, while drawing attention to less obvious relationships, suggesting possible lines of empirical research to confirm and expand on the insights presented herein.",,2015-01-02,2026-03-17 22:11:51,2026-03-17 22:32:45,2026-03-17 22:11:51,253-263,,1,49,Journal of Economic Issues,Technological Diffusion and Standardization Patterns,,,,,,,en,,,,,DOI.org (Crossref),,,,C:\Users\Thiago\Zotero\storage\THIZVX76\Carrillo-Hermosilla - 2015 - Technological Diffusion and Standardization Patterns An Industrial Taxonomy.pdf,,Agent based models; Technology diffusion; Standardization; Large scale networks; Lock-in,,,,,,,
IZX75LTT,journalArticle,2025,"Chis, Daniel Ioan; Dumitrache, Ioan",Engineering Longevity: A Hybrid AI-driven Simulation Framework for Optimizing National Health and Economic Prosperity,"Hybrid, ""Synthetic (machine learning, AI, other)""","Predictive, Decision Support / Policy Evaluation","Metamodeling / Surrogate, Regression / Statistical Inference",Studies in Informatics and Control,,"12201766, 1841429X",10.24846/v34i4y202507,https://sic.ici.ro/current-issue/engineering-longevity-a-hybrid-ai-driven-simulation-framework-for-optimizing-national-health-and-economic-prosperity/,"The non-linear relationship between population health and economic prosperity represents a new frontier in modelling and optimization. This paper presents a novel hybrid computational framework which was designed for crafting optimal health policies through empirically validated simulations, integrating a top-down macroeconomic framework with a bottom-up agent-based simulation (ABM) for a dynamic, heterogeneous population. The proposed framework employs a robust, four-step pipeline. First, an agent-based model generates a large dataset, which will train a high-speed surrogate model. Further on, an AI-based optimization engine leverages this surrogate model in order to efficiently discover the optimal policy strategies, which are subsequently validated with regard to their statistical robustness. This framework was validated against a post-menopausal osteoporosis case study, identifying a policy that significantly outperforms the benchmark strategy across a ten-run validation process. To sum up, this paper provides a new, empirically grounded blueprint for a “Digital Twin” for public health, combining complex systems modelling with AI-driven optimization to help engineer longevity at a national level.",,2025-12-15,2026-03-17 22:11:52,2026-03-17 22:32:34,2026-03-17 22:11:52,79-86,,4,34,SIC,Engineering Longevity,,,,,,,en,,,,,DOI.org (Crossref),,,,C:\Users\Thiago\Zotero\storage\X5TVKMA8\Chis e Dumitrache - 2025 - Engineering Longevity A Hybrid AI-driven Simulation Framework for Optimizing National Health and Ec.pdf,,Agent-based simulation; AI-driven; Optimization,,,,,,,
H6TFDTXG,journalArticle,2022,"Chersoni, Giulia; DellaValle, Nives; Fontana, Magda",Modelling thermal insulation investment choice in the EU via a behaviourally informed agent-based model,Hybrid,Decision Support / Policy Evaluation,Exploratory / Scenario-based,Energy Policy,,3014215,10.1016/j.enpol.2022.112823,https://linkinghub.elsevier.com/retrieve/pii/S0301421522000489,"In spite of the established importance that retrofitting the existing building stock has in decreasing end-use carbon emissions and of the large availability of policies aimed at financially supporting renovations, investments in the residential sector remain below the optimal levels. The paper proposes an encompassing theoretical framework that merges economic, behavioural and social motives and suggests diverse policy instruments to promote retrofitting and their appropriate targets. The paper exploits the Consumers Survey data from the Second consumer market study on the functioning of the retail electricity markets for consumers in the EU (2016) to calibrate an agent-based model of the thermal insulation investment choice. The model simulates the investment choice of 19,538 homeowners based on their perceived financial situation and environmental concern, and introduces unobserved networks on which adoption by imitation occurs. We investigate the effect of a financial incentive, a pro-environmental campaign and a norm-based intervention on the adoption rate. Results show that the interplay between economic, behavioural, and social motives produces unexpected outcomes: policies that leverage only one motive are nonetheless affected by the others.",,2022-04,2026-03-17 22:11:57,2026-03-17 22:32:35,2026-03-17 22:11:57,112823,,,163,Energy Policy,,,,,,,,en,,,,,DOI.org (Crossref),,,,C:\Users\Thiago\Zotero\storage\GZ3RJH6I\Chersoni et al. - 2022 - Modelling thermal insulation investment choice in the EU via a behaviourally informed agent-based mo.pdf,,Agent-based modelling; Thermal insulation; Adoption of energy efficient technologies; Behavioural economics,,,,,,,
YI7DXYK4,journalArticle,2019,"Chen, Zhuo",An Agent-Based Model for Information Diffusion over Online Social Networks,"Empirical (micro), Theoretical (literature)","Exploratory, Descriptive / Phenomena-based","Local (OAT/OFAT), Exploratory / Scenario-based",Papers in Applied Geography,,"2375-4931, 2375-494X",10.1080/23754931.2019.1619193,https://www.tandfonline.com/doi/full/10.1080/23754931.2019.1619193,"Online social networks have become a new channel for urban citizens to acquire information. The efficient information diffusion in their communities ensures wide awareness of updated special events. With agent-based models built on the NetLogo platform, I study information diffusion on online social networks with different simulated network structures. Outcomes from simulated networks and from a case study of real-world Twitter networks show that there exist a range of paired optimal propagation parameters that could mimic real-world information diffusion. It is found that the physical space and the process of information diffusion on the real retweet network over time still demonstrate a geographic pattern showing that a local city or a related city is more involved in a special event in the area.",,2019-04-03,2026-03-17 21:46:45,2026-03-17 22:32:37,2026-03-17 22:12:00,77-97,,1-2,5,Papers in Applied Geography,,,,,,,,en,,,,,DOI.org (Crossref),,,,C:\Users\Thiago\Zotero\storage\LK9SLU6D\Chen - 2019 - An Agent-Based Model for Information Diffusion over Online Social Networks.pdf,,,,,,,,,
9IJKSTMP,journalArticle,2016,"Chen, Shu-Heng; Gostoli, Umberto",On the complexity of the El Farol Bar game: a sensitivity analysis,Theoretical (literature),"Theoretical / Illustrative, Explanatory","Local (OAT/OFAT), Exploratory / Scenario-based",Evolutionary Intelligence,,"1864-5909, 1864-5917",10.1007/s12065-016-0138-1,http://link.springer.com/10.1007/s12065-016-0138-1,"In this paper, we carry out a sensitivity analysis for an agent-based model of the use of public resources as manifested by the El Farol Bar problem. An early study using the same model has shown that a good-society equilibrium, characterized by both economic efﬁciency and economic equality, can be achieved probabilistically by a von Neumann network, and can be achieved surely with the presence of some agents having social preferences, such as the inequity-averse preference or the ‘keeping-up-with-theJoneses’ preference. In this study, we examine this fundamental result by exploring the inherent complexity of the model; speciﬁcally, we address the effect of the three key parameters related to size, namely, the network size, the neighborhood size, and the memory size. We ﬁnd that social preferences still play an important role over all the sizes considered. Nonetheless, it is also found that when network size becomes large, the parameter, the bar capacity (the attendance threshold), may also play a determining role.",,2016-12,2026-03-17 22:12:02,2026-03-17 22:32:39,2026-03-17 22:12:02,113-123,,4,9,Evol. Intel.,On the complexity of the El Farol Bar game,,,,,,,en,,,,,DOI.org (Crossref),,,,C:\Users\Thiago\Zotero\storage\7PUVPU3S\Chen e Gostoli - 2016 - On the complexity of the El Farol Bar game a sensitivity analysis.pdf,,El Farol Bar problem; Good-society equilibrium; Imitation; Inequity aversion; Keeping-up-with-the-Joneses; Mutation; Social preferences,,,,,,,
FQHXPLK7,journalArticle,2023,"Chen, Siyan; Desiderio, Saul",An agent-based framework for the analysis of the macroeconomic effects of population aging,Theoretical (literature),"Explanatory, Decision Support / Policy Evaluation","Local (OAT/OFAT), Metamodeling / Surrogate, Exploratory / Scenario-based",Journal of Evolutionary Economics,,"0936-9937, 1432-1386",10.1007/s00191-023-00814-w,https://link.springer.com/10.1007/s00191-023-00814-w,"Over the last few decades world population has undergone an unprecedented process of aging, which has been having a signiﬁcant impact on the macroeconomy. In this paper we propose a new agent-based macro model designed to study the macroeconomic consequences of aging. Using the model as a computational laboratory we test four hypotheses based on empirical evidence - namely that aging decreases real output and real interest rates, while increases trend inﬂation and income inequality. In general, performing several sensitivity analysis exercises and controlling for three different pension systems (pay-as-you-go and fully-funded), we ﬁnd enough evidence supporting the hypotheses, especially in the fully-funded scenario. Moreover, we assess the ability of three policy responses to contrast the effects of aging: increasing the retirement age, reducing the amount of pensions and stimulating technological progress, ﬁnding that the last one is probably the best.",,2023-04,2026-03-17 22:12:04,2026-03-17 22:32:38,2026-03-17 22:12:04,393-427,,2,33,J Evol Econ,,,,,,,,en,,,,,DOI.org (Crossref),,,,C:\Users\Thiago\Zotero\storage\YXQBD98B\Chen e Desiderio - 2023 - An agent-based framework for the analysis of the macroeconomic effects of population aging.pdf,,C63; Agent-based models; C14; E00; Economic growth; H55; J11; Nonparametric regression; Pension systems; Population aging,,,,,,,
9EJWCD36,journalArticle,2020,"Cheliotis, Kostas",An agent-based model of public space use,Theoretical (literature),"Exploratory, Theoretical / Illustrative","Local (OAT/OFAT), Exploratory / Scenario-based","Computers, Environment and Urban Systems",,1989715,10.1016/j.compenvurbsys.2020.101476,https://linkinghub.elsevier.com/retrieve/pii/S0198971519302261,"Computational models have been described as exceptionally adept at examining the complex relationships of human and crowd behaviour, with a significant portion dedicated to investigating spatial behaviour in defined environments. Within this context, this paper presents an agent-based model (ABM) for simulating activity in public spaces at the level of the individual user. Although other ABMs of individuals' spatial activity exist, they are often found to simulate specific building-related activities, and fewer still are found to examine activity in public spaces, in a systematic manner. This research provides a generalized formalization of human spatial behaviour incorporating stationary activities and social interaction within a 3D environment, and is presented using a widely accepted framework for describing ABM, the Overview, Design Concepts, and Details (ODD) protocol. A sample study using a synthetic environment is used to demonstrate applicability, and the model is tested extensively to establish robustness. Furthermore, model output is compared to observed activity patterns in other studies of similar spaces, and simulated spatial patterns of activity are found to match those observed in real-world scenarios, providing insight into the dynamics of the processes, and highlighting the potential of this approach for studying the complexities of human spatial behaviour.",,2020-05,2026-03-17 22:12:05,2026-03-17 22:32:41,2026-03-17 22:12:05,101476,,,81,"Computers, Environment and Urban Systems",,,,,,,,en,,,,,DOI.org (Crossref),,,,C:\Users\Thiago\Zotero\storage\T2FBUUJN\Cheliotis - 2020 - An agent-based model of public space use.pdf,,Agent-based modelling; Public space; Computer simulation; 3D; ODD model description,,,,,,,
SM7L856T,journalArticle,2022,"Cator, Durward; Huang, Qimin; Mondal, Anirban; Ndeffo-Mbah, Martial; Gurarie, David",Individual-based modeling of COVID-19 transmission in college communities,"Theoretical (literature), ""Synthetic (machine learning, AI, other)""",Decision Support / Policy Evaluation,Exploratory / Scenario-based,Mathematical Biosciences and Engineering,,1551-0018,10.3934/mbe.2022646,http://www.aimspress.com/article/doi/10.3934/mbe.2022646,"The ongoing COVID-19 pandemic has created major public health and socio-economic challenges across the United States. Among them are challenges to the educational system where college administrators are struggling with the questions of how to mitigate the risk and spread of diseases on their college campus. To help address this challenge, we developed a flexible computational framework to model the spread and control of COVID-19 on a residential college campus. The modeling framework accounts for heterogeneity in social interactions, activities, environmental and behavioral risk factors, disease progression, and control interventions. The contribution of mitigation strategies to disease transmission was explored without and with interventions such as vaccination, quarantine of symptomatic cases, and testing. We show that even with high vaccination coverage (90%) college campuses may still experience sizable outbreaks. The size of the outbreaks varies with the underlying environmental and socio-behavioral risk factors. Complementing vaccination with quarantine and mass testing was shown to be paramount for preventing or mitigating outbreaks. Though our quantitative results are likely provisional on our model assumptions, sensitivity analysis confirms the robustness of their qualitative nature.",,2022,2026-03-17 21:45:52,2026-03-17 22:32:42,2026-03-17 22:12:07,13861-13877,,12,19,MBE,,,,,,,,en,,,,,DOI.org (Crossref),,,,C:\Users\Thiago\Zotero\storage\72EK5RYJ\Cator et al. - 2022 - Individual-based modeling of COVID-19 transmission in college communities.pdf,,,,,,,,,
UH8TDTRU,journalArticle,2019,"Castellani, Brian; Barbrook-Johnson, Peter; Schimpf, Corey",Case-based methods and agent-based modelling: bridging the divide to leverage their combined strengths,"Empirical (micro), Hybrid","Exploratory, Explanatory",Exploratory / Scenario-based,International Journal of Social Research Methodology,,"1364-5579, 1464-5300",10.1080/13645579.2018.1563972,https://www.tandfonline.com/doi/full/10.1080/13645579.2018.1563972,"Two leading camps for studying social complexity are case-based methods (CBM) and agent-based modelling (ABM). Despite the potential epistemological links between ‘cases’ and ‘agents,’ neither camp has leveraged their combined strengths. A bridge can be built, however, by drawing on Abbott’s insight that ‘agents are cases doing things’, Byrne’s suggestion that ‘cases are complex systems with agency’, and by viewing CBM and ABM within the broader trend towards computational modelling of cases. To demonstrate the utility of this bridge, we describe how CBM can utilise ABM to identify case-based trends; explore the interactions and collective behaviour of cases; and study diﬀerent scenarios. We also describe how ABM can utilise CBM to identify agent types; construct agent behaviour rules; and link these to outcomes to calibrate and validate model results. To further demonstrate the bridge, we review a public health study that made initial steps in combining CBM and ABM.",,2019-07-04,2026-03-17 22:12:09,2026-03-17 22:32:44,2026-03-17 22:12:09,403-416,,4,22,International Journal of Social Research Methodology,Case-based methods and agent-based modelling,,,,,,,en,,,,,DOI.org (Crossref),,,,C:\Users\Thiago\Zotero\storage\24VWPZYB\Castellani et al. - 2019 - Case-based methods and agent-based modelling bridging the divide to leverage their combined strengt.pdf,,simulation; agent-based modelling; case-based methods; qualitative comparative analysis; Social complexity; social research,,,,,,,
YFA73W42,journalArticle,2021,"Cao, Yingqi; Li, Fen; Xi, Xuesong; Van Bilsen, Daniël Jacques Corné; Xu, Liyan","Urban livability: Agent-based simulation, assessment, and interpretation for the case of Futian District, Shenzhen","Empirical (micro), Hybrid",Decision Support / Policy Evaluation,Global (Variance-based),Journal of Cleaner Production,,9596526,10.1016/j.jclepro.2021.128662,https://linkinghub.elsevier.com/retrieve/pii/S0959652621028626,"The livability of a city, which includes social, economic, environmental, and other connotations, assumes a central role in determining the quality of life. Only when the city develops in a coordinated manner in these aspects can it truly build a sustainable urbanism. Current literature on urban livability show gaps in terms of its measurement and assessment, especially from a dynamic point of view. To address these gaps, in this paper we design an indicator system for measuring urban livability which is built upon a comprehensive synthesis of existing literature to our knowledge. Based on the indicator system, we build an agent-based simulation model on the NetLogo platform for urban livability which utilizes multi-source geographical data. In applying the model in our study case, Futian District, Shenzhen, the simulated livability scores are tested valid and robust, thus hinting its potentials for generalization. A further global sensitivity analysis on the simulation results reveals the firstand second-order factors’ contribution structure to the overall livability score, which proves a useful tool in policy analysis. The simulation tools developed in this paper constitute a practical approach for sustainable development of cities in supporting governance policy evaluation and design, and the methodological framework offers a new scope for understanding the mechanisms of the making of urban livability.",,2021-10,2026-03-17 22:12:11,2026-03-17 22:32:46,2026-03-17 22:12:11,128662,,,320,Journal of Cleaner Production,Urban livability,,,,,,,en,,,,,DOI.org (Crossref),,,,"C:\Users\Thiago\Zotero\storage\LJ9IPF65\Cao et al. - 2021 - Urban livability Agent-based simulation, assessment, and interpretation for the case of Futian Dist.pdf",,Agent-based model (ABM); Urban sustainability; Global sensitivity analysis; Shenzhen; Futian district; Urban livability,,,,,,,
BB2FFTGR,journalArticle,2025,"Cannavacciuolo, Lorella; Maione, Vincenzo; Ponsiglione, Cristina; Primario, Simonetta",Agent-based modelling of electric vehicle adoption: A multidimensional perspective assessment,Hybrid,"Decision Support / Policy Evaluation, Exploratory",Exploratory / Scenario-based,Research in Transportation Business & Management,,22105395,10.1016/j.rtbm.2025.101407,https://linkinghub.elsevier.com/retrieve/pii/S2210539525001221,"To meet the environmental sustainability objectives outlined in the Fit for 55 % program, European nations must curtail their greenhouse gas emissions. Promoting electric vehicle adoption emerges as a pivotal strategy. Previous research has primarily focused on isolated aspects of this phenomenon, neglecting a holistic approach that merges economic, technical, and socio-behavioural dimensions and their interrelations. This paper addresses this gap by developing an electric vehicle adoption agent-based model evaluating the interplay of these aspects. Our findings highlight the relationship among range anxiety and environmental awareness, and the importance of government financial incentives and advertising expenditure in promoting electric vehicle adoption. The model is calibrated to the Italian case, serving as a basis for analysing similar contexts. Due to its design as a typification, this paper provides insights into sustainable policy frameworks that can be extended to cases with comparable characteristics.",,2025-08,2026-03-17 21:36:01,2026-03-17 22:32:48,2026-03-17 22:12:13,101407,,,61,Research in Transportation Business & Management,Agent-based modelling of electric vehicle adoption,,,,,,,en,,,,,DOI.org (Crossref),,,,C:\Users\Thiago\Zotero\storage\T8DAMAFG\Cannavacciuolo et al. - 2025 - Agent-based modelling of electric vehicle adoption A multidimensional perspective assessment.pdf,,,,,,,,,
4YT5TNBR,journalArticle,2015,"Canessa, Enrique; Chaigneau, Sergio",Calibrating Agent-Based Models Using a Genetic Algorithm,"Hybrid, ""Synthetic (machine learning, AI, other)""",Theoretical / Illustrative,Regression / Statistical Inference,Studies in Informatics and Control,,"12201766, 1841429X",10.24846/v24i1y201509,https://sic.ici.ro/vol-24-no-1-2015/calibrating-agent-based-models-using-a-genetic-algorithm/,"We present a Genetic Algorithm (GA)-based tool that calibrates Agent-based Models (ABMs). The GA searches through a user-defined set of input parameters of an ABM, delivering values for those parameters so that the output time series of an ABM may match the real system’s time series to certain precision. Once that set of possible values has been available, then a domain expert can select among them, the ones that better make sense from a practical point of view and match the explanation of the phenomenon under study. In developing the GA, we have had three main goals in mind. First, the GA should be easily used by non-expert computer users and allow the seamless integration of the GA with different ABMs. Secondly, the GA should achieve a relatively short convergence time, so that it may be practical to apply it to many situations, even if the corresponding ABMs exhibit complex dynamics. Thirdly, the GA should use a few data points of the real system’s time series and even so, achieve a sufficiently good match with the ABM’s time series to attaining relational equivalence between the real system under study and the ABM that models it. That feature is important since social science longitudinal studies commonly use few data points. The results show that all of those goals have been accomplished.",,2015-03-10,2026-03-17 22:12:15,2026-03-17 22:32:49,2026-03-17 22:12:15,,,1,24,SIC,,,,,,,,en,,,,,DOI.org (Crossref),,,,C:\Users\Thiago\Zotero\storage\ZXIEQ5XA\Canessa e Chaigneau - 2015 - Calibrating Agent-Based Models Using a Genetic Algorithm.pdf,,Agent-based modelling; calibration; validation; complex adaptive systems; genetic algorithms; relational equivalence,,,,,,,
DDAMWM6L,journalArticle,2021,"Brinkmann, Katja; Kübler, Daniel; Liehr, Stefan; Buerkert, Andreas",Agent-based modelling of the social-ecological nature of poverty traps in southwestern Madagascar,Hybrid,"Exploratory, Decision Support / Policy Evaluation","Local (OAT/OFAT), Global (Screening), Global (Variance-based), Exploratory / Scenario-based",Agricultural Systems,,0308521X,10.1016/j.agsy.2021.103125,https://linkinghub.elsevier.com/retrieve/pii/S0308521X21000780,"CONTEXT: In Madagascar land use pressure on natural resources has increased drastically over the last decades. For subsistence farmers this situation often leads to an accelerated unsustainable exploitation of resources with negative consequences for their livelihood, which can be described as a social-ecological trap (SET).",,2021-05,2026-03-17 22:12:16,2026-03-17 22:32:50,2026-03-17 22:12:16,103125,,,190,Agricultural Systems,,,,,,,,en,,,,,DOI.org (Crossref),,,,C:\Users\Thiago\Zotero\storage\RN9LMKGZ\Brinkmann et al. - 2021 - Agent-based modelling of the social-ecological nature of poverty traps in southwestern Madagascar.pdf,,Sensitivity analysis; Coping strategy; Empirical data-driven model; Food-self-sufficiency; Social-ecological trap; Spatial agent-based modelling,,,,,,,
3P57VKQK,journalArticle,2021,"Anzola, David",Capturing the representational and the experimental in the modelling of artificial societies,NA,NA,NA,European Journal for Philosophy of Science,,"1879-4912, 1879-4920",10.1007/s13194-021-00382-5,https://link.springer.com/10.1007/s13194-021-00382-5,"Even though the philosophy of simulation is intended as a comprehensive reflection about the practice of computer simulation in contemporary science, its output has been disproportionately shaped by research on equation-based simulation in the physical and climate sciences. Hence, the particularities of alternative practices of computer simulation in other scientific domains are not sufficiently accounted for in the current philosophy of simulation literature. This article centres on agent-based social simulation, a relatively established type of simulation in the social sciences, to exemplify this claim. The analysis advanced has a twofold goal. First, it shows that the philosophy of agent-based social simulation, mostly developed by practitioners themselves, is, on one hand, heavily influenced by the methodological features of agent-based modelling and by the loose and fragmented character of social theory and, on the other hand, distinctively shaped by contrasting views of what it implies to do social research with virtual or artificial societies. Second, it suggests ways in which cross-fertilisation could enrich the philosophical understanding of computer simulation both in agent-based social simulation and in the philosophy of simulation.",,2021-09,2026-03-17 22:12:18,2026-03-17 22:32:52,2026-03-17 22:12:18,63,,3,11,Euro Jnl Phil Sci,,,,,,,,en,,,,,DOI.org (Crossref),,,,C:\Users\Thiago\Zotero\storage\7BRGHN73\Anzola - 2021 - Capturing the representational and the experimental in the modelling of artificial societies.pdf,,Agent-based modelling; Artificial societies; Computer simulation; Experimentation; Representation; Verification - validation,,,,,,,
8VIYUFUR,journalArticle,2017,"Angourakis, Andreas; Salpeteur, Matthieu; Ferreras, Verònica Martínez; Gurt Esparraguera, Josep M.",The Nice Musical Chairs Model: Exploring the Role of Competition and Cooperation Between Farming and Herding in the Formation of Land Use Patterns in Arid Afro-Eurasia,Theoretical (literature),"Explanatory, Theoretical / Illustrative","Global (Variance-based), Global (Screening), Exploratory / Scenario-based",Journal of Archaeological Method and Theory,,"1072-5369, 1573-7764",10.1007/s10816-016-9309-8,http://link.springer.com/10.1007/s10816-016-9309-8,"Following a strictly theory-building approach, we developed an agent-based simulation model, the Nice Musical Chairs model, to represent the competition between groups of stakeholders of farming and herding activities in the arid Afro-Eurasia. The model deepens the questions raised by the results of our former model, the Musical Chairs model, and further introduces three socio-economic mechanisms, which modulate the behavior and performance of stakeholders and their groups. First, we define land use pairing as the awarding, regarding productivity, of any direct cooperation between farming and herding within a group. Second, group management is modeled as the prerogative of a group leadership to manage stakeholders to pursue a particular proportion between farming and herding. Third, we introduce restricted access to pasture as the engagement in territorial control of rangelands in opposition to an open access regime. An exhaustive exploration of scenarios and parameters placed the control over rangelands as the most significant factor in the formation of land use patterns, followed by land use management. While the effect of land use pairing is mild in comparison, it is still a significant factor in group selection and thus in the persistence of particular land use patterns in the long run.",,2017-12,2026-03-17 22:12:20,2026-03-17 22:32:53,2026-03-17 22:12:20,1177-1202,,4,24,J Archaeol Method Theory,The Nice Musical Chairs Model,,,,,,,en,,,,,DOI.org (Crossref),,,,C:\Users\Thiago\Zotero\storage\VQUKHS4I\Angourakis et al. - 2017 - The Nice Musical Chairs Model Exploring the Role of Competition and Cooperation Between Farming and.pdf,,Land use; Agent-based model; Cooperation; Competition; Herder-farmer relationship; Pastoral systems,,,,,,,
G8GFAQFJ,journalArticle,2020,"Anderson, Taylor; Dragićević, Suzana",NEAT approach for testing and validation of geospatial network agent-based model processes: case study of influenza spread,"Theoretical (literature), Empirical (micro), ""Synthetic (machine learning, AI, other)""",Theoretical / Illustrative,Local (OAT/OFAT),International Journal of Geographical Information Science,,"1365-8816, 1362-3087",10.1080/13658816.2020.1741000,https://www.tandfonline.com/doi/full/10.1080/13658816.2020.1741000,"Agent-based models (ABM) are used to represent a variety of complex systems by simulating the local interactions between system components from which observable spatial patterns at the system-level emerge. Thus, the degree to which these interactions are represented correctly must be evaluated. Networks can be used to discretely represent and quantify interactions between system components and the emergent system structure. Therefore, the main objective of this study is to develop and implement a novel validation approach called the NEtworks for ABM Testing (NEAT) that integrates geographic information science, ABM approaches, and spatial network representations to simulate complex systems as measurable and dynamic spatial networks. The simulated spatial network structures are measured using graph theory and compared with empirical regularities of observed real networks. The approach is implemented to validate a theoretical ABM representing the spread of inﬂuenza in the City of Vancouver, Canada. Results demonstrate that the NEAT approach can validate whether the internal model processes are represented realistically, thus better enabling the use of ABMs in decision-making processes.",,2020-09-01,2026-03-17 22:12:22,2026-03-17 22:32:54,2026-03-17 22:12:22,1792-1821,,9,34,International Journal of Geographical Information Science,NEAT approach for testing and validation of geospatial network agent-based model processes,,,,,,,en,,,,,DOI.org (Crossref),,,,C:\Users\Thiago\Zotero\storage\EVU5T57Q\Anderson e Dragićević - 2020 - NEAT approach for testing and validation of geospatial network agent-based model processes case stu.pdf,,Geographic information systems; validation; agent-based modelling; model testing; network science,,,,,,,
WKJ8F4Y4,journalArticle,2022,"Ambrosius, Floor H.W.; Kramer, Mark R.; Spiegel, Alisa; Bokkers, Eddie A.M.; Bock, Bettina B.; Hofstede, Gert Jan",Diffusion of organic farming among Dutch pig farmers: An agent-based model,Hybrid,Explanatory,"Local (OAT/OFAT), Exploratory / Scenario-based",Agricultural Systems,,0308521X,10.1016/j.agsy.2021.103336,https://linkinghub.elsevier.com/retrieve/pii/S0308521X21002894,"CONTEXT: Organic farming is an alternative for conventional farming practices with the potential to decrease negative externalities. Yet, in the Netherlands there has been a mismatch between societal preferences and farmer behaviour: despite increasing demand for organic pork meat, farmers feel peer pressure to remain conventional. Therefore, to understand diffusion of organic farming, one needs to consider social dynamics between farmers.",,2022-03,2026-03-17 22:12:24,2026-03-17 22:32:56,2026-03-17 22:12:24,103336,,,197,Agricultural Systems,Diffusion of organic farming among Dutch pig farmers,,,,,,,en,,,,,DOI.org (Crossref),,,,C:\Users\Thiago\Zotero\storage\EC3H99BX\Ambrosius et al. - 2022 - Diffusion of organic farming among Dutch pig farmers An agent-based model.pdf,,Farmer behaviour; Innovation diffusion; Organic meat price; Social identity approach; Social interaction,,,,,,,
HL9K3SCH,journalArticle,2015,"Ahn, Seungjun; Lee, SangHyun",Methodology for Creating Empirically Supported Agent-Based Simulation with Survey Data for Studying Group Behavior of Construction Workers,"Empirical (micro), Hybrid","Decision Support / Policy Evaluation, Theoretical / Illustrative","Local (OAT/OFAT), Exploratory / Scenario-based",Journal of Construction Engineering and Management,,"0733-9364, 1943-7862",10.1061/(ASCE)CO.1943-7862.0000918,https://ascelibrary.org/doi/10.1061/%28ASCE%29CO.1943-7862.0000918,"Construction workers’ attitudes and behaviors are one of the most important factors of a construction project’s performance. As the attention paid to the impact of social influences and norms on worker behavior grows, agent-based modeling and simulation (ABMS) emerges as a research tool for studying workers’ group behavior. With ABMS, researchers can uncover the underlying process of group behavior emerging from individuals’ interactions in an organization. However, validating agent-based simulation with real data is the greatest challenge in using ABMS for organizational behavior research. With this background in mind, the objective of this paper is to propose a methodology for creating an empirically supported agent-based model for studying workers’ behavior influenced by social norms. The proposed methodology suggests that empirical data collected by a questionnaire can be used for ABMS in three steps: (1) testing the agent behavior rules used in an agent-based model (i.e., testing the modeling assumptions), (2) demonstrating the model behavior’s qualitative agreement with real workers’ behavior (i.e., testing the simulation results against real data in a qualitative manner), and (3) creating a specific agent-based model with the model parameters that correspond to a specific empirical case. A specific agent-based model created in this way can then be seen as a scenario generator that corresponds to a specific reality and can be used to answer what if questions. Therefore, the model can be used to develop policies/interventions to improve workers’ behavior in a given situation. The proposed methodology is illustrated by a study on construction workers’ absenteeism that was conducted by the authors. This paper contributes to the body of knowledge of workforce management in construction; the proposed methodology provides a means of simulating workers’ group behavior and developing policies/interventions to improve worker behavior at the group level in construction. DOI: 10.1061/(ASCE)CO.1943-7862.0000918. © 2014 American Society of Civil Engineers.",,2015-01,2026-03-17 22:12:26,2026-03-17 22:32:09,2026-03-17 22:12:26,4014065,,1,141,J. Constr. Eng. Manage.,,,,,,,,en,,,,,DOI.org (Crossref),,,,C:\Users\Thiago\Zotero\storage\W42K6IMC\Ahn e Lee - 2015 - Methodology for Creating Empirically Supported Agent-Based Simulation with Survey Data for Studying.pdf,,Group behavior; Social norm; Absenteeism; Agent-based modeling and simulation (ABMS); Quantitative methods; Worker behavior,,,,,,,
9T6SUPU7,journalArticle,2023,"Agyemang, Felix S. K.; Silva, Elisabete; Fox, Sean",Modelling and simulating ‘informal urbanization’: An integrated agent-based and cellular automata model of urban residential growth in Ghana,"Hybrid, ""Expert-based (qualitative, interview, participatory)"", Empirical (micro)","Predictive, Decision Support / Policy Evaluation","Local (OAT/OFAT), Exploratory / Scenario-based",Environment and Planning B: Urban Analytics and City Science,,"2399-8083, 2399-8091",10.1177/23998083211068843,https://journals.sagepub.com/doi/10.1177/23998083211068843,"The global urban population is expected to grow by 2.5 billion over the next three decades, and 90% of this growth will occur in African and Asian countries. Urban expansion in these regions is often characterised by ‘informal urbanization’ whereby households self-build without planning permission in contexts of ambiguous, insecure or disputed property rights. Despite the scale of informal urbanization, it has received little attention from scholars working in the domains of urban analytics and city science. Towards addressing this gap, we introduce TI-City, an urban growth model designed to predict the locations, legal status and socio-economic status of future residential developments in an African city. In a bottom-up approach, we use agent-based and cellular automata modelling techniques to predict the geospatial behaviour of key urban development actors, including households, real estate developers and government. We apply the model to the city-region of Accra, Ghana, drawing on local data collection, including a household survey, to parameterise the model. Using a multi-spatial-scale validation technique, we compare TI-City’s ability to simulate historically observed built-up patterns with SLEUTH, a highly popular urban growth model. Results show that TI-City outperforms SLEUTH at each scale, suggesting the model could offer a valuable decision support tool in similar city contexts.",,2023-05,2026-03-17 22:12:28,2026-03-17 22:32:11,2026-03-17 22:12:28,863-877,,4,50,Environment and Planning B: Urban Analytics and City Science,Modelling and simulating ‘informal urbanization’,,,,,,,en,,,,,DOI.org (Crossref),,,,C:\Users\Thiago\Zotero\storage\X7VLMARW\Agyemang et al. - 2023 - Modelling and simulating ‘informal urbanization’ An integrated agent-based and cellular automata mo.pdf,,Africa; cellular automata; agent-based modelling; urban growth; sustainable development; Informal urbanization,,,,,,,
EY9BN326,journalArticle,2021,"Zolfagharipoor, Mohammad Amin; Ahmadi, Azadeh",Agent-based modeling of participants' behaviors in an inter-sectoral groundwater market,Hybrid,Decision Support / Policy Evaluation,Exploratory / Scenario-based,Journal of Environmental Management,,3014797,10.1016/j.jenvman.2021.113560,https://linkinghub.elsevier.com/retrieve/pii/S0301479721016224,"While being affected by economic and hydrological conditions, the behaviors of water market participants can also be caused by their psychological characteristics and social stimuli of the environment. This paper employs agent-based modeling (ABM) approach to simulate a local groundwater market in central Iran. The proposed ABM framework couples social, economic, and hydrological sub-models. The social sub-model benefits from the theory of planned behavior under field studies to design psychology-based behaviors of trading agents. Moreover, in continuous interaction with the FlowLogo hydrological sub-model, the economic sub-model simulates the inter-sectoral water trading under a double-auction mechanism. The inter-sectoral trading includes selling the farms’ irrigation water to the industry sector. The calibration and validation results for an eight-year simulation period (2010–2018) confirm the acceptable performance of the proposed ABM framework. Water trading patterns experience relatively extreme variations in the first years. However, with the adaption of the agents’ bids to the market conditions, they gradually emerge in a more stable form in the last years. Furthermore, updating the psychological factors increases the agents’ intention of participating in the market, and thus, the competition level over time. Finally, the hydro-economic analysis reveals that implementing the dynamic capand-trade policy increases the total net benefits of market participants by an average of 27% per year while reducing the region’s groundwater drawdown by 56 cm. Such inter-sectoral water markets can help with the sustainable exploitation of groundwater resources.",,2021-12,2026-03-17 22:12:30,2026-03-17 22:34:01,2026-03-17 22:12:30,113560,,,299,Journal of Environmental Management,,,,,,,,en,,,,,DOI.org (Crossref),,,,C:\Users\Thiago\Zotero\storage\J2AEFWZ6\Zolfagharipoor e Ahmadi - 2021 - Agent-based modeling of participants' behaviors in an inter-sectoral groundwater market.pdf,,Agent-based model (ABM); Water market; Double-auction mechanism; FlowLogo simulation model; Theory of planned behavior (TPB),,,,,,,
A2CVR4W6,journalArticle,2024,"Zhu, Anding; Han, Yunyan; Liu, Hong",Effects of adaptive cooperation among heterogeneous manufacturers on supply chain viability under fluctuating demand in post-COVID-19 era: an agent-based simulation,Hybrid,Decision Support / Policy Evaluation,"Local (OAT/OFAT), Exploratory / Scenario-based",International Journal of Production Research,,"0020-7543, 1366-588X",10.1080/00207543.2023.2178370,https://www.tandfonline.com/doi/full/10.1080/00207543.2023.2178370,"Supply chain viability (SCV) is associated with systematic and dynamic approaches to responding to COVID-19 disruptions. The supply chain has been disturbed due to the recurrent nature of the pandemic. In the post-pandemic era, large and small- and medium-sized manufacturers have both advantages and disadvantages, complementing each other. This study proposes an agentbased model to simulate the viable situation of heterogeneous supply systems by considering three behavioural rules (i.e. cooperation establishment, win-win cooperation, and cooperation priority). The results demonstrate that the viability will be improved if large manufacturers cooperate closely with small- and medium-sized manufacturers. The viability is also associated with two adjustment parameters of production capacity, indicating that large manufacturers need to become more scalable, flexible, and adaptable to survive a rapidly changing environment. In addition, when the cooperation is more widely-connected, the viability will be higher. When facing severe fluctuations, large and small- and medium-sized manufacturers can cooperate, acting as a ‘sponge system’ to flatten the fluctuations. Finally, the simulation results of an empirical network also support this conclusion. Therefore, we suggest that a viable supply chain design should consider integrating supply resources to improve the overall viability of the supply system.",,2024-02-16,2026-03-17 21:45:21,2026-03-17 22:30:44,2026-03-17 22:12:31,1162-1188,,4,62,International Journal of Production Research,Effects of adaptive cooperation among heterogeneous manufacturers on supply chain viability under fluctuating demand in post-COVID-19 era,,,,,,,en,,,,,DOI.org (Crossref),,,,C:\Users\Thiago\Zotero\storage\TF5YEFI8\Zhu et al. - 2024 - Effects of adaptive cooperation among heterogeneous manufacturers on supply chain viability under fl.pdf,,,,,,,,,
ADSPC67Y,journalArticle,2015,"Zia, Asim; Koliba, Christopher",The emergence of attractors under multi-level institutional designs: agent-based modeling of intergovernmental decision making for funding transportation projects,Hybrid,Decision Support / Policy Evaluation,Exploratory / Scenario-based,AI & SOCIETY,,"0951-5666, 1435-5655",10.1007/s00146-013-0527-2,http://link.springer.com/10.1007/s00146-013-0527-2,,,2015-08,2026-03-17 22:12:33,2026-03-17 22:34:00,2026-03-17 22:12:33,315-331,,3,30,AI & Soc,The emergence of attractors under multi-level institutional designs,,,,,,,en,http://www.springer.com/tdm,,,,DOI.org (Crossref),,,,C:\Users\Thiago\Zotero\storage\XET4DS89\Zia e Koliba - 2015 - The emergence of attractors under multi-level institutional designs agent-based modeling of intergo.pdf,,Agent-based modeling; Complex systems; Basins of attraction; Infrastructure development; Institutional design; Intergovernmental relations; Network governance,,,,,,,
MAVCLNSW,journalArticle,2019,"Zhao, Wei; Lu, Yi; Feng, Genfu",How Many Agents are Rational in China’s Economy? Evidence from a Heterogeneous Agent-Based New Keynesian Model,Empirical (macro),Explanatory,"Exploratory / Scenario-based, Regression / Statistical Inference",Computational Economics,,"0927-7099, 1572-9974",10.1007/s10614-018-9844-3,http://link.springer.com/10.1007/s10614-018-9844-3,"A new Keynesian model built on an agent-based approach is considered and employed to investigate China’s monetary policy and macroeconomic ﬂuctuations. The assumption of perfect rationality used in standard dynamic stochastic general equilibrium (DSGE) models is abandoned. The expectation’s heterogeneity, caused by agents behaving according to individual rules through adaptive learning, is one of the agent-based model (ABM) characteristics inserted into the DSGE model. Differential evolution (DE) algorithm is employed to estimate the parameters of an agent-based new Keynesian (ABNK) model, which combined the ABM and the new Keynesian DSGE models. The primary contribution of this study is that the degree of rationality in the economy has been estimated using a model with heterogeneous bounded rationality and adaptive learning. In addition, the determinacy properties of ABNK models with different degrees of heterogeneity are analyzed, which shows that the models that are determinate under the assumptions of rationality may become indeterminate in the presence of heterogeneous expectations.",,2019-08,2026-03-17 22:12:35,2026-03-17 22:30:48,2026-03-17 22:12:35,575-611,,2,54,Comput Econ,How Many Agents are Rational in China’s Economy?,,,,,,,en,,,,,DOI.org (Crossref),,,,C:\Users\Thiago\Zotero\storage\X5MSAJ7C\Zhao et al. - 2019 - How Many Agents are Rational in China’s Economy Evidence from a Heterogeneous Agent-Based New Keyne.pdf,,Agent-based model; Adaptive learning; Heterogeneous expectations; New Keynesian model,,,,,,,
3SPH4M6F,journalArticle,2024,"Zhang, Jiaorui; Yang, Y.C. Ethan; Abeshu, Guta W.; Li, Hongyi; Hung, Fengwei; Lin, Chung-Yi; Leung, L. Ruby",Exploring the food-energy-water nexus in coupled natural-human systems under climate change with a fully integrated agent-based modeling framework,Hybrid,Decision Support / Policy Evaluation,"Exploratory / Scenario-based, Regression / Statistical Inference",Journal of Hydrology,,221694,10.1016/j.jhydrol.2024.131048,https://linkinghub.elsevier.com/retrieve/pii/S0022169424004438,"Managing water resources to meet increasing energy and food demands while maintaining environmental sustainability under climate change is a major challenge, especially when this nexus occurred in a coupled natural–human system (CNHS), where heterogeneous human activities affect the natural hydrologic cycle and vice versa. The relevant research has been limited by the lack of models that can effectively integrate human dynamics and hydrologic conditions with spatial details to examine co-evolutionary systems. To address this challenge, this paper develops a modeling framework that integrates an agent-based model (ABM; human behavior model) into a large-scale, process-based distributed hydrologic model to simulate human decisions endogenously in the hydrologic cycle. We then apply the Decision Scaling approach, an ex-post scenario analysis method, with our integrated model to study the bidirectional feedback of the CNHS under future changing climate conditions. With the Columbia River Basin (CRB) selected as the case study area, the calibration results show that the integrated model can simultaneously capture the historical irrigated water consumption and streamflow dynamics. Modeling results show that the trade-off between irrigated water consumption, hydropower generation, and streamflow will become more pronounced under hotter and wetter climate conditions at both the entire basin and regional (states and provinces) levels. Special attention should be given to “temperature thresholds” of different regions when the trade-off pattern started. The trade-off results can potentially inform the Columbia River Treaty renegotiation and provide insights for long-term water management policies.",,2024-05,2026-03-17 22:12:37,2026-03-17 22:30:53,2026-03-17 22:12:37,131048,,,634,Journal of Hydrology,,,,,,,,en,,,,,DOI.org (Crossref),,,,C:\Users\Thiago\Zotero\storage\TVJIQP5X\Zhang et al. - 2024 - Exploring the food-energy-water nexus in coupled natural-human systems under climate change with a f.pdf,,Socio-ecological systems; Decision scaling; Farmers’ behavior; Multisector dynamics,,,,,,,
LWK2GUHL,journalArticle,2021,"Zhang, Jiaxin; Robinson, Derek T.",Replication of an agent-based model using the Replication Standard,Theoretical (literature),Theoretical / Illustrative,Regression / Statistical Inference,Environmental Modelling & Software,,13648152,10.1016/j.envsoft.2021.105016,https://linkinghub.elsevier.com/retrieve/pii/S1364815221000591,"Despite the critical role that replication plays in the advancement of science, its presence in modelling literature is rare. To encourage others to conduct replication and report success and challenges that facilitate or hinder replication, we present the replication of an agent-based model (ABM) of residential sprawl using the Replication Standard. Replication results achieved relational equivalence. Through the replication process, issues with the original research were identified and corrected in an Improved model, which qualitatively supported original results. A specific challenge affecting alignment of original and Replicate models included capturing model output variability and publishing all original output data for statistical analysis. Through the replication of agentbased models, additional confidence in model behaviour can be garnered and replicated ABMs can become accredited for reuse by others. Future research in the development and refinement of replication methodology and assessments should be cultivated along with a culture of value for replication efforts.",,2021-05,2026-03-17 22:12:39,2026-03-17 22:30:51,2026-03-17 22:12:39,105016,,,139,Environmental Modelling & Software,,,,,,,,en,,,,,DOI.org (Crossref),,,,C:\Users\Thiago\Zotero\storage\HK7RHTZ2\Zhang e Robinson - 2021 - Replication of an agent-based model using the Replication Standard.pdf,,Agent-based modelling; Model replication; Replication Standard; Verification,,,,,,,
K9B6V7RX,,2020,"Mahmood, I. and Nasir, H.A. and Javed, F. and Aguado, J.A.",A hierarchical multi-resolution agent-based modeling and simulation framework for household electricity demand profile,Hybrid,"Predictive, Decision Support / Policy Evaluation",Regression / Statistical Inference,Simulation,,96,10.1177/0037549720923401,655-678,"Analyzing demand behavior of end consumers is pivotal in long term energy planning. Various models exist for simulating household load profiles to cater different purposes. A macroscopic viewpoint necessitates modeling of a large-scale population at an aggregate level, whereas a microscopic perspective requires measuring loads at a granular level, pertinent to the individual devices of a household. Both aspects have lucrative benefits, instigating the need to combine them into a modeling framework which allows model scalability and flexibility, and to analyze domestic electricity consumption at different resolutions. In this applied research, we propose a multi-resolution agent-based modeling and simulation (ABMS) framework for estimating domestic electricity consumption. Our proposed framework simulates per minute electricity consumption by combining large neighborhoods, the behavior of household individuals, their interactions with the electrical appliances, their sociological habits and the effects of exogenous conditions such as weather and seasons. In comparison with the existing energy models, our framework uniquely provides a hierarchical, multi-scale, multi-resolution implementation using a multi-layer architecture. This allows the modelers flexibility in order to model large-scale neighborhoods at one end, without any loss of expressiveness in modeling microscopic details of individuals’ activities at house level, and energy consumption at the appliance level, at the other end. The validity of our framework is demonstrated using a case study of 264 houses. A validated ABMS framework will support: (a) Effective energy planning; (b) Estimation of the future energy demand; (c) and the analysis of the complex dynamic behavior of the consumers. © The Author(s) 2020.",,,,,"Analyzing demand behavior of end consumers is pivotal in long term energy planning. Various models exist for simulating household load profiles to cater different purposes. A macroscopic viewpoint necessitates modeling of a large-scale population at an aggregate level, whereas a microscopic perspective requires measuring loads at a granular level, pertinent to the individual devices of a household. Both aspects have lucrative benefits, instigating the need to combine them into a modeling framework which allows model scalability and flexibility, and to analyze domestic electricity consumption at different resolutions. In this applied research, we propose a multi-resolution agent-based modeling and simulation (ABMS) framework for estimating domestic electricity consumption. Our proposed framework simulates per minute electricity consumption by combining large neighborhoods, the behavior of household individuals, their interactions with the electrical appliances, their sociological habits and the effects of exogenous conditions such as weather and seasons. In comparison with the existing energy models, our framework uniquely provides a hierarchical, multi-scale, multi-resolution implementation using a multi-layer architecture. This allows the modelers flexibility in order to model large-scale neighborhoods at one end, without any loss of expressiveness in modeling microscopic details of individuals’ activities at house level, and energy consumption at the appliance level, at the other end. The validity of our framework is demonstrated using a case study of 264 houses. A validated ABMS framework will support: (a) Effective energy planning; (b) Estimation of the future energy demand; (c) and the analysis of the complex dynamic behavior of the consumers. © The Author(s) 2020.","Export Date: 18 February 2026; Cited By: 20 | RAYYAN-INCLUSION: {""Thiago""=>""Excluded"", ""Murilo""=>""Included""}",10.1177/0037549720923401,Agent-based modeling and simulation;electricity appliances;electricity consumption behavior;electricity demand profiles;model validation;multi-resolution modeling;occupancy patterns;urban electricity use,,,,,,,,,,,,,,,,,,,,,,,,,,,,
J4D2N9TP,,2022,"Andrighetto, G. and Vriens, E.",A research agenda for the study of social norm change,NA,NA,NA,10.1098/rsta.2020.0411,"Social norms have been investigated across many disciplines for many years, but until recently, studies mainly provided indirect, implicit and correlational support for the role of social norms in driving behaviour. To understand how social norms, and in particular social norm change, can generate a largescale behavioural change to deal with some of the most pressing challenges of our current societies, such as climate change and vaccine hesitancy, we discuss and review several recent advances in social norm research that enable a more precise underpinning of the role of social norms: how to identify their existence, how to establish their causal effect on behaviour and when norm change may pass tipping points. We advocate future research on social norms to study norm change through a mechanismbased approach that integrates experimental and computational methods in theory-driven, empirically calibrated agent-based models. As such, social norm research may move beyond unequivocal praising of social norms as the missing link between selfinterested behaviour and observed cooperation or as the explanation for (the lack of) social tipping. It provides the toolkit to understand explicitly where, when and how social norms can be a solution to solve large-scale problems, but also to recognize their limits. This article is part of the theme issue Emergent phenomena in complex physical and socio-Technical systems: from cells to societies .2022 The Author(s) Published by the Royal Society. All rights reserved. © 2022 Royal Society Publishing. All rights reserved.",,10.1098/rsta.2020.0411,,"Social norms have been investigated across many disciplines for many years, but until recently, studies mainly provided indirect, implicit and correlational support for the role of social norms in driving behaviour. To understand how social norms, and in particular social norm change, can generate a largescale behavioural change to deal with some of the most pressing challenges of our current societies, such as climate change and vaccine hesitancy, we discuss and review several recent advances in social norm research that enable a more precise underpinning of the role of social norms: how to identify their existence, how to establish their causal effect on behaviour and when norm change may pass tipping points. We advocate future research on social norms to study norm change through a mechanismbased approach that integrates experimental and computational methods in theory-driven, empirically calibrated agent-based models. As such, social norm research may move beyond unequivocal praising of social norms as the missing link between selfinterested behaviour and observed cooperation or as the explanation for (the lack of) social tipping. It provides the toolkit to understand explicitly where, when and how social norms can be a solution to solve large-scale problems, but also to recognize their limits. This article is part of the theme issue Emergent phenomena in complex physical and socio-Technical systems: from cells to societies .2022 The Author(s) Published by the Royal Society. All rights reserved. © 2022 Royal Society Publishing. All rights reserved.",,,,,,,,,,,,,,,,,,,,,,,,,,,,,agent-based modelling;computational social science;experiments;norm change;social norms;tipping points,,,,,,,
F8S1W3MZ,,2020,"Dullinger, I. and Gattringer, A. and Wessely, J. and Moser, D. and Plutzar, C. and Willner, W. and Egger, C. and Gaube, V. and Haberl, H. and Mayer, A. and Bohner, A. and Gilli, C. and Pascher, K. and Essl, F. and Dullinger, S.",A socio-ecological model for predicting impacts of land-use and climate change on regional plant diversity in the Austrian Alps,"Hybrid, ""Expert-based (qualitative, interview, participatory)""",Predictive,"Exploratory / Scenario-based, Regression / Statistical Inference",,,,10.1111/gcb.14977,,"Climate and land-use change jointly affect the future of biodiversity. Yet, biodiversity scenarios have so far concentrated on climatic effects because forecasts of land use are rarely available at appropriate spatial and thematic scales. Agent-based models (ABMs) represent a potentially powerful but little explored tool for establishing thematically and spatially fine-grained land-use scenarios. Here, we use an ABM parameterized for 1,329 agents, mostly farmers, in a Central European model region, and simulate the changes to land-use patterns resulting from their response to three scenarios of changing socio-economic conditions and three scenarios of climate change until the mid of the century. Subsequently, we use species distribution models to, first, analyse relationships between the realized niches of 832 plant species and climatic gradients or land-use types, respectively, and, second, to project consequent changes in potential regional ranges of these species as triggered by changes in both the altered land-use patterns and the changing climate. We find that both drivers determine the realized niches of the studied plants, with land use having a stronger effect than any single climatic variable in the model. Nevertheless, the plants' future distributions appear much more responsive to climate than to land-use changes because alternative future socio-economic backgrounds have only modest impact on land-use decisions in the model region. However, relative effects of climate and land-use changes on biodiversity may differ drastically in other regions, especially where landscapes are still dominated by natural or semi-natural habitat. We conclude that agent-based modelling of land use is able to provide scenarios at scales relevant to individual species distribution and suggest that coupling ABMs with models of species' range change should be intensified to provide more realistic biodiversity forecasts. © 2020 The Authors. Global Change Biology published by John Wiley & Sons Ltd",,,,,,,,,,,,,,,,,,,,,,,,,,,,,agent-based model;biodiversity;climate change;Europe;global change;land-use change;plant diversity;plant species distribution;species distribution model,,,,,,,
L5X9Q7RH,,2024,"Koç, A.A. and Çaǧatay, S. and Veneziani, M. and Gonzalez, P.B. and Leyva-Guerrero, C. and Uysal, P. and Filippini, R.",A Synthesis on Agent-Based Impact Assessment Models from the Perspective of the EU Rural Development Policy Measures,NA,NA,NA,,,,10.15832/ankutbd.1287221,"The second pillar of the European Union’s (EU) Common Agricultural Policy (CAP) aims at supporting rural areas by meeting the economic, environmental and social challenges. To deal with these challenges, countries are faced with the question of selecting the best tools among a large set of policy instruments. The problem of choosing the best policy instruments is aggravated by the very heterogeneous character of the societal demands that differ among member countries with very different economic and institutional structures. This study aims to introduce the agent-based modelling platforms that have been widely used in the impact analysis of recent rural development policies in the EU in a comparative manner. It also aims to explain how the above-mentioned sources of heterogeneity are handled in these models. To achieve the stated objectives, the study first examines the historical development of rural development policies within the EU. Subsequently, it proceeds to analyse several agent-based platforms that have been employed for the purpose of assessing the impact of agricultural policies with respect to certain features such as integration of land market, modelling unit, decision rule, rules of exit, labour market and price formation. To conclude, it is observed that as the rural development policies are formulated on farm-basis and as farms have a heterogeneous structure within themselves, in addition, the expansion of databases and the development of empirical analysis tools and technologies have led to a shift in empirical analyses towards agent-based models. However, these modelling platforms still embody various problems, especially in terms of database adjustments and parameterization and calibration of the model. © 2024 The Author(s).","The second pillar of the European Union’s (EU) Common Agricultural Policy (CAP) aims at supporting rural areas by meeting the economic, environmental and social challenges. To deal with these challenges, countries are faced with the question of selecting the best tools among a large set of policy instruments. The problem of choosing the best policy instruments is aggravated by the very heterogeneous character of the societal demands that differ among member countries with very different economic and institutional structures. This study aims to introduce the agent-based modelling platforms that have been widely used in the impact analysis of recent rural development policies in the EU in a comparative manner. It also aims to explain how the above-mentioned sources of heterogeneity are handled in these models. To achieve the stated objectives, the study first examines the historical development of rural development policies within the EU. Subsequently, it proceeds to analyse several agent-based platforms that have been employed for the purpose of assessing the impact of agricultural policies with respect to certain features such as integration of land market, modelling unit, decision rule, rules of exit, labour market and price formation. To conclude, it is observed that as the rural development policies are formulated on farm-basis and as farms have a heterogeneous structure within themselves, in addition, the expansion of databases and the development of empirical analysis tools and technologies have led to a shift in empirical analyses towards agent-based models. However, these modelling platforms still embody various problems, especially in terms of database adjustments and parameterization and calibration of the model. © 2024 The Author(s).",,,,,,,,,,,,,,,,,,,,,,,,,,,,,Agent-based modelling;European Union;Rural development policies,,,,,,,
B2K4V8ST,,2025,"Ozkal, S. and Bertone, E. and Stewart, R.A.",A Systematic Review of Agent-Based Modelling in Agricultural Water Trading,NA,NA,NA,,,,10.3390/w17060869,,"Agricultural water trading is typically considered an effective water management mechanism, and decisions made by agricultural agents highly influence its effectiveness. Agent-based modelling (ABM) simulating agricultural agents in the water trading context has drawn attention due to its distinguishable features driven by interactions, heterogeneity, independence, and the evolving characteristics of the decisions of agents. Given its strengths and potential to simulate a complex water trading system, the objectives of this study are to (a) provide a comprehensive review of the status of ABM applications in agricultural water trading through a systematic review and (b) identify the primary trends of the empirical nature of ABM studies, approaches to modelling agricultural agent decisions, uncertainty assessments, and validation approaches in ABM studies. The results show that there is a relationship between the empirical nature of the ABM studies, selected decision models to describe agricultural agents, analysed uncertainties, and the validation approaches employed in ABM studies. This study also provides a future research agenda, including exploring attributes with a direct influence on agent trading decisions and integrating the effects of uncertain trading decisions, long-term water availability changes, and water quality into ABM outcomes. © 2025 by the authors.",,,,,,,,,,,,,,,,,,,,,,,,,,,,,agent-based model;agriculture;irrigation;water market;water trading,,,,,,,
H7N3P1XW,,2024,"López i Losada, R. and Rosenbaum, R.K. and Brady, M.V. and Wilhelmsson, F. and Hedlund, K.",Agent-Based Life Cycle Assessment enables joint economic-environmental analysis of policy to support agricultural biomass for biofuels,Hybrid,Decision Support / Policy Evaluation,Exploratory / Scenario-based,,,,10.1016/j.scitotenv.2024.170264,,"Production of agricultural biofuels is expected to rise due to increasing climate change mitigation ambitions. Policy interventions promoting targeted bioenergy solutions can be motivated by the large environmental externalities present in agricultural systems and the local context of biomass production co-benefits. Introducing energy crops in crop rotations in arable land with depleted Soil Organic Carbon (SOC) levels offers the potential to increase SOC stocks and future crop yields as a step towards more sustainable agricultural systems. However, the environmental performance of a policy incentive for energy crops with SOC co-benefits is less evident when considering its land-use effects within and outside of the target agricultural system. We study the potential impacts of a change in agricultural policy on regional agricultural structure and production, and the environment with an Agent-Based Life Cycle Assessment approach. We simulate a policy payment that would achieve adoption of grass leys in crop rotations corresponding to 25 % of the highly productive land in an intensive farming region of southern Sweden. Although enhancing soil health in SOC-depleted farming regions is a desirable environmental objective, its significance is limited within the life-cycle performance of the payment. Instead, crop-displacement impacts and the grass potential as biofuel feedstock are the main drivers. The active utilisation of grasses for biofuel purposes is key in reaching a positive environmental evaluation of the policy instrument. Our environmental evaluation is likely generalisable to other regions with similar technological levels and farming intensity, while our analysis on structural shifts is specific to the policy instrument and agricultural production system under study. Overall, our work provides a method to contrast regional effects and global environmental impacts of policy instruments supporting agricultural biomass for biofuels prior to implementation. This contributes to the environmental assessment of land-based biofuels at a time when their sustainability is highly debated. © 2024 The Authors",,,,,,,,,,,,,,,,,,,,,,,,,,,,,Agent-based modelling;Arable grass rotation;Biofuel;Policy;Soil carbon;Territorial LCA,,,,,,,
D9C6G4RF,,2024,"French, M. and Patel, A. and Qureshi, A. and Saxena, D. and Sengupta, R.","Agent-Based Modeling of COVID-19 Transmission: A Case Study of Housing Densities in Sankalitnagar, Ahmedabad","Empirical (micro), Hybrid","Decision Support / Policy Evaluation, Exploratory",Exploratory / Scenario-based,,,,10.3390/ijgi13060208,,"The differential transmission of COVID-19 depending on the socio-economic status of a neighborhood is well established. For example, several studies have shown that COVID-19 transmission was higher in poorer and denser neighborhoods than in wealthier ones. However, what is less well known is how this varied rate of transmission interacted with established health measures, i.e., face masks and lockdowns, in the context of developing countries to reduce pandemic cases and hence resulted in fewer deaths. This study uses an Agent-Based Model (ABM) simulation to examine the context and impacts of COVID-19 mitigation efforts (i.e., lockdowns combined with masks) on the transmission of COVID-19 across a single neighborhood in Ahmedabad, a city in the state of Gujarat, India. The model is parameterized using real-world population data, which allows us to simulate the spread of COVID-19 to find conditions that most closely match the realities of COVID-19 in the spring of 2020. Consequently, the simulation can be used to understand the impact of nation-wide lockdown on the spread of COVID cases across Ahmedabad as a function of housing density. Thus, invaluable insight into the effectiveness of a lockdown as a mitigation measure can be derived. Further information about how the effectiveness of the lockdown varied by neighborhood, as well as other factors that impacted it, can be ascertained. © 2024 by the authors.",,,,,,,,,,,,,,,,,,,,,,,,,,,,,agent-based models;COVID-19;housing density,,,,,,,
T1L8V3SY,,2024,"de Almeida, D.S. and Brito e Abreu, F. and Boavida-Portugal, I.",Agent-based simulation of non-urgent egress from mass events in open public spaces,"""Expert-based (qualitative, interview, participatory)"", Hybrid, Empirical (macro)",Decision Support / Policy Evaluation,"Exploratory / Scenario-based, Regression / Statistical Inference",,,,10.1016/j.simpat.2024.103002,"Public mass events require thorough planning on allocating resources such as paramedics, police officers, urban cleaning teams, and their equipment (ambulances, patrol cars, garbage collection trucks, and other urban cleaning vehicles). Testing different scenarios of event venue layout and crowd behavior at the end of an event might be useful to plan the event and said resource allocation. Our main objective is to model the non-urgent egress of participants at the end of an event, with possible applications for event management. That is when some resources are released (police and paramedics) and others are requested (urban cleaning teams). Using the agent-based GAMA platform, we implemented a spatially explicit simulation model upon an extension of the Social Force Model that considers group behavior, and a novel implementation of the “social retention” phenomenon, to simulate non-urgent egress from public space mass gathering events. Focus groups with architecture, geography, and urban ergonomics experts were conducted for face validation and improvement of the model. We present the outcome of a series of simulations of a scenario mimicking a real-life music event that took place in a square in downtown Lisbon, Portugal. Cell phone data captured during the event was used to calibrate the model. We analyzed model performance when the number of pedestrian agents increases, to assess the feasibility of using our approach in participatory discussions with stakeholders responsible for resources management. On average, the egress evolution obtained in the simulations fit well with the evolution of cell phone counts captured during the event. The behavior of groups of agents evidenced real-life phenomena, such as the persistence of group cohesion and repulsion interactions (both with architectural obstacles and other agents). Model performance degradation with the increasing number of agents may hamper the usage of this model/platform for participatory meetings, due to the incurred delay in obtaining results. To mitigate this problem, we plan to explore parallelization strategies for agent-based simulation, such as using GPUs. © 2024","Public mass events require thorough planning on allocating resources such as paramedics, police officers, urban cleaning teams, and their equipment (ambulances, patrol cars, garbage collection trucks, and other urban cleaning vehicles). Testing different scenarios of event venue layout and crowd behavior at the end of an event might be useful to plan the event and said resource allocation. Our main objective is to model the non-urgent egress of participants at the end of an event, with possible applications for event management. That is when some resources are released (police and paramedics) and others are requested (urban cleaning teams). Using the agent-based GAMA platform, we implemented a spatially explicit simulation model upon an extension of the Social Force Model that considers group behavior, and a novel implementation of the “social retention” phenomenon, to simulate non-urgent egress from public space mass gathering events. Focus groups with architecture, geography, and urban ergonomics experts were conducted for face validation and improvement of the model. We present the outcome of a series of simulations of a scenario mimicking a real-life music event that took place in a square in downtown Lisbon, Portugal. Cell phone data captured during the event was used to calibrate the model. We analyzed model performance when the number of pedestrian agents increases, to assess the feasibility of using our approach in participatory discussions with stakeholders responsible for resources management. On average, the egress evolution obtained in the simulations fit well with the evolution of cell phone counts captured during the event. The behavior of groups of agents evidenced real-life phenomena, such as the persistence of group cohesion and repulsion interactions (both with architectural obstacles and other agents). Model performance degradation with the increasing number of agents may hamper the usage of this model/platform for participatory meetings, due to the incurred delay in obtaining results. To mitigate this problem, we plan to explore parallelization strategies for agent-based simulation, such as using GPUs. © 2024",,,,,,,,,,,,,,,,,,,,,,,,,,,,,Agent-based modeling;Group behavior;Non-urgent egress;Pedestrians simulation;Social force model;Social retention,,,,,,,
R5B2M9QK,,2024,"Iskandar, R. and Dugdale, J. and Beck, E. and Cornou, C.","Agent-based simulation of seismic crisis including human behavior: application to the city of Beirut, Lebanon",Empirical (micro),"Exploratory, Decision Support / Policy Evaluation",Exploratory / Scenario-based,,,,10.1177/00375497231194608,"Earthquake simulations at the urban scale usually focus on estimating the damages to the built environment and the consequent losses without fully taking into account human behavior in crisis. Yet, human behavior is a key element for improving crisis disaster management; therefore, it is important to include it in seismic crisis simulations. In this study, an agent-based model for the simulation of pedestrian evacuation during earthquakes at the city scale is developed following an interdisciplinary approach. The model recreates the urban conditions using Geographic Information System (GIS) and a synthetic population, in addition to the earthquake consequences on the urban fabric. Moreover, the model integrates realistic human behaviors calibrated using quantitative survey results. We simulate pedestrian outdoor mobility with the different constraints that affect it such as the topography and the presence of debris. The simulator is applied to the case of Beirut, Lebanon. A what-if approach is adopted to analyze the population’s safety in case of earthquakes in Beirut, particularly the open spaces’ capacity to provide shelters and the effect of debris and realistic human behaviors on people’s safety. The simulation results show that less than 40% of the population is able to arrive at an open space within 15 min after an earthquake. This number is further reduced when some open spaces are locked. Debris and realistic human behaviors significantly delay the arrivals to safe areas and, therefore, should not be neglected in earthquake simulations. © The Author(s) 2023.","Earthquake simulations at the urban scale usually focus on estimating the damages to the built environment and the consequent losses without fully taking into account human behavior in crisis. Yet, human behavior is a key element for improving crisis disaster management; therefore, it is important to include it in seismic crisis simulations. In this study, an agent-based model for the simulation of pedestrian evacuation during earthquakes at the city scale is developed following an interdisciplinary approach. The model recreates the urban conditions using Geographic Information System (GIS) and a synthetic population, in addition to the earthquake consequences on the urban fabric. Moreover, the model integrates realistic human behaviors calibrated using quantitative survey results. We simulate pedestrian outdoor mobility with the different constraints that affect it such as the topography and the presence of debris. The simulator is applied to the case of Beirut, Lebanon. A what-if approach is adopted to analyze the population’s safety in case of earthquakes in Beirut, particularly the open spaces’ capacity to provide shelters and the effect of debris and realistic human behaviors on people’s safety. The simulation results show that less than 40% of the population is able to arrive at an open space within 15 min after an earthquake. This number is further reduced when some open spaces are locked. Debris and realistic human behaviors significantly delay the arrivals to safe areas and, therefore, should not be neglected in earthquake simulations. © The Author(s) 2023.",,,,,,,,,,,,,,,,,,,,,,,,,,,,,agent-based modeling and simulations;Earthquake;human behavior;pedestrian evacuation;post-seismic survey;urban scale simulations,,,,,,,
W4S7D2XN,,2023,"Bozdoǧan, A. and Görkemli Aykut, L. and Demirel, N.",An agent-based modeling framework for the design of a dynamic closed-loop supply chain network,"Theoretical (literature), ""Synthetic (machine learning, AI, other)""","Theoretical / Illustrative, Decision Support / Policy Evaluation",Exploratory / Scenario-based,,,,10.1007/s40747-022-00780-z,,"The supply chain is a dynamic and uncertain system consisting of material, information, and fund flows between different organizations, from the acquisition of the raw materials to the delivery of the finished products to the end customers. Closed-loop supply chains do not end with the delivery of the finished products to the end customers, the process continues until economic value is obtained from the returned products or they are disposed properly in landfills. Incorporating reverse flows in supply chains increases the uncertainty and complexity, as well as complicating the management of supply chains that are already composed of different actors and have a dynamic structure. Since agent-based modeling and simulation is a more efficient method of handling the dynamic and complex nature of supply chains than the traditional analytical methods, in this study agent-based modeling methodology has been used to model a generic closed-loop supply chain network design problem with the aims of integrating customer behavior into the network, coping with the dynamism, and obtaining a more realistic structure by eliminating the required assumptions for solving the model with analytical methods. The actors in the CLSC network have been defined as agents with goals, properties and behaviors. In the proposed model dynamic customer arrivals, the changing aspects of customers' purchasing preferences for new and refurbished products and the time, quantity and quality uncertainties of returns have been handled via the proposed agent-based architecture. To observe the behavior of the supply chain in several conditions various scenarios have been developed according to different parameter settings for the supplier capacities, the rate of customers being affected by advertising, the market incentive threshold values, and the environmental awareness of customers. From the scenarios, it has been concluded that the system should be fed in the right amounts for the new and refurbished products to increase the effectiveness of factors such as advertising, incentives, and environmental awareness for achieving the desired sales amounts and cost targets. © 2022, The Author(s).",,,,,,,,,,,,,,,,,,,,,,,,,,,,,Agent-based modeling (ABM);AnyLogic;Closed-loop supply chain (CLSC);Customer behavior;Network design,,,,,,,
Z9K1P8TF,,2025,"Bojić, L. and Ilić, V. and Prodanovic, V. and Vuković, V.",An Agent‑Based Simulation of Politicized Topics Using Large Language Models: Algorithmic Personalization and Polarization on Social Media,Empirical (micro),"Exploratory, Decision Support / Policy Evaluation","Local (OAT/OFAT), Exploratory / Scenario-based",,,,10.1007/s41111-025-00326-x,,"Digital platforms now act as the primary environments for public discourse, where recommender systems shape visibility, emotion, and interpretation. This study introduces the Recommender Systems LLMs Playground (RecSysLLMsP), a simulation framework designed to examine how algorithmic personalization interacts with language generation to influence engagement and polarization. The research provides a reproducible and transparent environment for testing algorithmic effects on collective reasoning, which is an issue central to democratic communication. The study employs a one‑hundred‑agent simulation grounded in psychometric and demographic data from Serbian social media users. Agents interact through five stages of progressively personalized content feeds mediated by LLM‑generated posts. Quantitative metrics such as engagement intensity, network modularity, sentiment variance and qualitative linguistic validation are used to assess behavioral and structural change. Results reveal that moderate personalization maximizes engagement, while full personalization reduces diversity and amplifies both structural and affective polarization (Q = 0.22 → 0.68). LLM‑based agents successfully reproduce realistic patterns of emotional contagion and ideological clustering. The implications extend to computational social science and policy. Simulation‑based experimentation can inform ethical recommender design and algorithmic governance. Limitations concern the absence of genuine human cognition. Thus, findings indicate systemic tendencies rather than behavioral prediction. Future research should integrate real‑world datasets, multilingual testing, and policy‑driven intervention modeling to further calibrate this digital “laboratory” for exploring AI‑mediated communication. © The Author(s) 2025.",,,,,,,,,,,,,,,,,,,,,,,,,,,,,Agent‑based simulation;Algorithmic personalization;Digital polarization;Large language models;Recommender systems,,,,,,,
V2M4B7NS,,2025,"Shu, X. and Ye, C. and Xu, Z. and Liao, R. and Song, P. and Zhang, S.",An Enhanced Framework for Assessing Pluvial Flooding Risk with Integrated Dynamic Population Vulnerability at Urban Scale,"Empirical (macro), ""Synthetic (machine learning, AI, other)""","Predictive, Decision Support / Policy Evaluation",Metamodeling / Surrogate,,,,10.3390/rs17040654,,"Under the combined influence of climate change, accelerated urbanization, and inadequate urban flood defense standards, urban pluvial flooding has become an increasingly severe issue. This not only poses significant challenges to social stability and economic development but also makes accurate flood risk assessment crucial for improving urban flood control and drainage capabilities. This study uses Jinan, a typical foothill plain city in Shandong Province, as a case study to compare the performance of differential evolution (DE), genetic algorithm (GA), and particle swarm optimization (PSO) in calibrating the SWMM. By constructing a hydrological–hydrodynamic coupled model using the SWMM and LISFLOOD-FP, this study evaluates the drainage capacity of the pipe network and surface inundation characteristics under both historical and design rainfall scenarios. An agent-based model (ABM) is developed to analyze the dynamic risks and vulnerabilities of population and building agents under different rainfall scenarios, capturing macroscopic emergent patterns from individual behavior rules and analyzing them in both time and space dimensions. Additionally, using multi-source remote sensing data, dynamic population vulnerability, and flood hazard processes, a quantitative dynamic flood risk analysis is conducted based on cloud models. The results demonstrated the following: (1) PSO performed best in calibrating the SWMM in the study area, with Nash–Sutcliffe efficiency (NSE) values ranging from 0.93 to 0.69. (2) Drainage system capacity was low, with over 90% of the network exceeding capacity in scenarios with return periods of 1 to 100 years. (3) The vulnerability of people and buildings increased with higher flood intensity and duration. Most affected individuals were located on roads. In Event 6, 11.41% of buildings were at risk after 1440 min; in the 20-year flood event, 26.69% of buildings were at risk after 180 min. (4) Key features influencing vulnerability included the DEM, PND, NDVI, and slope. High-risk areas in the study area expanded from 36.54% at 30 min to 38.05% at 180 min. © 2025 by the authors.",,,,,,,,,,,,,,,,,,,,,,,,,,,,,agent-based model;cloud model;feature select;flood risk;multi-source remote sensing data;urban pluvial flooding,,,,,,,
S8D3X6RL,,2022,"Lux, T.",Approximate Bayesian inference for agent-based models in economics: a case study,,,,,,,10.1515/snde-2021-0052,,"Estimation of agent-based models in economics and finance confronts researchers with a number of challenges. Typically, the complex structures of such models do not allow to derive closed-form likelihood functions so that either numerical approximations to the likelihood or moment-based estimators have to be used for parameter inference. However, all these approaches suffer from extremely high computational demands as they typically work with simulations (of the agent-based model) embedded in (Monte Carlo) simulations conducted for the purpose of parameter identification. One approach that is very generally applicable and that has the potential of alleviating the computational burden is Approximate Bayesian Computation (ABC). While popular in other areas of agent-based modelling, it seems not to have been used so far in economics and finance. This paper provides an introduction to this methodology and demonstrates its potential with the example of a well-studied model of speculative dynamics. As it turns out, ABC appears to make more efficient use of moment-based information than frequentist SMM (Simulated Method of Moments), and it can be used for sample sizes of an order far beyond the reach of numerical likelihood methods. © 2022 Walter de Gruyter GmbH, Berlin/Boston.",,,,,,,,,,,,,,,,,,,,,,,,,,,,,agent-based models;Bayesian estimation;sequential Monte Carlo,,,,,,,
Q6L9V2MP,,2023,"Devia, C.A. and Giordano, G.",Classification-based opinion formation model embedding agents’ psychological traits,Empirical (micro),"Explanatory, Predictive",Local (OAT/OFAT),,,,10.18564/jasss.5058,,"We propose an agent-based opinion formation model characterised by a two-fold novelty. First, we realistically assume that each agent cannot measure the opinion of its neighbours about a given statement with infinite resolution and accuracy, and hence it can only perceive the opinion of others as agreeing much more, or more, or comparably, or less, or much less (than itself) with that given statement. This leads to a classificationbased rule for opinion update. Second, we consider three complementary agent traits suggested by significant sociological and psychological research: Conformism, radicalism and stubbornness. We rely on World Values Survey data to show that the proposed model has the potential to predict the evolution of opinions in real life: The classification-based approach and complementary agent traits produce rich collective behaviours, such as polarisation, consensus, and clustering, which can yield predicted opinions similar to survey results. © 2023, University of Surrey. All rights reserved.",,,,,,,,,,,,,,,,,,,,,,,,,,,,,Agent-Based Model;Agent-Based Social Simulation;Opinion Dynamics;Opinion Formation;Real Data Validation,,,,,,,
N5X1K3BH,,2024,"Tierolf, L. and Haer, T. and Athanasiou, P. and Luijendijk, A.P. and Botzen, W.J.W. and Aerts, J.C.J.H.",Coastal adaptation and migration dynamics under future shoreline changes,"Empirical (micro), Empirical (macro)",Decision Support / Policy Evaluation,Local (OAT/OFAT),,,,10.1016/j.scitotenv.2024.170239,,"In this study, we present a novel modeling framework that provides a stylized representation of coastal adaptation and migration dynamics under sea level rise (SLR). We develop an agent-based model that simulates household and government agents adapting to shoreline change and increasing coastal flood risk. This model is coupled to a gravity-based model of migration to simulate coastward migration. Household characteristics are derived from local census data from 2015, and household decisions are calibrated based on empirical survey data on household adaptation in France. We integrate projections of shoreline retreat and flood inundation levels under two Representative Concentration Pathways (RCPs) and account for socioeconomic development under two Shared Socioeconomic Pathways (SSPs). The model is then applied to simulate coastal adaptation and migration between 2015 and 2080. Our results indicate that without coastal adaptation, SLR could drive the cumulative net outmigration of 13,100 up to as many as 21,700 coastal inhabitants between 2015 and 2080 under SSP2–RCP4.5 and SSP5–RCP8.5, respectively. This amounts to between 3.0 %–3.7 % of the coastal population residing in the 1/100-year flood zone in 2080 under a scenario of SLR. We find that SLR-induced migration is largely dependent on the adaptation strategies pursued by households and governments. Household implementation of floodproofing measures combined with beach renourishment reduces the projected SLR-induced migration by 31 %–36 % when compared to a migration under a scenario of no adaptation. A sensitivity analysis indicates that the effect of beach renourishment on SLR-induced migration largely depends on the level of coastal flood protection offered by sandy beaches. By explicitly modeling household behavior combined with governmental protection strategies under increasing coastal risks, the framework presented in this study allows for a comparison of climate change impacts on coastal communities under different adaptation strategies. © 2024 The Authors",,,,,,,,,,,,,,,,,,,,,,,,,,,,,Agent-based modeling;Climate migration;Coastal adaptation;Coastal erosion;Flood risk;Sea level rise,,,,,,,
P2M9L4WS,,2015,"Ma, Y. and Li, Y.",Conceptual research on decision making meetings for urban water management,Theoretical (literature),"Decision Support / Policy Evaluation, Communication / Education",Exploratory / Scenario-based,,,,10.14246/irspsd.3.3_16,,"We will introduce an integrated model of Online Decision Making Meetings (ODMM) for sustainable management of water resources, which combines online meetings with an agent-based simulation function. This model is able to supply the decision makers with visualized simulation results of different policy scenarios and then support them to have online discussions, communication and make final decisions. The model consists of a remote server, a simulation model for background processing and clients. We assume that several departments related to water resource management will join this meeting and make proposals based on their data and policy. These departments are clients in our model and they are granted with special authority according to their departments. During an online meeting, the clients can choose global parameters for a simulation model that relates to their department based on their roles. Afterwards, simulations for different scenarios can be conducted by the model and the simulation results will be displayed for and visualized by the clients through the server on time. Thus, the government planners can easily view the simulation results regarding different policy scenarios using this tool, thereby making informed decisions and policy implementations. © SPSD Press from 2010, SPSD Press, Kanazawa.",,,,,,,,,,,,,,,,,,,,,,,,,,,,,Cellular automata (CA);Multi-agent system (MAS);Urban water management,,,,,,,
G7R5X1KV,,2025,"Choi, M. and Seo, J. and Hohl, A.",Contact Risk Assessment in Dynamic Indoor Settings through Agent-Based Modeling: A Spatially Explicit and Reproducible Approach,Empirical (micro),Decision Support / Policy Evaluation,"Metamodeling / Surrogate, Global (Variance-based)",,,,10.1111/gean.12418,,"This study introduces an agent-based model (ABM) pedestrian simulation tool to assess the risk of close contact (6 feet) in dynamic indoor environments, specifically in urban settings with diverse social activities and spatial structures. Our approach uses machine learning-based sensitivity analysis (SA) to identify factors impacting the number of individual contacts, such as individual stay time and area. In addition, we conducted an in-depth quantitative analysis to evaluate how specific factors, such as the strategic placement of obstacles, dwell time, and stay time near the entrances, mitigate the number of contacts. This analysis provides valuable insights for developing practical guidelines to curb contact risks in indoor environments. Lastly, we share the model, validation methods, and associated data as an open-source Python library, complete with comprehensive documentation. This aims at fostering collaborative research and enables the application of our model across various scenarios, contributing to the development of spatially explicit models. Such efforts enhance the understanding of contact risks in urban indoor settings and promote joint research efforts, thus advancing the field through shared knowledge and tools. © 2024 The Author(s). Geographical Analysis published by Wiley Periodicals LLC on behalf of The Ohio State University.",,,,,,,,,,,,,,,,,,,,,,,,,,,,,agent-based modeling;close contact;reproducibility;respiratory disease transmission;spatially explicit model,,,,,,,
Q3N8B2DC,,2025,"Chen, D. and Lu, P. and Niu, Y. and Lv, P.",Crowd Evacuation Dynamics Under Shooting Attacks in Multi-Story Buildings,Empirical (macro),Decision Support / Policy Evaluation,"Metamodeling / Surrogate, Exploratory / Scenario-based",,,,10.3390/systems13050310,,"Mass shootings result in significant casualties. Due to the complexity of buildings, capturing crowd dynamics during mass shooting incidents is particularly challenging. Therefore, it is necessary to study crowd dynamics and the key mechanisms of mass shooting incidents and explore optimal building design solutions to mitigate the damage caused by terrorist attacks and enhance urban safety. In this study, we focused on the Bataclan Shooting (13 November 2015) as the target case. We used an agent-based model (ABM) to model both the attacking force (shooting) and counterforce (anti-terrorism response). According to the real situation, the dynamic behavior of three types of agents (civilians, police, and shooters) during the shooting accident was modeled to explore the key mechanism of individual behavior. Taking civilian casualties, police deaths, and shooter deaths as the real target values, we obtained combinations for optimal solutions fitting the target values. Under the optimal solutions, we verified the effectiveness and robustness of the model. We also used artificial neural networks (ANNs) to detect the predictive stability of the ABM model’s parameters. In addition, we studied the counterfactual situation to explore the impact of police anti-terrorism strategies and building exits on public safety evacuation. The results show that for the real cases, the optimal anti-terrorism size was four police and the optimal response time was 40 ticks. For double-layer buildings, it was necessary to set exits on each floor, and the uniform distribution of exits was conducive to evacuation under emergencies. These findings can improve police patrol routes and the location of police stations and promote the creation of public safety structures, enhancing the urban emergency response capacity and the level of public safety governance. © 2025 by the authors.",,,,,,,,,,,,,,,,,,,,,,,,,,,,,agent-based modeling;counter-terrorism forces;crowd evacuation dynamics;multi-story buildings;public safety,,,,,,,
T6V1K9PX,,2019,"Stankov, I. and Yang, Y. and Langellier, B.A. and Purtle, J. and Nelson, K.L. and Diez-Roux, A.V.",Depression and alcohol misuse among older adults: exploring mechanisms and policy impacts using agent-based modelling,Empirical (micro),"Explanatory, Decision Support / Policy Evaluation",Exploratory / Scenario-based,,,,10.1007/s00127-019-01701-1,,"Purpose: To: (1) explore how multi-level factors impact the longitudinal prevalence of depression and alcohol misuse among urban older adults (≥ 65 years), and (2) simulate the impact of alcohol taxation policies and targeted interventions that increase social connectedness among excessive drinkers, socially isolated and depressed older adults; both alone and in combination. Methods: An agent-based model was developed to explore the temporal co-evolution of depression and alcohol misuse prevalence among older adults nested in a spatial network. The model was based on Los Angeles and calibrated longitudinally using data from the Multi-Ethnic Study of Atherosclerosis. Results: Interventions with a social component targeting depressed and socially isolated older adults appeared more effective in curbing depression prevalence than those focused on excessive drinkers. Targeting had similar impacts on alcohol misuse, though the effects were marginal compared to those on depression. Alcohol taxation alone had little impact on either depression or alcohol misuse trajectories. Conclusions: Interventions that improve social connectedness may reduce the prevalence of depression among older adults. Targeting considerations could play an important role in determining the success of such efforts. © 2019, Springer-Verlag GmbH Germany, part of Springer Nature.",,,,,,,,,,,,,,,,,,,,,,,,,,,,,Agent-based model;Chronic disease;Complex systems;Health policy;Mental health,,,,,,,
Z4M7N2QW,,2024,"Nizamutdinov, M.M. and Oreshnikov, V.V. and Davletova, Z.A.",Development and testing of the toolkit of strategic planning of territorial development on the basis of an intelligent adaptive simulation model,Hybrid,Decision Support / Policy Evaluation,Exploratory / Scenario-based,,,,10.17323/2587-814X.2024.4.25.45,,"Management of strategic development of Russian regions is a complex task, the solution of which is associated with a set of difficulties of methodological nature. In particular, there is a low quality of formed forecast assessments on the main parameters under consideration. Despite the availability of research in this area and regulatory legal framework, strategic planning documents in Russia are often not linked to each other, are repeatedly revised in the course of implementation and, ultimately, are not fully implemented. This is largely due to the fact that the available scientific potential is not fully utilized, including the development of relevant information systems. The aim of this research is to develop a decision support toolkit for strategic planning of regional development. Agent-based modeling, adaptive management, data mining and scenario modeling are used as the main research methods. In the course of the research, the concept of toolkit formation is proposed based on the construction of an intelligent adaptive simulation model (IASM), taking into account the theory of strategic planning and the ability to process heterogeneous data. The proposed structure of IASM includes four interrelated hierarchical levels – intelligent agents, macro-processes, management system and external environment. Special attention is paid to the development of a model of adaptive behavior of an intelligent agent. The proposed approach to implementation will make it possible to cover the whole range of tasks – from the analysis of input data to the development of management decisions. The software implementation of the model thus developed is carried out using the AnyLogic toolkit. © 2024 National Research University, Higher School of Econoimics. All rights reserved.",,,,,,,,,,,,,,,,,,,,,,,,,,,,,adaptive management;agent-based approach;decision support system;intellectual analysis;simulation model;strategic planning;territorial socio-economic systems,,,,,,,
F9D3S5KL,,2022,"Rasella, D. and de Sampaio Morais, G.A. and Anderle, R.V. and da Silva, A.F. and Lua, I. and Coelho, R. and Rubio, F.A. and Magno, L. and MacHado, D. and Pescarini, J. and De Souza, L.E. and Macinko, J. and Dourado, I.","Evaluating the impact of social determinants, conditional cash transfers and primary health care on HIV/AIDS: Study protocol of a retrospective and forecasting approach based on the data integration with a cohort of 100 million Brazilians","Hybrid, Empirical (micro), Empirical (macro)","Predictive, Decision Support / Policy Evaluation","Global (Variance-based), Exploratory / Scenario-based",,,,10.1371/journal.pone.0265253,,"Background Despite the great progress made over the last decades, stronger structural interventions are needed to end the HIV/AIDS pandemic in Low and Middle-Income Countries (LMIC). Brazil is one of the largest and data-richest LMIC, with rapidly changing socioeconomic characteristics and an important HIV/AIDS burden. Over the last two decades Brazil has also implemented the world's largest Conditional Cash Transfer programs, the Bolsa Familia Program (BFP), and one of the most consolidated Primary Health Care (PHC) interventions, the Family Health Strategy (FHS). Objective We will evaluate the effects of socioeconomic determinants, BFP exposure and FHS coverage on HIV/AIDS incidence, treatment adherence, hospitalizations, case fatality, and mortality using unprecedently large aggregate and individual-level longitudinal data. Moreover, we will integrate the retrospective datasets and estimated parameters with comprehensive forecasting models to project HIV/AIDS incidence, prevalence and mortality scenarios up to 2030 according to future socioeconomic conditions and alternative policy implementations. Methods and analysis We will combine individual-level data from all national HIV/AIDS registries with large-scale databases, including the “100 Million Brazilian Cohort”, over a 19-year period (2000-2018). Several approaches will be used for the retrospective quasi-experimental impact evaluations, such as Regression Discontinuity Design (RDD), Random Administrative Delays (RAD) and Propensity Score Matching (PSM), combined with multivariable Poisson regressions for cohort analyses. Moreover, we will explore in depth lagged and long-term effects of changes in living conditions and in exposures to BFP and FHS. We will also investigate the effects of the interventions in a wide range of subpopulations. Finally, we will integrate such retrospective analyses with microsimulation, compartmental and agent-based models to forecast future HIV/AIDS scenarios. Conclusion The unprecedented datasets, analyzed through state-of-the-art quasi-experimental methods and innovative mathematical models will provide essential evidences to the understanding and control of HIV/AIDS epidemic in LMICs such as Brazil. ©: © 2022 Rasella et al. This is an open access article distributed under the terms of the Creative Commons Attribution License, which permits unrestricted use, distribution, and reproduction in any medium, provided the original author and source are credited.",,,,,,,,,,,,,,,,,,,,,,,,,,,,,,,,,,,,
B8K2X1NZ,,2020,"Heppenstall, A. and Crooks, A. and Malleson, N. and Manley, E. and Ge, J. and Batty, M.",Future Developments in Geographical Agent-Based Models: Challenges and Opportunities,,,,,,,10.1111/gean.12267,,"Despite reaching a point of acceptance as a research tool across the geographical and social sciences, there remain significant methodological challenges for agent-based models. These include recognizing and simulating emergent phenomena, agent representation, construction of behavioral rules, and calibration and validation. While advances in individual-level data and computing power have opened up new research avenues, they have also brought with them a new set of challenges. This article reviews some of the challenges that the field has faced, the opportunities available to advance the state-of-the-art, and the outlook for the field over the next decade. We argue that although agent-based models continue to have enormous promise as a means of developing dynamic spatial simulations, the field needs to fully embrace the potential offered by approaches from machine learning to allow us to fully broaden and deepen our understanding of geographical systems. © 2020 The Authors. Geographical Analysis published by Wiley Periodicals LLC on behalf of The Ohio State University",,,,,,,,,,,,,,,,,,,,,,,,,,,,,,,,,,,,
J5V7M2TP,,2025,"Adornetto, C. and Mora, A. and Hu, K. and Garcia, L.I. and Atchade-Adelomou, P. and Greco, G. and Pastor, L.A.A. and Larson, K.","Generative Agents in Agent-Based Modeling: Overview, Validation, and Emerging Challenges","Empirical (micro), ""Synthetic (machine learning, AI, other)""","Explanatory, Exploratory",Local (OAT/OFAT),,,,10.1109/TAI.2025.3566362,,"The advent of generative agents (GAs) based on large language models (LLMs) has significantly influenced the evolution of agent-based modeling (ABM), offering new perspectives across various domains, including engineering and social sciences. This article provides an extensive overview of the integration of GAs into ABMs, emphasizing the advancements and emerging challenges in their validation. Traditional ABMs, characterized by their simplistic yet powerful approach to modeling complex systems, have been redefined with the introduction of GAs. This new generation of agents is often equipped with conversational capabilities. These agents, capable of simulating believable human behaviors and interactions, present unique opportunities and hurdles, especially in urban simulations and social dynamics. We explore the nuanced differences between traditional ABMs and ABMs populated by GAs—called GABMs. We delve into the state-of-the-art implementations of GAs, and review various validation methods. Through this comprehensive examination, we aim to shed light on the potential and limitations of GAs, advocating for the design of hybrid ABM-GABM approaches and systematic validation. © 2020 IEEE.",,,,,,,,,,,,,,,,,,,,,,,,,,,,,Agent-based models;generative agent-based models validation;generative agents;generative AI;large language models,,,,,,,
P3L9K4NS,,2023,"Özel, B. and Petrović, M.",Green Urban Scenarios: A Framework for Digital Twin Representation and Simulation for Urban Forests and Their Impact Analysis,Empirical (micro),Decision Support / Policy Evaluation,"Exploratory / Scenario-based, Global (Variance-based)",,,,10.48044/jauf.2023.029,,"Background: Trees are a critical part of urban infrastructure. Cities worldwide are pledging afforestation objectives due to net-zero targets; however, their realisation requires a comprehensive framework that combines science, policy, and practice. Methods: The paper presents the Green Urban Scenarios (GUS) framework for designing and monitoring green infrastructures. GUS considers weather, maintenance, tree species, diseases, and spatial distributions of trees to forecast their impacts. The framework uses agent-based modelling (ABM) and simulation paradigm to integrate green infrastructure into a city’s ecological, spatial, economic, and social context. ABM enables the creation of digital twins for urban ecosystems at any level of granularity, including individual trees, to accurately predict their future trajectories. Digital representation of trees is created using a combination of datasets such as earth observations from space, street view images, field surveys, and qualitative descriptions of typologies within existing and future projects. Machine learning and statistical models calibrate biomass growth patterns and carbon release schemes. Results: The paper examines various green area typologies, simulating several hypothetical scenarios based on Glasgow’s urban forests. It exhibits the emergence of heterogeneity features of the forests due to interactions among trees. The growth trajectory of trees has a non-linear transition phase toward stable growth in its maturity. Reduced maintenance deteriorates the health of trees leading to lower survival rate and increased CO<inf>2</inf> emissions, while the stormwater alleviation capacity may differ among species. Conclusions: The paper demonstrates how GUS can facilitate policies and maintenance of urban forests with environmental, social, and economic benefits. ©2024 International Society of Arboriculture.",,,,,,,,,,,,,,,,,,,,,,,,,,,,,Agent-Based Modelling;Digital Twins;Nature-Based Solutions;Scenario Analysis;Urban Forest,,,,,,,
H2N6T1QZ,,2023,"Quagliarini, E. and Bernardini, G. and D'orazio, M.",How Could Increasing Temperature Scenarios Alter the Risk of Terrorist Acts in Different Historical Squares? A Simulation-Based Approach in Typological Italian Squares,"Empirical (macro), Theoretical (literature)","Exploratory, Decision Support / Policy Evaluation",Exploratory / Scenario-based,,,,10.3390/heritage6070274,,"Squares in the urban historical built environment are public open spaces prone to the risk of terrorist acts, essentially because they are ideal soft targets and attract significant user densities. Risk assessment methods should consider how users behave in them, both before and during an accident (i.e., the evacuation process). In addition to squares’ morphology and layout, and considering that urban areas are more and more prone to the effects of increasing temperatures, outdoor climate conditions can alter the initial scenario. In fact, such conditions can lead users to gather in specific outdoor areas, where they can look for shadows and shelter. This work hence proposes a simulation-based approach to assess how differences in users’ behaviours in response to increasing temperatures and squares’ morphology can alter the risk of terrorist acts in an emergency evacuation. An agent-based model is developed to simulate the interactions between users, hazards and the historical built environment. The work considers four typological squares prone to terrorist acts since they host a special building attracting users in front of it. These squares are derived from the analysis of Italian historical contexts within the BE S2ECURe project. Users are generated in the public open space (thus, before the terrorist act) depending on the intended uses of the square and on the outdoor temperature, which is affected by the square’s morphology. Three different users’ behaviours are modelled to consider (or not) the effects of the outdoor temperature on users’ thermal acceptability levels in an increasing temperature situation. Then, two evacuation scenarios are simulated: (a) a general evacuation process, without attackers, as the baseline for the risk assessment; and (b) an armed assault with cold weapons, to define one of the most probable attack situations in open spaces. Evacuation performance indicators are developed to assess users’ risk. Preliminary verifications demonstrate the capabilities of the approach. The results show that higher differences in evacuation indicators are noticed in large and asymmetric squares, since their conditions highly affect the variability of users’ behaviours in response to increasing temperatures. At the same time, stronger safety behaviours in response to increasing temperatures could reduce emergency issues because they allow users to be more dispersed and initially placed farther from the attack area. Decision-makers could take advantage of the proposed approach and simulation tool, moving towards an effectiveness analysis of solutions to increase the thermal comfort of users in respect of the risk levels during an evacuation. Finally, applications to real-world scenarios are thus encouraged to compare such idealized results with effective conditions. © 2023 by the authors.",,,,,,,,,,,,,,,,,,,,,,,,,,,,,built environment typologies;evacuation simulation;historical built environment;increasing temperatures;public open spaces;squares;terrorist acts,,,,,,,
G9R4S3ML,,2021,"Álvarez-Pomar, L. and Rojas-Galeano, S.",Impact of Personal Protection Habits on the Spread of Pandemics: Insights from an Agent-Based Model,"Empirical (micro), Empirical (macro)","Predictive, Decision Support / Policy Evaluation, Explanatory","Metamodeling / Surrogate, Exploratory / Scenario-based, Global (Variance-based)",,,,10.1155/2021/6616654,,"Background. After several waves of spread of the COVID-19 pandemic, countries around the world are struggling to regain their economies by slowly lifting mobility restrictions and social distance measures applied during the crisis. Meanwhile, recent studies provide compelling evidence on how contact distancing, the use of face masks, and handwashing habits can reduce the risk of SARS-CoV-2 transmission. In this context, we investigated the effect that these personal protection habits can have in preventing new waves of contagion. Methods. We extended an agent-based COVID-19 epidemic model in a simulated community to incorporate the mechanisms of these aforementioned personal care habits and measure their incidence in person-to-person transmission. A full factorial experiment design was performed to illustrate the extent to which the interplay between these personal habits is effective in mitigating the spread of disease. A global sensitivity analysis was performed on the parameters that control these habits to further validate the results. Results. We found that observing physical distance is the dominant habit in reducing disease transmission, although adopting either or both of the other two habits is necessary to some extent to suppress a new outbreak entirely. When physical distance is not observed, adherence to the use of masks or handwashing has a significant decrease in infections and mortality, but the epidemic still unfolds. We also found that in all scenarios, the combined effect of adhering to the three habits is more powerful than adopting them separately. Conclusions. Our findings suggest that a broad adherence of the population to voluntary self-care habits would help contain unfold of new outbreaks. The purpose of our model is illustrative and contributes to ratify the importance of urging citizens to adopt the amalgam of personal care habits as a primary collective protection measure to prevent communities from returning to confinements, while immunisation is carried out in late stages of the pandemic. © 2021 Lindsay Álvarez-Pomar and Sergio Rojas-Galeano.",,,,,,,,,,,,,,,,,,,,,,,,,,,,,,,,,,,,
W7L2V5KZ,,2024,"Krishnarao, S. and Shaja, S.A.",Impact of the Network Size and Frequency of Information Receipt on Polarization in Social Networks,Theoretical (literature),"Exploratory, Explanatory","Local (OAT/OFAT), Exploratory / Scenario-based",,,,10.1155/2024/4742401,,"Opinion Dynamics is an interdisciplinary area of research. Disciplines of Psychology and Sociology have proposed models of how individuals form opinions and how social interactions influence this process. Sociophysicists have interpreted the observed patterns in opinion formation in individuals as arising out of nonlinearity in the underlying process and helped shape the models. Agent-based modelling has offered an excellent platform to study the Opinion Dynamics of large groups of interacting individuals. In this paper, we take recent models in opinion formation in individuals. We recast them to create a proper dynamical system and inject the idea of clock time into evolving individuals' opinions. Thus, the time interval between two successive receipts of new information (i.e., the frequency of information receipts) by an individual becomes a factor that can be studied. In recent decades, social media has continuously shrunk time intervals between receipt of new information (i.e., increased frequency of information receipts). The recast models are used to show that as the time interval between successive receipts of new information gets shorter and the number of individuals in one's network becomes larger, the propensity for polarization of an individual increases. This explains how social media could have caused polarisation. We use the word ""polarisation""to mean an individual's inability to hold a neutral opinion. A polarisation number based on sociological parameters is proposed. Critical values of the polarisation number beyond which an individual is prone to polarization are identified. These critical values depend on psychological parameters. The reduced time intervals between the receipt of new information and an increase in the size of groups that interact can push the polarisation number to approach and cross the critical value and could have played a crucial role in polarising individuals and social groups. We also define the extent of polarisation as the width of the region around neutral within which an individual is unable to have an opinion. Reported results are for values of model parameters found in the literature. Our findings offer an opportunity to adjust model parameters to align with empirical evidence. The models of opinion formation in individuals and the understanding arrived at in this study will help study Opinion Dynamics with all its nuances and details on large social networks using agent-based modelling. © 2024 Sudhakar Krishnarao and Shaja Arul Selvamani.",,,,,,,,,,,,,,,,,,,,,,,,,,,,,,,,,,,,
F1K8N4QT,,2021,"Schrieks, T. and Botzen, W.J.W. and Wens, M. and Haer, T. and Aerts, J.C.J.H.",Integrating Behavioral Theories in Agent-Based Models for Agricultural Drought Risk Assessments,NA,NA,NA,,,,10.3389/frwa.2021.686329,,"Improving assessments of droughts risk for smallholder farmers requires a better understanding of the interaction between individual adaptation decisions and drought risk. Agent-based modeling is increasingly used to capture the interaction between individual decision-making and the environment. In this paper, we provide a review of drought risk agent-based models with a focus on behavioral rules. This review leads to the conclusion that human decision rules in existing drought risk agent-based models are often based on ad hoc assumptions without a solid theoretical and empirical foundation. Subsequently, we review behavioral economic and psychological theories to provide a clear overview of theories that can improve the theoretical foundation of smallholder farmer behavior and we review empirical parameterization, calibration, and validation methods of those theories. Based on these reviews, we provide a conceptual framework that can give guidance for the integration of behavioral theories in agent-based models. We conclude with an agenda to guide future research in this field. © © 2021 Schrieks, Botzen, Wens, Haer and Aerts.",,,,,,,,,,,,,,,,,,,,,,,,,,,,,adaptation behavior;agent-based model (ABM);behavioral theory;drought risk assessment;human decision-making;smallholder farmer,,,,,,,
R2P5T7DZ,,2024,"Hasan, F. and Jayasinghe, A. and Abenayake, C.","Integrating Scientific and Stakeholder-Based Knowledge to Simulate Future Urban Growth Scenarios: Findings from Kurunegala and Galle, Sri Lanka",Hybrid,"Predictive, Decision Support / Policy Evaluation","Exploratory / Scenario-based, Metamodeling / Surrogate",,,,10.3390/su162411161,,"The promotion of sustainability and resilience within urban environments is widely recognized as an essential approach to educating urban communities through innovative strategies and tools. This paper presents a process for integrating stakeholders into urban growth simulation, thereby enhancing sustainable decision-making. Currently, most urban growth models fail to incorporate the perspectives of diverse stakeholders, leading to reduced equitable participation in the decision-making process. To achieve long-term sustainability, it is imperative to include the input and viewpoints of stakeholders. This study follows a four-step approach: identifying relevant stakeholders, developing the framework, evaluating its effectiveness, and documenting lessons learned. The framework involves key steps, including initial participatory modeling, analysis of development pressures and suitability with stakeholders, and technical urban growth modeling. A unique combination of modeling tools and an innovative approach was employed, incorporating the default FUTURES (GRASS-GIS) model alongside the CA-Markov Chain, Agent-Based Modeling (ABM) (NetLogo), the Cellular-Automata-based Python model, and MOLUSCE-QGIS. This integrated approach facilitates the inclusion of stakeholder-based knowledge into conventional urban growth modeling, providing novel local lessons in science, technology, and innovation initiatives. Validation was conducted through both technical and stakeholder mechanisms, confirming the effectiveness of the proposed framework. © 2024 by the authors.",,,,,,,,,,,,,,,,,,,,,,,,,,,,,participatory modeling;stakeholder-based knowledge;sustainable decision-making;urban growth;urban informatics,,,,,,,
J8D3L6SW,,2024,"Saha, B. and Fatmi, M.R. and Khan, N.A.","Investigating the impacts of telecommuting on the spatial, temporal and modal distribution of travel using an agent-based transport simulation model",Empirical (micro),"Predictive, Decision Support / Policy Evaluation",Exploratory / Scenario-based,,,,10.5198/jtlu.2024.2513,,"Technological advancements over the past few decades have facilitated telecommuting, but its adoption surged significantly when travel restrictions forced workers to work from home during the pandemic. This shift significantly reduced peak-hour traffic flow and congestion, but the impact of this travel demand management strategy on 24-hour travel is not well understood. This study aims to evaluate the impacts of telecommuting on 24-hour traffic flow using an agent-based transport simulator. Methodologically, a nested structure is implemented to generate departure time, mode, and destination choice joint decisions and accommodate inter-dependencies. Given the behavioral differences among different population groups, separate models are implemented for these different groups: commuters, telecommuters, non-workers, students attending school in-person/online. Following the generation of 24-hour activities, activity itineraries are applied within a dynamic agent-based multimodal transport network model using the open-source MATSim platform. This modeling and simulation exercise has been implemented for the entire population of the Okanagan region of British Columbia, Canada. After thorough validation, the simulation results suggest that with the increase in telecommuting population, an increase in all types of non-mandatory travel is predicted to occur near the urban centers during the off-peak hours – resulting in the spreading of the peak over the day. © 2024 Bijoy Saha, Mahmudur Rahman Fatmi & Nazmul Arefin Khan.",,,,,,,,,,,,,,,,,,,,,,,,,,,,,Agent-based model;departure time;destination choice;mode choice;nested model;telecommuting;transportation network simulation,,,,,,,
V5N1K8TB,,2020,"Dziubanski, D. and Franz, K.J. and Gutowski, W.",Linking economic and social factors to peak flows in an agricultural watershed using socio-hydrologic modeling,"Empirical (micro), Empirical (macro)","Explanatory, Decision Support / Policy Evaluation",Exploratory / Scenario-based,,,,10.5194/hess-24-2873-2020,,"Hydrologic modeling studies most often represent humans through predefined actions and fail to account for human responses under changing hydrologic conditions. By treating both human and hydrologic systems as co-evolving, we build a socio-hydrological model that combines an agent-based model (ABM) with a semi-distributed hydrologic model. The curve number method is used to clearly illustrate the impacts of land cover changes resulting from decisions made by two different agent types. Aiming to reduce flooding, a city agent pays farmer agents to convert land into conservation. Farmer agents decide how to allocate land between conservation and production based on factors related to profits, past land use, and willingness. The model is implemented for a watershed representative of the mixed agricultural/small urban area land use found in Iowa, USA. In this preliminary study, we simulate scenarios of crop yields, crop prices, and conservation subsidies along with varied farmer parameters that illustrate the effects of human system variables on peak discharges. High corn prices lead to a decrease in conservation land from historical levels; consequently, mean peak discharge increases by 6%, creating greater potential for downstream flooding within the watershed. However, when corn prices are low and the watershed is characterized by a conservation-minded farmer population, mean peak discharge is reduced by 3%. Overall, changes in mean peak discharge, which is representative of farmer land use decisions, are most sensitive to changes in crop prices as opposed to yields or conservation subsidies. © 2020 Authors.",,,,,,,,,,,,,,,,,,,,,,,,,,,,,,,,,,,,
M9B4Z6RF,,2021,"Rzeszutek, M. and Godin, A. and Szyszka, A. and Augier, S.",Managerial overconfidence in capital structure decisions and its link to aggregate demand: An agent-based model perspective,"Empirical (micro), Empirical (macro)","Exploratory, Explanatory","Exploratory / Scenario-based, Global (Variance-based)",,,,10.1371/journal.pone.0255537,,"Objective This study aims to connect two strands of the psychology and economics literature, i.e., behavioural finance and agent-based macroeconomics, to assess the impact of managerial overconfidence at the micro and macro levels of the economy as a whole. Method We build a macroeconomic stock-flow consistent agent-based model that is calibrated for the specific case of Poland to explore whether the overconfidence of top corporate managers in the context of their initial capital structure decisions is detrimental for the firms being managed in this way, the financial market dynamics, and the selected macroeconomic indicators. We model heterogeneous firms with different capital structure decision criteria depending on their degree of managerial overconfidence. Our model also includes a complete macroeconomic closure with aggregated households, capital producers, banking, and a public sector. Results We find that firms with overconfident managers outperform in terms of investment and size but are also more fragile, thereby making them more likely to default. Finally, we run policy shocks and show that while investors' flight to liquidity creates financial turmoil and increases the probability of default. Conclusions This paper contributes to the knowledge base by linking behavioural corporate finance and agent-based macroeconomics. In general, the excess overconfidence on the micro level, either an increase in the proportion of overconfident firms or a higher degree of overconfidence among managers, has a strong destabilizing impact on the economy as a whole on the macro level. ©: © 2021 Rzeszutek et al. This is an open access article distributed under the terms of the Creative Commons Attribution License, which permits unrestricted use, distribution, and reproduction in any medium, provided the original author and source are credited.",,,,,,,,,,,,,,,,,,,,,,,,,,,,,,,,,,,,
H1J7D4SY,,2020,"Pietzsch, B. and Fiedler, S. and Mertens, K.G. and Richter, M. and Scherer, C. and Widyastuti, K. and Wimmler, M.-C. and Zakharova, L. and Berger, U.","Metamodels for evaluating, calibrating and applying agent-based models: A review",NA,NA,NA,,,,10.18564/jasss.4274,,"The recent advancement of agent-based modeling is characterized by higher demands on the pa-rameterization, evaluation and documentation of these computationally expensive models. Accordingly, there is also a growing request for “easy to go” applications just mimicking the input-output behavior of such mod-els. Metamodels are being increasingly used for these tasks. In this paper, we provide an overview of common metamodel types and the purposes of their usage in an agent-based modeling context. To guide modelers in the selection and application of metamodels for their own needs, we further assessed their implementation effort and performance. We performed a literature research in January 2019 using four different databases. Five different terms paraphrasing metamodels (approximation, emulator, meta-model, metamodel and surrogate) were used to capture the whole range of relevant literature in all disciplines. All metamodel applications found were then categorized into specific metamodel types and rated by different junior and senior researches from varying disciplines (including forest sciences, landscape ecology, or economics) regarding the implementation effort and performance. Specifically, we captured the metamodel performance according to (i) the consider-ation of uncertainties, (ii) the suitability assessment provided by the authors for the particular purpose, and (iii) the number of valuation criteria provided for suitability assessment. We selected 40 distinct metamodel applications from studies published in peer-reviewed journals from 2005 to 2019. These were used for the sensitivity analysis, calibration and upscaling of agent-based models, as well to mimic their prediction for different scenarios. This review provides information about the most applicable metamodel types for each purpose and forms a first guidance for the implementation and validation of metamodels for agent-based models. © 2020, University of Surrey. All rights reserved.",,,,,,,,,,,,,,,,,,,,,,,,,,,,,Calibration;Emulator;Individual-based model;Review;Sensitivity analysis;Surrogate model,,,,,,,
K2M5L8WV,,2024,"Collins, A.J. and Koehler, M. and Lynch, C.J.",Methods That Support the Validation of Agent-Based Models: An Overview and Discussion,NA,NA,NA,,,,10.18564/jasss.5258,,"Validation is the process of determining if a model adequately represents the system under study for the model’s intended purpose. Validation is a critical component in building the credibility of a simulation model with its end-users. Effectively conducting validation can be a daunting task for both novice and experienced simulation developers. Further compounding the difficult task of conducting validation is that there is no universally accepted approach for assessing a simulation. These challenges are particularly relevant to the paradigm of Agent-Based Modeling and Simulation (ABMS) because of the complexity found in these models’ mechanisms and in the real-world situations they attempt to represent. To aid both the novice and expert in conducting a validation process for an agent-based simulation, this article reviews nine methods that are useful for this process, including foundational topics of docking, empirical validation, sampling, and visualization, as well as advanced topics of bootstrapping, causal analysis, inverse generative social science, and role-playing. Each method is reviewed with respect to its benefits and limitations as a validation-supporting method for ABMS. Suggestions that may support a validation plan for an agent-based simulations, are also provided. This article is an introductory guide for understanding and conducting ABMS validation for developers of all experience levels. © 2024, University of Surrey. All rights reserved.",,,,,,,,,,,,,,,,,,,,,,,,,,,,,Agent-Based Modeling;Docking;Empirical Validation;Model Validation;Simulation Validation;Validation,,,,,,,
P9X1B3TR,,2025,"Shamsi Gamchi, N. and Esmaeili, M. and Sedigh, A.H.",Mitigating direct and indirect costs of unexpected pandemics: a parallel vaccination strategy utilizing agent-based simulation,,,,,,,10.1080/17477778.2025.2600537,,"The prioritization of individuals for vaccination based on limited resources and decision-making time—primarily focusing on age groups—overlooks the broader impacts of lockdown policies on the economy and psychological well-being. This study emphasizes the need to draw lessons from epidemic disasters to inform future responses and policies, highlighting the importance of considering wider societal and economic implications in vaccination prioritization strategies. Therefore, we present a strategy that considers both pharmaceutical and non-pharmaceutical interventions, including two-dose vaccination, partial lockdowns, face mask usage, and a new prioritization approach, aimed at minimizing social costs, economic impacts, and psychological effects (e.g. depression) of lockdown policies, using Covid-19 as a case study. We explore prioritization of retail units alongside age groups to investigate vaccination strategies that enhance socio-economic effectiveness. Additionally, we estimate the required vaccine doses by accounting for the efficacy of the first and second doses and their impact on controlling the epidemic. We apply an agent-based model to simulate a hypothetical community, parameterized with demographic and social characteristics inspired by Iran, to evaluate the effects of parallel vaccination and non-pharmaceutical interventions. The results show that vaccinating businesses and age groups simultaneously leads to lower social, economic, and psychological costs of lockdown policies. © 2025 The Operational Research Society.",,,,,,,,,,,,,,,,,,,,,,,,,,,,,agent-based modeling;Contagious disease;epidemic model;vaccine allocation decision;vaccine prioritization,,,,,,,
G4V2M7QZ,,2024,"Secchi, D. and Grimm, V. and Herath, D.B. and Homberg, F.",Modeling and theorizing with agent-based sustainable development,NA,NA,NA,,,,10.1016/j.envsoft.2023.105891,,"Sustainable development is an expression that permeates large areas of knowledge. For it to be meaningful, environmental aspects must be considered as intertwined with economic and social aspects. This is a multidisciplinary effort that is made challenging by the task of synthesizing the many emerging contributions. This has limited theory development where the definition of mechanisms, assumptions, dynamics and the determination of the entities involved are largely left to the reader's imagination. We suggest to engage with the rationale of agent-based modeling to better define the assumptions, mechanisms, and boundaries of sustainable development. For this, the O-part of the widely used ODD protocol for describing agent-based models (ABM) provides a standardized structure, which we here augment to OsDD to specifically take into account sustainability issues. Even without formulating and implementing the full ABM, using OsDD requires to be explicit about the mechanisms, assumptions, dynamics and the entities involved and thereby provides a common language for theory development. © 2023 The Author(s)",,,,,,,,,,,,,,,,,,,,,,,,,,,,,Agent-based modeling;Common language;Human–environment interaction;ODD protocol;Sustainable development;Theory development,,,,,,,
W1N8P3LY,,2024,"Yang, J. and Ko, W. and Cho, Y.",Modeling the United Oscillation and Wave of economic policy and urban planning employing spatial population dynamics,Theoretical (literature),"Explanatory, Decision Support / Policy Evaluation","Local (OAT/OFAT), Exploratory / Scenario-based",,,,10.1371/journal.pone.0305465,,"Modern urban dynamics are increasingly shaped by the interplay between economic policy and urban planning, yet often lack an integrated approach. This study bridges this gap by examining the dynamic equilibrium between these two realms using the “Oscillation and Wave Framework.” Specifically, we focus on the impact of variations in congestion parameter λ on urban sectoral spatial distribution and population dynamics. Our approach utilizes an advanced agent-based model to simulate interactions within an urban economic landscape, offering a detailed analysis of the relationship between agglomeration economies and congestion diseconomies. The results highlight the significant influence of congestion parameter adjustments on urban patterns, particularly in terms of cluster density and development. Therefore, this study not only provides a deeper understanding of the intricate balance between economic and urban planning factors but also emphasizes the necessity of incorporating these insights into urban planning and policy formulation for sustainable urban development. The findings also have important practical implications for addressing the dynamic complexities of urban environments, especially the interactions between different industries and their role in shaping urban structures. ©: © 2024 Yang et al. This is an open access article distributed under the terms of the Creative Commons Attribution License, which permits unrestricted use, distribution, and reproduction in any medium, provided the original author and source are credited.",,,,,,,,,,,,,,,,,,,,,,,,,,,,,,,,,,,,
S6K9T4RF,,2024,"Lang, D. and Ertsen, M.W.",Modelling Southern Mesopotamia Irrigated Landscapes: How Small-scale Processes Could Contribute to Large-Scale Societal Development,Theoretical (literature),"Explanatory, Theoretical / Illustrative",Exploratory / Scenario-based,,,,10.1007/s10816-023-09632-7,,"Early Southern Mesopotamia shows a complex history of expansion of (irrigated) farming in relation to urban developments and changing landscapes. As a first step to study expanding irrigated farming system, an irrigation-related agent-based model was developed to explore farm(land)s and irrigation systems in relation to decision-making processes, both of farms and their farmlands (an agriculture unit) and collective decision-making processes for irrigation system management—especially sharing water between farms. The decision-making processes include options to move farms, expand the system, or start a new system, as these would be options available for Mesopotamian farmers as well. In this text, we report how model parameters contribute to the generation of various patterns of yields and expansion of farms and system. Additionally, the Gini coefficient (based on yields) is applied to estimate levels of inequality among farmers. Our results show how (1) human decision-making determines the level of influence of and benefits for farms, as well as the overall irrigation system; (2) Gini values effectively capture the degree of inequality in yields among farms based on water availability; and (3) our model is a suitable base for further study, by incorporating additional agents into the irrigation system and expanding the spatial–temporal scales of the irrigated landscapes, to reach a more comprehensive understanding of the evolutionary dynamics of irrigation systems in Southern Mesopotamia. © The Author(s), under exclusive licence to Springer Science+Business Media, LLC, part of Springer Nature 2023.",,,,,,,,,,,,,,,,,,,,,,,,,,,,,Agent-based modelling;Ancient Mesopotamia;Decision-making;Harvest situations;Irrigation,,,,,,,
L2X7B8VW,,2024,"Azamuke, D. and Katarahweire, M. and Bainomugisha, E.",MoMTSim: A Multi-Agent-Based Simulation Platform Calibrated for Mobile Money Transactions,Empirical (micro),Descriptive / Phenomena-based,Regression / Statistical Inference,,,,10.1109/ACCESS.2024.3439012,,"Research on multi-agent systems has extensively modeled real-world phenomena across various domains including epidemiology, urban planning, and financial transactions. These systems often struggle to produce agent behaviors that comprehensively capture the dynamics of the real-world ecosystem and the unique behaviors of each agent type. Furthermore, the limited explainability of these models due to non-iterative calibration poses significant challenges. This paper introduces an iterative model calibration algorithm that dynamically adjusts the multitude of parameters in a multi-agent simulation platform. Initially treating the simulation model as a black box, our method refines simulation parameters through cycles of adjustments based on clusters of observed behaviors comprising the behavior of both agents and actors. This approach allows for the identification and correction of inaccuracies, introduces new parameters, and discards erroneous ones within the agent-based model as demonstrated in a Mobile Money Transaction Simulator (MoMTSim). The calibration algorithm enhances the realism and applicability of the simulation model by ensuring that the generated synthetic datasets closely mirror real transaction data. The effectiveness of this calibration method was determined by validating the generated data through comparing the real and synthetic datasets using statistical methods including the Kolmogorov-Smirnov test, the sum of squared errors (SSE) method, and Bland-Altman plots. We computed the delta between the real and synthetic data using the SSE approach and found that the synthetic datasets resemble real data. This shows that MoMTSim effectively generates synthetic data that closely matches real mobile money transaction data, validating the accuracy of our model calibration algorithm in simulating complex financial ecosystems. © 2013 IEEE.",,,,,,,,,,,,,,,,,,,,,,,,,,,,,mobile money;model calibration;Multi-agent-based simulation;synthetic data,,,,,,,
D5V1M9KZ,,2025,"Tofiq, H. and Alexiadis, A.",Multiphysics methods beyond physics: a particle-based solver for urban crowd and crime simulation,,,,,,,10.1108/HFF-05-2025-0336,,"Purpose – This paper aims to show how a particle-based solver, originally developed for SPH and multiphysics simulations, can be applied with little modification to simulate human crowd motion in an urban environment. The aim is to demonstrate that fluid-inspired numerical methods can be adapted to model agent-based systems and that such cross-domain reuse can extend the reach of established solvers. Design/methodology/approach – The simulation combines the Discrete Multiphysics (DMP) approach with agent-based modelling (ABM) and a graph-based representation of space. Agents interact via inter-particle forces and move according to Newtonian dynamics. Pathfinding is handled via a greedy best-first search on the graph. The implementation uses Python and Numba, with performance tested on large agent populations in idealised urban layouts. Findings – The model reproduces realistic collective behaviours including lane formation, congestion and incident hotspots. It can simulate how events such as crime or antisocial behaviour emerge from local interactions. Results show that a solver originally used in fluid–structure interaction can accurately capture social-agent dynamics by adapting only the force interactions. Research limitations/implications – The model has been tested in idealised urban layouts and has not been calibrated against real pedestrian data. Future work could explore quantitative validation, dynamic graph updates or applications in reactive transport and evacuation modelling. Practical implications – The method offers a simple way to repurpose existing particle solvers for crowd dynamics or similar agent-based systems, reducing the need to develop new codes from scratch. It also opens up new ways to model infrastructure, navigation and behavioural rules using tools familiar to researchers familiar with particle-based methods. Social implications – Crowd simulations can support urban planning, safety assessments and public-space design. The method can be extended to model social behaviours under stress or uncertainty, such as panic, intoxication or crime. It offers a simple way to test policies or layouts before real-world trials, using physical analogies to explore social problems. Originality/value – This paper provides a worked example of how particle-based numerical methods can be extended to simulate systems outside classical physics. It also introduces a lightweight graph–particle framework that bridges discrete agent rules with mechanics, offering a new way to apply familiar computational tools to social and behavioural systems. © 2025 Emerald Publishing Limited",,,,,,,,,,,,,,,,,,,,,,,,,,,,,Agent-based modelling;Particle methods,,,,,,,
K8N2Q7PX,,2024,"Zunker, H. and Schmieding, R. and Kerkmann, D. and Schengen, A. and Diexer, S. and Mikolajczyk, R. and Meyer-Hermann, M. and Kühn, M.J.",Novel travel time aware metapopulation models and multi-layer waning immunity for late-phase epidemic and endemic scenarios,Hybrid,"Predictive, Decision Support / Policy Evaluation","Global (Screening), Global (Variance-based)",,,,10.1371/journal.pcbi.1012630,,"In the realm of infectious disease control, accurate modeling of the transmission dynamics is pivotal. As human mobility and commuting patterns are key components of communicable disease spread, we introduce a novel travel time aware metapopulation model. Our model aims to enhance estimations of disease transmission. By providing more reliable assessments on the efficacy of interventions, curtailing personal rights or human mobility behavior through interventions can be minimized. The proposed model is an advancement over traditional compartmental models, integrating explicit transmission on travel and commute, a factor available in agent-based models but often neglected with metapopulation models. Our approach employs a multi-edge graph ODE-based (Graph-ODE) model, which represents the intricate interplay between mobility and disease spread. This granular modeling is particularly important when assessing the dynamics in densely connected urban areas or when heterogeneous structures across entire countries have to be assessed. The given approach can be coupled with any kind of ODE-based model. In addition, we propose a novel multi-layer waning immunity model that integrates waning of different paces for protection against mild and severe courses of the disease. As this is of particular interest for late-phase epidemic or endemic scenarios, we consider the late-phase of SARS-CoV-2 in Germany. The results of this work show that accounting for resolved mobility significantly influences the pattern of outbreaks. The improved model provides a refined tool for predicting outbreak trajectories and evaluating intervention strategies in relation to mobility by allowing us to assess the transmission that result on traveling. The insights derived from this model can serve as a basis for decisions on the implementation or suspension of interventions, such as mandatory masks on public transportation. Eventually, our model contributes to maintaining mobility as a social good while reducing exuberant disease dynamics potentially driven by travel activities. © 2024 Zunker et al. This is an open access article distributed under the terms of the Creative Commons Attribution License, which permits unrestricted use, distribution, and reproduction in any medium, provided the original author and source are credited.",,,,,,,,,,,,,,,,,,,,,,,,,,,,,,,,,,,,
T3S6D1RY,,2025,"Scarpa, M. and Garofalo, M. and Longo, F. and Serrano, S.",Polarization in Political Rallies: A Markovian Agent-Based Model for Opinion Dynamics,Theoretical (literature),Theoretical / Illustrative,"Local (OAT/OFAT), Exploratory / Scenario-based",,,,10.3390/a18060308,,"One of the most studied problems among researchers in recent years is how individuals form their opinions. This problem has become more urgent with the advent of social networks, which can easily influence a huge number of followers and have become increasingly pervasive over time. The produced effect is the rise of polarized opinions among different groups of people. Understanding polarization is of great relevance across various application domains, such as economics and politics. Opinion dynamics has often been studied by exploiting the popular Friedkin–Johnsen model. In this paper, we propose a different modeling approach based on the Markovian agents paradigm for deriving metrics characterizing polarized opinions. The main goal of this work is to demonstrate the potential of the Markovian agent modeling paradigm for the analysis of opinion dynamics. The main advantages of Markovian agents are the ease of setting a large number of behavioral parameters, spatial distribution of agents, scalability, and numerical tractability. We extend our previous work, in which we analyzed a peer assembly and validated it against other commonly used modeling approaches. In our opinion, the Markovian agent approach offers an effective modeling framework due to its scalability and flexibility in handling parameters that describe the behavior of individuals in the opinion formation process. The context we will discuss is inspired by election rallies, where an assembly attends a speech by a political candidate. The crowd consists of individuals with diverse initial political opinions, and the candidate seeks to polarize them toward his/her own political stance. © 2025 by the authors.",,,,,,,,,,,,,,,,,,,,,,,,,,,,,analytical modeling;Markovian agents;opinion dynamics,,,,,,,
B4V7M9NW,,2024,"Baldi, L. and Calzolai, S. and Arfini, F. and Donati, M.",Predicting the effect of the Common Agricultural Policy post-2020 using an agent-based model based on PMP methodology,Empirical (micro),"Predictive, Decision Support / Policy Evaluation",Exploratory / Scenario-based,,,,10.36253/bae-14592,,"The objective of this study is to perform an ex-ante assessment of the potential impacts of agro-environmental measures included in the post-2020 Common Agricultural Policy (CAP), by estimating farmers’ responsiveness in adopting organic agricultural practices and an eco-scheme that incentivises extensive forage systems. This research is conducted by means of an Agent-Based Model (ABM), based on Positive Mathematical Programming (PMP), implemented in GAMS. The ABM facilitates the simulation of interaction among farmers, allowing for an analysis of farm heterogene-ity. The PMP methodology adds a non-rational dimention to the farmers’ economic drivers. The model is calibrated using 2019 Farm Accountancy Data Network (FADN) data specific to the Emilia Romagna region in Italy. Our findings reveal significant impacts on land use, with a notable decrease in cereal cultivation in favour of protein and fodder crops. Moreover, structural shifts are observed, notably a decrease in the number of small-scale farms. We also assess environmental and economic implications, observing a modest reduction in CO<inf>2</inf> equivalent emissions per hectare, an increase in water demand, and an overall economic stability among farms, as indicated by changes in gross margin per hectare. © 2024 Author(s).",,,,,,,,,,,,,,,,,,,,,,,,,,,,,Agent Base Model;CAP Reform;CO2 Emission;Land use;Structural change,,,,,,,
Z1X8K3ML,,2024,"Calmon, L. and Colosi, E. and Bassignana, G. and Barrat, A. and Colizza, V.",Preserving friendships in school contacts in synthetic temporal networks,"Empirical (micro), ""Synthetic (machine learning, AI, other)""","Exploratory, Descriptive / Phenomena-based",Exploratory / Scenario-based,,,,10.1371/journal.pcbi.1012661,,"High-resolution temporal data on contacts between hosts provide crucial information on the mixing patterns underlying infectious disease transmission. Publicly available data sets of contact data are however typically recorded over short time windows with respect to the duration of an epidemic. To inform models of disease transmission, data are thus often repeated several times, yielding synthetic data covering long enough timescales. Looping over short-term data to approximate contact patterns on longer timescales can lead to unrealistic transmission chains because of the deterministic repetition of all contacts, without any renewal of the contact partners of each individual between successive periods. Real contacts indeed include a combination of regularly repeated contacts (e.g., due to friendship relations) and of more casual ones. In this paper, we propose an algorithm to longitudinally extend contact data recorded in a school setting, taking into account this dual aspect of contacts and in particular the presence of repeated contacts due to friendships. To illustrate the interest of such an algorithm, we then simulate the spread of SARS-CoV-2 on our synthetic contacts using an agent-based model specific to the school setting. We compare the results with simulations performed on synthetic data extended with simpler algorithms to determine the impact of preserving friendships in the data extension method. Notably, the preservation of friendships does not strongly affect transmission routes between classes in the school but leads to different infection pathways between individual students. Our results moreover indicate that gathering contact data during two days in a population is sufficient to generate realistic synthetic contact sequences between individuals in that population on longer timescales. The proposed tool will allow modellers to leverage existing contact data, and contributes to the design of optimal future field data collection. Peer Review History: PLOS recognizes the benefits of transparency in the peer review process; therefore, we enable the publication of all of the content of peer review and author responses alongside final, published articles. The editorial history of this article is available here: https://doi.org/10.1371/journal.pcbi.1012661 © 2024 Calmon et al. This is an open.",,,,,,,,,,,,,,,,,,,,,,,,,,,,,,,,,,,,
H9N4P7TQ,,2024,"Virgilio, G.P.M. and Paz López, M.E.",Revisiting noise—Fischer Black’s noise at the time of high-frequency trading,,,,,,,10.1057/s41283-024-00151-7,,"Economists have analyzed noise trading from various viewpoints in the past, and they drew the most diverse conclusions. Noise trading has been interpreted as a facilitator of market liquidity, as a source of inefficiency, as a driver of easy money for more informed traders or for herds of uninformed ones. However, in an environment populated by High-Frequency traders, most financial theories need to be revisited, the theory about noise trading being one of them. By making use of a computer-based Agent-Based Model, this paper creates a scenario where a shock breaks the equilibrium and only some market participants receive, and act upon, such information. The results are that old-fashioned parameters, as informedness, arbitrage, market efficiency and herding behavior no longer carry the same meaning as they used to. The focus shifts from searching the mythical ‘true value’ of a security to executing orders with the shortest possible latency, to exploit trading opportunities and maximize profits. © The Author(s), under exclusive licence to Springer Nature Limited 2024.",,,,,,,,,,,,,,,,,,,,,,,,,,,,,Behavioral finance;G02;G14;G17;Herding behavior;High-frequency trading;Market efficiency;Noise trading,,,,,,,
C7X2Q9MH,,2020,"Liberto, C. and Nigro, M. and Carrese, S. and Mannini, L. and Valenti, G. and Zarelli, C.",Simulation framework for pedestrian dynamics: Modelling and calibration,"Empirical (micro), Empirical (macro)","Descriptive / Phenomena-based, Decision Support / Policy Evaluation","Exploratory / Scenario-based, Regression / Statistical Inference",,,,10.1049/iet-its.2019.0677,,"Pedestrian flow efficiency and safety are primary requirements in the effective configuration and management of urban gathering spaces, such as railway stations, stadiums, or shopping malls. Moreover, the quality and comfort level of available walking environments play a key role in the challenge of sustainable mobility. As a consequence, there has been growing interest in developing methodologies for analysing the walking transport mode. In this context, the authors deem crucial to build a pedestrian dynamics simulation framework that they can completely control, from the modelling and calibration under different flow conditions to the implementation of a user-friendly tool that allows testing the model in a variety of case studies. In this study, they focus on the implementation and calibration of an agent-based model that microscopically simulates the interactions between individuals and with the environment. They calibrate the model parameters with a behavioural-based approach that relies on observed motion behaviours. Additionally, they present preliminary findings from pedestrian flow experiments performed and monitored with dedicated video recording systems. The collected data are meant to improve the calibration and validate the simulator, but they also provide insights into the emergence of collective behaviours, which can have significant upshots on the theoretical framework. © The Institution of Engineering and Technology 2020.",,,,,,,,,,,,,,,,,,,,,,,,,,,,,,,,,,,,
L3V8K1PW,,2025,"Biazen, M.A. and Woldeyohannes, A.D. and Gebeyehu, S.G.",Simulation models verification and validation: Recent development and challenges: A review,,,,,,,10.1142/S1793962325300018,,"Nowadays, verification and validation activities have become the prominent parameters to check the acceptability of a simulation model by the users for the intended purpose. This review paper aims to identify and analyze the recent development and challenges of simulation model verification and validation. To achieve this objective, a systematic review of the literature was carried out which mainly consisted of the methodological development of verification and validation process paralleled with simulation model development. Initially, a cumulative total of 980 records was found sourced from Google Scholar via an advanced search method, Science Direct, Web of science and from Scopus. Through a rigorous screening process about 72 sources or publications were included for analysis. The verification and validation techniques that have been developed so far were classified into five categories methodologically. From intensive analysis, it is found that researchers extensively scrutinize the traditional methods and graphical/ statistical tools, escalating interest in data-driven and automation techniques, and limited focus on agent-based and hybrid models. Though agent-based and hybrid models are increasingly vital in the realm of complex system simulations, their verification and validation processes remain relatively under-explored. Though reasonable efforts have been exerted on the verification and validation methods development, still academicians and researchers agreed on the lack of verification and validation methodology for the recently developed simulation model paradigms such as agent-based and hybrid models, autonomous robotics models, high fidelity and data-driven models, and real-time prediction models such as digital twins. As a challenge of verification and validation processes, lack of universal methodologies, lack of reliable real-world data for validation, inaccuracy of real-world data for the intended purpose, different world views by different individuals, and the rapid growth and complexity of simulation modeling are identified as the hindering factors of verification and validation process. © World Scientific Publishing Company.",,,,,,,,,,,,,,,,,,,,,,,,,,,,,Challenges;recent development;simulation modeling;validation;verification,,,,,,,
Z6N9T2BC,,2024,"Nourali, Z. and Shortridge, J.E. and Bukvic, A. and Shao, Y. and Irish, J.L.",Simulation of Flood-Induced Human Migration at the Municipal Scale: A Stochastic Agent-Based Model of Relocation Response to Coastal Flooding,Empirical (macro),"Predictive, Decision Support / Policy Evaluation","Exploratory / Scenario-based, Regression / Statistical Inference",,,,10.3390/w16020263,,"Human migration triggered by flooding will create sociodemographic, economic, and cultural challenges in coastal communities, and adaptation to these challenges will primarily occur at the municipal level. However, existing migration models at larger spatial scales do not necessarily capture relevant social responses to flooding at the local and municipal levels. Furthermore, projecting migration dynamics into the future becomes difficult due to uncertainties in human–environment interactions, particularly when historic observations are used for model calibration. This study proposes a stochastic agent-based model (ABM) designed for the long-term projection of municipal-scale migration due to repeated flood events. A baseline model is demonstrated initially, capable of using stochastic bottom-up decision rules to replicate county-level population. This approach is then combined with physical flood-exposure data to simulate how population projections diverge under different flooding assumptions. The methodology is applied to a study area comprising 16 counties in coastal Virginia and Maryland, U.S., and include rural areas which are often overlooked in adaptation research. The results show that incorporating flood impacts results in divergent population growth patterns in both urban and rural locations, demonstrating potential municipal-level migration response to coastal flooding. © 2024 by the authors.",,,,,,,,,,,,,,,,,,,,,,,,,,,,,agent-based modeling (ABM);climate change;coastal flooding;human migration;socio-ecological systems,,,,,,,
R1S4D7FG,,2022,"Makarov, V.L. and Bakhtizin, A.R. and Beklaryan, G.L. and Akopov, A.S. and Strelkovskii, N.V.",Simulation of migration and demographic processes using FLAME GPU,"Theoretical (literature), ""Synthetic (machine learning, AI, other)""","Predictive, Decision Support / Policy Evaluation","Global (Variance-based), Exploratory / Scenario-based",,,,10.17323/2587-814X.2022.1.7.21,,"This article presents an approach to modeling migration and demographic processes using a framework designed for large-scale agent-based modeling – FLAME GPU. This approach is based on the previously developed simulation model of interaction between two communities: migrants and natives that is implemented in the AnyLogic simulation software. The model has had a low dimensionality of the discrete space representing the operating environment of the agent populations and a deterministic decision-making system of each agent. At the same time, the presence of multiple interactions between agents and transitions between their states determines a high computational complexity of such a model. The use of FLAME GPU makes it possible to conduct extensive simulation experiments with the model, mainly due to the parallelization of computational processes at the level of each agent, as well as the implementation of the mechanism of multiple computations using Monte Carlo techniques. The developed framework is used to study the impact of the most important parameters of the model (e.g., rate of migration, governmental expenditures on integration, frequency of creation of new workplaces, etc.) on the key outputs of the modeled socio-economic system (in particular, population size, share of migrants, number of assimilated migrants, GDP growth rate, etc.). The proposed approach can be used to develop decision-making systems for planning the hiring of new employees based on the forecast dynamics of migration and demographic processes. © Franz Steiner Verlag, Stuttgart 2022",,,,,,,,,,,,,,,,,,,,,,,,,,,,,agent-based modeling;decision support;large-scale modeling;migration and demographic processes;parallel computing on GPU;population dynamics;supercomputer modeling,,,,,,,
V3K8L6NP,,2019,"Groff, E.R. and Johnson, S.D. and Thornton, A.",State of the Art in Agent-Based Modeling of Urban Crime: An Overview,NA,NA,NA,,,,10.1007/s10940-018-9376-y,,"Objectives: Agent-based modeling (ABM) is a type of computer simulation that creates a virtual society and allows controlled experimentation. ABM has the potential to be a powerful tool for exploring criminological theory and testing the plausibility of crime prevention interventions when data are unavailable, when they would be unethical to collect, or when policy-makers need an answer quickly. This paper takes stock of the current literature to discuss the potential contributions of ABM, assess current practice, identify shortcomings that threaten the validity of findings using ABM, and to make suggestions regarding the construction and communication of future work using ABM. Methods: We systematically searched major databases to find all publications using ABM to simulate urban crime patterns and coded publications to quantify the following information: (1) characteristics of the publication, the model and the agents, (2) model purpose, (3) crime type investigated, and (4) interrogation of the model via sensitivity testing and validation. Results: After sifting papers according to our inclusion criteria, we identified and reviewed 45 publications. Models informed by the opportunity theory framework dominated. Most publications lacked detail sufficient to enable replication. Many did not include clear a rationale for modeling choices, parameter selection or calibration. Rarely were parameters calibrated using empirical data. Model validation was limited and inconsistent across papers. Conclusions: ABM offers significant potential for criminological enquiry. However, at present, the lack of model detail reported in publications makes it difficult to assess where sufficient evidence exists to support—and where gaps limit—the development of models that reflect extant conditions and offender decision-making. For the field to progress, as a minimum, standardized reporting that encourages transparency will be necessary. © 2018, The Author(s).",,,,,,,,,,,,,,,,,,,,,,,,,,,,,Agent-based modeling;Model documentation;Strengthening criminological theory;Urban crime,,,,,,,
M2N5B9RT,,2024,"White, L. and Basurra, S. and Alsewari, A.A. and Saeed, F. and Addanki, S.M.",Temporal meta-optimiser based sensitivity analysis (TMSA) for agent-based models and applications in children’s services,"""Synthetic (machine learning, AI, other)"", Empirical (macro)",Theoretical / Illustrative,Metamodeling / Surrogate,,,,10.1038/s41598-024-59743-8,,"With current and predicted economic pressures within English Children’s Services in the UK, there is a growing discourse around the development of methods of analysis using existing data to make more effective interventions and policy decisions. Agent-Based modelling shows promise in aiding in this, with limitations that require novel methods to overcome. This can include challenges in managing model complexity, transparency, and validation; which may deter analysts from implementing such Agent-Based simulations. Children’s Services specifically can gain from the expansion of modelling techniques available to them. Sensitivity analysis is a common step when analysing models that currently has methods with limitations regarding Agent-Based Models. This paper outlines an improved method of conducting Sensitivity Analysis to enable better utilisation of Agent-Based models (ABMs) within Children’s Services. By using machine learning based regression in conjunction with the Nomadic Peoples Optimiser (NPO) a method of conducting sensitivity analysis tailored for ABMs is achieved. This paper demonstrates the effectiveness of the approach by drawing comparisons with common existing methods of sensitivity analysis, followed by a demonstration of an improved ABM design in the target use case. © The Author(s) 2024.",,,,,,,,,,,,,,,,,,,,,,,,,,,,,,,,,,,,
Q7X4K1DZ,,2023,"Bogani, A. and Faccenda, G. and Riva, P. and Richetin, J. and Pancani, L. and Sacchi, S.",The near-miss effect in flood risk estimation: A survey-based approach to model private mitigation intentions into agent-based models,Empirical (micro),"Explanatory, Decision Support / Policy Evaluation","Exploratory / Scenario-based, Regression / Statistical Inference",,,,10.1016/j.ijdrr.2023.103629,,"Behavioral reactions to natural hazards, including floods, and mitigation intentions are strongly predicted by risk perception. Among the different psychological processes forging individuals’ risk-estimation, the present work focuses on the near-miss effect, the human tendency to underestimate the risks when a previous negative outcome is avoided by chance. Study 1 (N = 241) investigates the near-miss effect among residents of both flood-prone and safe areas, showing that participants exposed to near-miss scenarios perceive a lower level of risk and damages regardless of their past experience with the hazard, and thus are less prone to adopt protective measures. Based on the data collected in Study 1, Study 2 develops a series of agent-based models to simulate the effect of experiencing near-miss events on a neighborhood in a flood-prone area, where inhabitants have to decide whether to purchase insurance against flood-related damage. The agent-based models integrating the psychological parameters reveals that the underestimation of the likelihood of flooding due to the near-miss effect is likely to increase the negative economic consequences of disasters suffered by the population. The work shows, at a population level, how psychological factors and human responses to risk might tailor the economic consequences of flood-related events. Implications for risk management and communication are discussed. © 2023 Elsevier Ltd",,,,,,,,,,,,,,,,,,,,,,,,,,,,,Agent-based models;Damage mitigation intentions;Flood hazard;Near-miss;Risk perception,,,,,,,
F3D6S2HL,,2025,"Vdovichena, O. and Krymska, A. and Koroliuk, Y. and Shymko, A. and Vdovichen, A.",The Role of Artificial Intelligence Technologies in Rebuilding the Post-war Economy and Ensuring Cyber Security: An Example from Ukraine,Theoretical (literature),"Exploratory, Decision Support / Policy Evaluation",Exploratory / Scenario-based,,,,10.56294/sctconf2025642,,"This paper explores the dual role of artificial intelligence (AI) technologies in Ukraine’s post-war economic recovery and cybersecurity using Agent-Based Modeling (ABM). The simulation reveals that sectors like manufacturing and banking rapidly adopt AI due to clear productivity and security benefits, leading to positive spillover effects across the broader economy. However, slower adoption in sectors such as agriculture and retail highlights the need for government intervention, such as subsidies and tax incentives, to ensure a balanced recovery. In cybersecurity, AI-enhanced defence mechanisms significantly improve threat detection and response, though they also introduce new vulnerabilities, requiring continuous system updates to stay ahead of evolving threats. The findings emphasise the importance of strategic AI adoption and adaptive cybersecurity policies in Ukraine’s post-war context, with implications for future economic stability and national security. The study also identifies critical areas for future research, including data validation and further exploration of AI vulnerabilities. © 2025; Los autores.",,,,,,,,,,,,,,,,,,,,,,,,,,,,,Cyber Security;Digital Transformation;Economic Recovery;Post-Conflict Regulation,,,,,,,
B9N4K7TP,,2023,"Hofstede, G.J. and Student, J. and Kramer, M.R.",The status–power arena: a comprehensive agent-based model of social status dynamics and gender in groups of children,Theoretical (literature),"Explanatory, Theoretical / Illustrative","Local (OAT/OFAT), Exploratory / Scenario-based",,,,10.1007/s00146-017-0793-5,,"Despite the urgency of this issue, AI still struggles to represent social life. This article presents a comprehensive agent-based model that investigates status-power dynamics in groups. Kemper’s sociological status–power theory of social relationships, and a literature review on school children in middle youth, is its basis. The model allows us to investigate causation of the near-ubiquitous phenomenon that females have lower social status on average than males. Possible causes included in the model are children’s dispositional traits (kindness, beauty, and physical power), schoolyard culture (social acceptability of fighting), behavioural strategy (amount of rough-and-tumble play) and the balance between public and dyadic sources of status. An agent-based model of a virtual schoolyard was created in which the children assemble in changing groups and mutually confer status. The status conferred upon a child modifies the status it holds. Rough-and-tumble is modelled as ambiguous: it is intended as a status conferral, but may be perceived as a power move. Running many trials of the model we found that in time, depending on the parameter settings, a gender-based status gap emerged. Rough-and-tumble play had more impact on emergent status differences than did physical power differences. Social acceptability of fighting also strongly moderated the resulting status gap. Placing more weight on dyadic relationship could alleviate status loss. All these model behaviours are in line with empirical findings of child behaviour studies at schools. They have face validity for social status issues in the adult world. We conclude from this that this kind of agent-based model merits use in studying the status–power dynamics of other issues in child behaviour, or indeed in social behaviour in general. © 2018, The Author(s).",,,,,,,,,,,,,,,,,,,,,,,,,,,,,Agent based model;Culture;Gender gap;Rough-and-tumble;Sociology;Status–power dynamics,,,,,,,
J1V8L3RF,,2024,"Bazyleva, V. and Garibay, V.M. and Roy, D.",Trajectory-based global sensitivity analysis in multiscale models,NA,NA,NA,,,,10.1038/s41598-024-64331-x,,"This research introduces a novel global sensitivity analysis (GSA) framework for agent-based models (ABMs) that explicitly handles their distinctive features, such as multi-level structure and temporal dynamics. The framework uses Grassmannian diffusion maps to reduce output data dimensionality and sparse polynomial chaos expansion (PCE) to compute sensitivity indices for stochastic input parameters. To demonstrate the versatility of the proposed GSA method, we applied it to a non-linear system dynamics model and epidemiological and economic ABMs, depicting different dynamics. Unlike traditional GSA approaches, the proposed method enables a more general estimation of parametric sensitivities spanning from the micro level (individual agents) to the macro level (entire population). The new framework encourages the use of manifold-based techniques in uncertainty quantification, enhances understanding of complex spatio-temporal processes, and equips ABM practitioners with robust tools for detailed model analysis. This empowers them to make more informed decisions when developing, fine-tuning, and verifying models, thereby advancing the field and improving routine practice for GSA in ABMs. © The Author(s) 2024.",,,,,,,,,,,,,,,,,,,,,,,,,,,,,Agent-based models;Complex systems analysis;Global sensitivity analysis;Grassmannian diffusion maps;Sobol’ indices;Sparse polynomial chaos expansion,,,,,,,
P5X9W2KZ,,2023,"Sengupta, S. and Kovalevsky, D.V. and Bouwer, L.M. and Scheffran, J.",Urban Planning of Coastal Adaptation under Sea-Level Rise: An Agent-Based Model in the VIABLE Framework,Theoretical (literature),"Theoretical / Illustrative, Decision Support / Policy Evaluation","Local (OAT/OFAT), Exploratory / Scenario-based",,,,10.3390/urbansci7030079,,"Coastal flood risk and sea-level rise require decisions on investment in coastal protection and, in some cases, the relocation of urban areas. Models that formalize the relations between flooding costs, protective investments, and relocation can improve the analysis of the processes and issues involved and help to support decision-making better. In this paper, an agent-based model of a coastal city is represented in NetLogo. This model is based on the VIABLE modeling framework and describes adaptive dynamic agent behavior in a changing system. The hypothetical city faces damage caused by gradually rising sea levels and subsequent extreme sea-level events. To mitigate these risks, an “urban planner” agent has two adaptation measures at their disposal: developing coastal defenses or, as a more extreme measure, relocating vulnerable areas inland. As the simulation progresses and the decisions change with rising sea levels, the agent alters investments in these two measures to increase its value function, resulting in dynamic reactive behavior. Additionally, gradual sea-level rise is implemented in various modes, along with extreme sea-level events that cause severe short-term damage. The results of simulations under these modes and with multiple scenarios of agent action are presented. On average, agent behavior is quite reactive under limited foresight. Individual simulations yield a ‘priming’ effect when comparing different timings of extreme sea-level events, wherein an earlier extreme event primes the agent to adapt and thus be better prepared for subsequent events. Agent success with adaptation is also found to be sensitive to the costs involved, and these varying degrees of adaptation success are quantified using three parameters of adaptation success. © 2023 by the authors.",,,,,,,,,,,,,,,,,,,,,,,,,,,,,agent-based modeling;climate change adaptation;coastal city;relocation;urban adaptation;urban dynamics;VIABLE framework,,,,,,,
G2M4N8ST,,2022,"Alm, J. and Gerbrands, P. and Kirchler, E.",Using “responsive regulation” to reduce tax base erosion,Empirical (macro),"Exploratory, Decision Support / Policy Evaluation",Exploratory / Scenario-based,,,,10.1111/rego.12359,,"How can governments get individuals and firms to pay taxes, especially given increasing tax base erosion via tax evasion, tax avoidance, and money laundering? In this paper we discuss the many different perspectives to explain why people pay – and do not pay – their taxes, especially perspectives based on “responsive regulation,” and we use then these perspectives to suggest policies that governments may use to improve tax collections. We first describe an approach that is based on a single individual pursuing a single motivation by choosing a single method (tax evasion) and operating in a single country. This perspective has generated important insights, but it nonetheless has significant limitations. As a result, we then argue that this perspective must be expanded to include additional actors in the field, all pursuing additional motivations. We also expand our discussion to include additional methods of tax base erosion like tax avoidance and money laundering, as well as additional countries. We argue that explaining behavior and then devising appropriate policies requires incorporating all of these additional considerations. We also discuss the likely impact of technological innovations both on the ability of governments to collect taxes and on the ability of private agents to reduce their taxes. An important contribution of our paper is that we simulate the effects of all of these expansions to the basic model using a novel agent-based model that is fully grounded in theory and calibrated for 33 European economics. We use this model to simulate the impacts over time of various reforms, especially reforms that implement international information-sharing programs, by comparing tax base erosion in the absence of these reforms to erosion in their presence. Our simulation results demonstrate the importance of using a fully specified theoretical model that goes well beyond the standard economics of crime approach when considering the effects of government policy innovations. We conclude with recommendations that can in principle reduce tax base erosion via evasion, avoidance, and money laundering in the current multi-dimensional environment as derived from the responsive regulation framework. However, these recommendations require a firm commitment from governments to their tax administrations, and these recommendations also cannot be introduced unilaterally by a single country but require international cooperation, especially via information sharing across borders. © 2020 The Authors. Regulation & Governance published by John Wiley & Sons Australia, Ltd.",,,,,,,,,,,,,,,,,,,,,,,,,,,,,money laundering;tax avoidance;tax base erosion;tax evasion;“slippery slope” framework,,,,,,,
W9K1X4LY,,2022,"Nashebi, R. and Sari, M. and Kotil, S.","Using a real-world network to model the trade-off between stay-at-home restriction, vaccination, social distancing and working hours on COVID-19 dynamics",Empirical (micro),"Predictive, Decision Support / Policy Evaluation","Exploratory / Scenario-based, Regression / Statistical Inference",,,,10.7717/peerj.14353,,"Background. Human behaviour, economic activity, vaccination, and social distancing are inseparably entangled in epidemic management. This study aims to investigate the effects of various parameters such as stay-at-home restrictions, work hours, vaccination, and social distance on the containment of pandemics such as COVID-19. Methods. To achieve this, we have developed an agent based model based on a time-dynamic graph with stochastic transmission events. The graph is constructed from a real-world social network. The edges of graph have been categorized into three categories: home, workplaces, and social environment. The conditions needed to mitigate the spread of wild-type COVID-19 and the delta variant have been analyzed. Our purposeful agent based model has carefully executed tens of thousands of individual-based simulations. We propose simple relationships for the trade-offs between effective reproduction number (R<inf>e</inf>), transmission rate, working hours, vaccination, and stay-at-home restrictions. Results. We have found that the effect of a 13.6% increase in vaccination for wild-type (WT) COVID-19 is equivalent to reducing four hours of work or a one-day stay-at-home restriction. For the delta, 20.2% vaccination has the same effect. Also, since we can keep track of household and non-household infections, we observed that the change in household transmission rate does not significantly alter the R<inf>e</inf>. Household infections are not limited by transmission rate due to the high frequency of connections. For the specifications of COVID-19, the R<inf>e</inf> depends on the non-household transmissions rate. Conclusions. Our findings highlight that decreasing working hours is the least effective among the non-pharmaceutical interventions. Our results suggest that policymakers decrease work-related activities as a last resort and should probably not do so when the effects are minimal, as shown. Furthermore, the enforcement of stay-at-home restrictions is moderately effective and can be used in conjunction with other measures if absolutely necessary. © 2022 Nashebi et al.",,,,,,,,,,,,,,,,,,,,,,,,,,,,,Agent-based model;COVID-19;Household transmission;Pandemic;Social network;Stay-at-home policy;Working hours,,,,,,,
X4N7V2BR,,2019,"Van Oel, P.R. and Mulatu, D.W. and Odongo, V.O. and Willy, D.K. and van der Veen, A.",Using Data on Social Influence and Collective Action for Parameterizing a Geographically-Explicit Agent-Based Model for the Diffusion of Soil Conservation Efforts,Empirical (micro),"Theoretical / Illustrative, Decision Support / Policy Evaluation",Local (OAT/OFAT),,,,10.1007/s10666-018-9638-y,,"Social influence affects individual decision-making on soil conservation. Understanding the emergent diffusion of collective conservation effort is relevant to natural resource management at the river basin level. This study focuses on the effect of subjective norms and collective action on the diffusion of Soil Conservation Effort (SCE) in the Lake Naivasha basin (Kenya) for the period 1965–2010. A geographically-explicit Agent-Based Model (ABM) version of the CONSUMAT model was developed: the CONSERVAT model. In our model, we have represented heterogeneity in the physical environment and in the social network using empirical data. To parameterize the model, physical data, and social data from a household survey (n = 307) were used. Model simulation results show that it is possible to reproduce empirical spatiotemporal diffusion patterns of SCE levels which are quite sensitive to the way in which social survey data are used to initialize the model. Overall, this study demonstrates (i) that social survey data can effectively be used for parameterization of a geographically-explicit ABM, and (ii) that empirical knowledge on natural environment characteristics and social phenomena can be used to build an agent-based model at the river basin level. This study is an important first step towards including subjective norms for evaluating the effectiveness of alternative policy strategies for natural resource management. © 2018, The Author(s).",,,,,,,,,,,,,,,,,,,,,,,,,,,,,Agent-based modeling;Kenya;Lake Naivasha basin;Sedimentation;Soil conservation;Spatial diffusion;Subjective norms,,,,,,,